Protocollo;Gruppo;DataOraIncidente;Localizzazione1;STRADA1;Localizzazione2;STRADA2;Strada02;Chilometrica;DaSpecificare;NaturaIncidente;particolaritastrade;TipoStrada;FondoStradale;Pavimentazione;Segnaletica;CondizioneAtmosferica;Traffico;Visibilita;Illuminazione;NUM_FERITI;NUM_RISERVATA;NUM_MORTI;NUM_ILLESI;Longitudine;Latitudine;Confermato;Progressivo;TipoVeicolo;StatoVeicolo;TipoPersona;Sesso;Tipolesione;Deceduto;DecedutoDopo;CinturaCascoUtilizzato;Airbag;
5085527;5;01/10/2020 11:30:00;Strada Urbana;VIA GIGGI SPADUCCI;all'intersezione con;VIA GOFFREDO CIARALLI;VIA GOFFREDO CIARALLI;;;Scontro laterale fra veicoli in marcia;Incrocio;Una carreggiata a doppio senso;Asciutto;Asfaltata;Verticale ed orizzontale;Sereno;Normale;Buona;;0;0;0;2;12.5716;41.9495;-1;2;Autovettura privata;In marcia / fermata / arresto;Conducente;F;Illeso;0;;Non accertato;Inesploso
5085540;18;01/10/2020 16:45:00;Strada Urbana;VIA NICOLO' PICCOLOMINI;in prossimit�;;del civico n.;2;;Tamponamento Multiplo;Rettilineo;Una carreggiata a doppio senso;Asciutto;Asfaltata;Verticale ed orizzontale;Sereno;Normale;Buona;;5;0;0;2;12.4411;41.8898;-1;1;Autovettura privata;In marcia / fermata / arresto;Conducente;M;Illeso;0;;Non accertato;Inesploso
5085540;18;01/10/2020 16:45:00;Strada Urbana;VIA NICOLO' PICCOLOMINI;in prossimit�;;del civico n.;2;;Tamponamento Multiplo;Rettilineo;Una carreggiata a doppio senso;Asciutto;Asfaltata;Verticale ed orizzontale;Sereno;Normale;Buona;;5;0;0;2;12.4411;41.8898;-1;2;Autovettura privata;In marcia / fermata / arresto;Conducente;M;Illeso;0;;Non accertato;Inesploso
5085540;18;01/10/2020 16:45:00;Strada Urbana;VIA NICOLO' PICCOLOMINI;in prossimit�;;del civico n.;2;;Tamponamento Multiplo;Rettilineo;Una carreggiata a doppio senso;Asciutto;Asfaltata;Verticale ed orizzontale;Sereno;Normale;Buona;;5;0;0;2;12.4411;41.8898;-1;2;Autovettura privata;In marcia / fermata / arresto;Passeggero;F;Rimandato;0;NON DECEDUTO;Non accertato;Inesploso
5085540;18;01/10/2020 16:45:00;Strada Urbana;VIA NICOLO' PICCOLOMINI;in prossimit�;;del civico n.;2;;Tamponamento Multiplo;Rettilineo;Una carreggiata a doppio senso;Asciutto;Asfaltata;Verticale ed orizzontale;Sereno;Normale;Buona;;5;0;0;2;12.4411;41.8898;-1;3;Autovettura privata;In marcia / fermata / arresto;Conducente;F;Rimandato;0;NON DECEDUTO;Non accertato;Inesploso
5085540;18;01/10/2020 16:45:00;Strada Urbana;VIA NICOLO' PICCOLOMINI;in prossimit�;;del civico n.;2;;Tamponamento Multiplo;Rettilineo;Una carreggiata a doppio senso;Asciutto;Asfaltata;Verticale ed orizzontale;Sereno;Normale;Buona;;5;0;0;2;12.4411;41.8898;-1;3;Autovettura privata;In marcia / fermata / arresto;Passeggero;F;Rimandato;0;NON DECEDUTO;Non accertato;Inesploso
5085540;18;01/10/2020 16:45:00;Strada Urbana;VIA NICOLO' PICCOLOMINI;in prossimit�;;del civico n.;2;;Tamponamento Multiplo;Rettilineo;Una carreggiata a doppio senso;Asciutto;Asfaltata;Verticale ed orizzontale;Sereno;Normale;Buona;;5;0;0;2;12.4411;41.8898;-1;3;Autovettura privata;In marcia / fermata / arresto;Passeggero;F;Rimandato;0;NON DECEDUTO;Non accertato;Inesploso
5085540;18;01/10/2020 16:45:00;Strada Urbana;VIA NICOLO' PICCOLOMINI;in prossimit�;;del civico n.;2;;Tamponamento Multiplo;Rettilineo;Una carreggiata a doppio senso;Asciutto;Asfaltata;Verticale ed orizzontale;Sereno;Normale;Buona;;5;0;0;2;12.4411;41.8898;-1;3;Autovettura privata;In marcia / fermata / arresto;Passeggero;M;Rimandato;0;NON DECEDUTO;Non accertato;Inesploso
5085551;5;01/10/2020 15:05:00;Strada Urbana;VIA ALDO SANDULLI;all'intersezione con;VIA DONATO MENICHELLA;VIA DONATO MENICHELLA;;;Scontro frontale/laterale DX fra veicoli in marcia;Incrocio;Due carreggiate;Asciutto;Asfaltata;Verticale ed orizzontale;Sereno;Normale;Buona;;1;0;0;1;12.5858;41.9479;-1;1;Autovettura privata;In marcia / fermata / arresto;Conducente;M;Illeso;0;;Non accertato;Inesploso
5085551;5;01/10/2020 15:05:00;Strada Urbana;VIA ALDO SANDULLI;all'intersezione con;VIA DONATO MENICHELLA;VIA DONATO MENICHELLA;;;Scontro frontale/laterale DX fra veicoli in marcia;Incrocio;Due carreggiate;Asciutto;Asfaltata;Verticale ed orizzontale;Sereno;Normale;Buona;;1;0;0;1;12.5858;41.9479;-1;2;Motociclo a solo;In marcia / fermata / arresto;Conducente;M;Rimandato;0;NON DECEDUTO;Non accertato;
5085553;4;01/10/2020 17:20:00;Strada Urbana;VIA RENATO FUCINI;in prossimit�;;del civico n.;28;;Tamponamento;Rettilineo;Due carreggiate;Asciutto;Asfaltata;Assente;Sereno;Normale;Buona;;1;0;0;4;12.5448;41.9531;-1;1;Autovettura privata;In marcia / fermata / arresto;Conducente;F;Rifiuta cure immediate;0;NON DECEDUTO;Non accertato;Inesploso
5085553;4;01/10/2020 17:20:00;Strada Urbana;VIA RENATO FUCINI;in prossimit�;;del civico n.;28;;Tamponamento;Rettilineo;Due carreggiate;Asciutto;Asfaltata;Assente;Sereno;Normale;Buona;;1;0;0;4;12.5448;41.9531;-1;2;Autovettura privata;In marcia / fermata / arresto;Conducente;M;Illeso;0;;Non accertato;Inesploso
5085553;4;01/10/2020 17:20:00;Strada Urbana;VIA RENATO FUCINI;in prossimit�;;del civico n.;28;;Tamponamento;Rettilineo;Due carreggiate;Asciutto;Asfaltata;Assente;Sereno;Normale;Buona;;1;0;0;4;12.5448;41.9531;-1;2;Autovettura privata;In marcia / fermata / arresto;Passeggero;M;Illeso;0;;Non accertato;Inesploso
5085553;4;01/10/2020 17:20:00;Strada Urbana;VIA RENATO FUCINI;in prossimit�;;del civico n.;28;;Tamponamento;Rettilineo;Due carreggiate;Asciutto;Asfaltata;Assente;Sereno;Normale;Buona;;1;0;0;4;12.5448;41.9531;-1;2;Autovettura privata;In marcia / fermata / arresto;Passeggero;M;Illeso;0;;Non accertato;Inesploso
5085553;4;01/10/2020 17:20:00;Strada Urbana;VIA RENATO FUCINI;in prossimit�;;del civico n.;28;;Tamponamento;Rettilineo;Due carreggiate;Asciutto;Asfaltata;Assente;Sereno;Normale;Buona;;1;0;0;4;12.5448;41.9531;-1;2;Autovettura privata;In marcia / fermata / arresto;Passeggero;M;Illeso;0;;;
5085581;16;01/10/2020 06:30:00;Strada Urbana;VIA PIO FOA';in corrispondenza;;del civico n.;49;;Veicolo in marcia contro veicoli in sosta;Rettilineo;Una carreggiata a doppio senso;Asciutto;Asfaltata;Verticale ed orizzontale;Sereno;Normale;Buona;;0;0;0;1;12.448;41.8789;-1;1;Autovettura privata;In marcia / fermata / arresto;Conducente;F;Illeso;0;;Non utilizzato;Inesploso
5085581;16;01/10/2020 06:30:00;Strada Urbana;VIA PIO FOA';in corrispondenza;;del civico n.;49;;Veicolo in marcia contro veicoli in sosta;Rettilineo;Una carreggiata a doppio senso;Asciutto;Asfaltata;Verticale ed orizzontale;Sereno;Normale;Buona;;0;0;0;1;12.448;41.8789;-1;2;Autovettura privata;Sosta;;;;;;;
5085581;16;01/10/2020 06:30:00;Strada Urbana;VIA PIO FOA';in corrispondenza;;del civico n.;49;;Veicolo in marcia contro veicoli in sosta;Rettilineo;Una carreggiata a doppio senso;Asciutto;Asfaltata;Verticale ed orizzontale;Sereno;Normale;Buona;;0;0;0;1;12.448;41.8789;-1;3;Autovettura privata;Sosta;;;;;;;
5085581;16;01/10/2020 06:30:00;Strada Urbana;VIA PIO FOA';in corrispondenza;;del civico n.;49;;Veicolo in marcia contro veicoli in sosta;Rettilineo;Una carreggiata a doppio senso;Asciutto;Asfaltata;Verticale ed orizzontale;Sereno;Normale;Buona;;0;0;0;1;12.448;41.8789;-1;4;Autovettura privata;Sosta;;;;;;;
5085602;4;01/10/2020 22:00:00;Provinciale entro l'abitato;VIA NOMENTANA NUOVA;da specificare;;;;in prossimit� di Via Valsolda;Scontro laterale fra veicoli in marcia;Rettilineo;Una carreggiata a doppio senso;Asciutto;Asfaltata;Verticale ed orizzontale;Sereno;Scarso;Sufficiente;;0;0;0;5;12.5736;41.959;-1;1;Autovettura privata;In marcia / fermata / arresto;Conducente;M;Illeso;0;;;
5085602;4;01/10/2020 22:00:00;Provinciale entro l'abitato;VIA NOMENTANA NUOVA;da specificare;;;;in prossimit� di Via Valsolda;Scontro laterale fra veicoli in marcia;Rettilineo;Una carreggiata a doppio senso;Asciutto;Asfaltata;Verticale ed orizzontale;Sereno;Scarso;Sufficiente;;0;0;0;5;12.5736;41.959;-1;1;Autovettura privata;In marcia / fermata / arresto;Passeggero;M;Illeso;0;;;
5085602;4;01/10/2020 22:00:00;Provinciale entro l'abitato;VIA NOMENTANA NUOVA;da specificare;;;;in prossimit� di Via Valsolda;Scontro laterale fra veicoli in marcia;Rettilineo;Una carreggiata a doppio senso;Asciutto;Asfaltata;Verticale ed orizzontale;Sereno;Scarso;Sufficiente;;0;0;0;5;12.5736;41.959;-1;1;Autovettura privata;In marcia / fermata / arresto;Passeggero;F;Illeso;0;;;
5085602;4;01/10/2020 22:00:00;Provinciale entro l'abitato;VIA NOMENTANA NUOVA;da specificare;;;;in prossimit� di Via Valsolda;Scontro laterale fra veicoli in marcia;Rettilineo;Una carreggiata a doppio senso;Asciutto;Asfaltata;Verticale ed orizzontale;Sereno;Scarso;Sufficiente;;0;0;0;5;12.5736;41.959;-1;2;Autovettura privata;In marcia / fermata / arresto;Conducente;M;Illeso;0;;;
5085602;4;01/10/2020 22:00:00;Provinciale entro l'abitato;VIA NOMENTANA NUOVA;da specificare;;;;in prossimit� di Via Valsolda;Scontro laterale fra veicoli in marcia;Rettilineo;Una carreggiata a doppio senso;Asciutto;Asfaltata;Verticale ed orizzontale;Sereno;Scarso;Sufficiente;;0;0;0;5;12.5736;41.959;-1;2;Autovettura privata;In marcia / fermata / arresto;Passeggero;M;Illeso;0;;;
5085612;13;01/10/2020 16:15:00;Strada Urbana;LUNGOMARE DUILIO;da specificare;;;;alt. stabilimento plinius;Tamponamento Multiplo;Rettilineo;Una carreggiata a senso unico di marcia;Asciutto;Asfaltata;Verticale ed orizzontale;Sereno;Normale;Buona;;1;0;0;3;12.2934;41.7236;-1;1;Autovettura privata;In marcia / fermata / arresto;Conducente;M;Illeso;0;;Non accertato;Inesploso
5085612;13;01/10/2020 16:15:00;Strada Urbana;LUNGOMARE DUILIO;da specificare;;;;alt. stabilimento plinius;Tamponamento Multiplo;Rettilineo;Una carreggiata a senso unico di marcia;Asciutto;Asfaltata;Verticale ed orizzontale;Sereno;Normale;Buona;;1;0;0;3;12.2934;41.7236;-1;2;Autovettura privata;In marcia / fermata / arresto;Conducente;M;Rimandato;0;NON DECEDUTO;Non accertato;Inesploso
5085612;13;01/10/2020 16:15:00;Strada Urbana;LUNGOMARE DUILIO;da specificare;;;;alt. stabilimento plinius;Tamponamento Multiplo;Rettilineo;Una carreggiata a senso unico di marcia;Asciutto;Asfaltata;Verticale ed orizzontale;Sereno;Normale;Buona;;1;0;0;3;12.2934;41.7236;-1;3;Autovettura privata;In marcia / fermata / arresto;Conducente;M;Illeso;0;;Non accertato;Inesploso
5085612;13;01/10/2020 16:15:00;Strada Urbana;LUNGOMARE DUILIO;da specificare;;;;alt. stabilimento plinius;Tamponamento Multiplo;Rettilineo;Una carreggiata a senso unico di marcia;Asciutto;Asfaltata;Verticale ed orizzontale;Sereno;Normale;Buona;;1;0;0;3;12.2934;41.7236;-1;3;Autovettura privata;In marcia / fermata / arresto;Passeggero;F;Illeso;0;;Non accertato;Inesploso
5085622;2;01/10/2020 12:44:00;Strada Urbana;VIA SALARIA;in prossimit�;;del civico n.;434;;Tamponamento;Rettilineo;Una carreggiata a doppio senso;Asciutto;Asfaltata;Temporanea di cantiere;Sereno;Normale;Buona;;1;0;0;2;12.5092;41.9311;-1;1;Autovettura privata;In marcia / fermata / arresto;Conducente;M;Illeso;0;;;
5085622;2;01/10/2020 12:44:00;Strada Urbana;VIA SALARIA;in prossimit�;;del civico n.;434;;Tamponamento;Rettilineo;Una carreggiata a doppio senso;Asciutto;Asfaltata;Temporanea di cantiere;Sereno;Normale;Buona;;1;0;0;2;12.5092;41.9311;-1;1;Autovettura privata;In marcia / fermata / arresto;Passeggero;F;Illeso;0;;;
5085622;2;01/10/2020 12:44:00;Strada Urbana;VIA SALARIA;in prossimit�;;del civico n.;434;;Tamponamento;Rettilineo;Una carreggiata a doppio senso;Asciutto;Asfaltata;Temporanea di cantiere;Sereno;Normale;Buona;;1;0;0;2;12.5092;41.9311;-1;2;Motociclo a solo;In marcia / fermata / arresto;Conducente;M;Rimandato;0;NON DECEDUTO;;
5085627;2;01/10/2020 15:15:00;Strada Urbana;VIA LAGO TANA;da specificare;;;;pross. via Tripolitania;Veicolo in marcia contro veicoli in sosta;Rettilineo;Una carreggiata a senso unico di marcia;Asciutto;Asfaltata;Verticale ed orizzontale;Sereno;Normale;Buona;;0;0;0;1;12.5213;41.9311;-1;1;Autocarro inferiore 35 q.;In marcia / fermata / arresto;Conducente;M;Illeso;0;;;
5085627;2;01/10/2020 15:15:00;Strada Urbana;VIA LAGO TANA;da specificare;;;;pross. via Tripolitania;Veicolo in marcia contro veicoli in sosta;Rettilineo;Una carreggiata a senso unico di marcia;Asciutto;Asfaltata;Verticale ed orizzontale;Sereno;Normale;Buona;;0;0;0;1;12.5213;41.9311;-1;2;Autovettura privata;Sosta;;;;;;;
5085627;2;01/10/2020 15:15:00;Strada Urbana;VIA LAGO TANA;da specificare;;;;pross. via Tripolitania;Veicolo in marcia contro veicoli in sosta;Rettilineo;Una carreggiata a senso unico di marcia;Asciutto;Asfaltata;Verticale ed orizzontale;Sereno;Normale;Buona;;0;0;0;1;12.5213;41.9311;-1;3;Autovettura privata;Sosta;;;;;;;
5085627;2;01/10/2020 15:15:00;Strada Urbana;VIA LAGO TANA;da specificare;;;;pross. via Tripolitania;Veicolo in marcia contro veicoli in sosta;Rettilineo;Una carreggiata a senso unico di marcia;Asciutto;Asfaltata;Verticale ed orizzontale;Sereno;Normale;Buona;;0;0;0;1;12.5213;41.9311;-1;4;Autovettura privata;Sosta;;;;;;;
5085638;4;02/10/2020 02:40:00;Provinciale entro l'abitato;VIA NOMENTANA;in corrispondenza;;del civico n.;877G;;Veicolo in marcia contro veicolo fermo;Rettilineo;Una carreggiata a doppio senso;Asciutto;Asfaltata;Assente;Sereno;Scarso;Buona;;1;0;0;3;12.5538;41.9418;-1;1;Autovettura pubblica;In marcia / fermata / arresto;Conducente;M;Illeso;0;;;
5085638;4;02/10/2020 02:40:00;Provinciale entro l'abitato;VIA NOMENTANA;in corrispondenza;;del civico n.;877G;;Veicolo in marcia contro veicolo fermo;Rettilineo;Una carreggiata a doppio senso;Asciutto;Asfaltata;Assente;Sereno;Scarso;Buona;;1;0;0;3;12.5538;41.9418;-1;1;Autovettura pubblica;In marcia / fermata / arresto;Passeggero;M;Illeso;0;;;
5085638;4;02/10/2020 02:40:00;Provinciale entro l'abitato;VIA NOMENTANA;in corrispondenza;;del civico n.;877G;;Veicolo in marcia contro veicolo fermo;Rettilineo;Una carreggiata a doppio senso;Asciutto;Asfaltata;Assente;Sereno;Scarso;Buona;;1;0;0;3;12.5538;41.9418;-1;1;Autovettura pubblica;In marcia / fermata / arresto;Passeggero;F;Illeso;0;;;
5085638;4;02/10/2020 02:40:00;Provinciale entro l'abitato;VIA NOMENTANA;in corrispondenza;;del civico n.;877G;;Veicolo in marcia contro veicolo fermo;Rettilineo;Una carreggiata a doppio senso;Asciutto;Asfaltata;Assente;Sereno;Scarso;Buona;;1;0;0;3;12.5538;41.9418;-1;2;Motociclo a solo;In marcia / fermata / arresto;Conducente;M;Rimandato;0;NON DECEDUTO;;
5085655;13;02/10/2020 00:30:00;Strada Urbana;VIA FABIANO LANDI;all'intersezione con;VIA VIGGIU';VIA VIGGIU';;;Ribaltamento senza urto contro ostacolo fisso;Intersezione stradale segnalata;Una carreggiata a doppio senso;Asciutto;Asfaltata;Orizzontale;Sereno;Scarso;Buona;;1;0;0;0;12.3743;41.7863;-1;1;Autovettura privata;In marcia / fermata / arresto;Conducente;M;Rimandato;0;NON DECEDUTO;;Inesploso
5085712;11;02/10/2020 09:30:00;Strada Urbana;VIA DELLE SETTE CHIESE;in prossimit�;;del civico n.;300;;Scontro frontale/laterale DX fra veicoli in marcia;Rettilineo;Una carreggiata a doppio senso;Asciutto;Asfaltata;Verticale ed orizzontale;Sereno;Normale;Buona;;0;0;0;2;12.5087;41.8582;-1;1;Autovettura privata;In marcia / fermata / arresto;Conducente;M;Illeso;0;;Non accertato;Inesploso
5085712;11;02/10/2020 09:30:00;Strada Urbana;VIA DELLE SETTE CHIESE;in prossimit�;;del civico n.;300;;Scontro frontale/laterale DX fra veicoli in marcia;Rettilineo;Una carreggiata a doppio senso;Asciutto;Asfaltata;Verticale ed orizzontale;Sereno;Normale;Buona;;0;0;0;2;12.5087;41.8582;-1;2;Autovettura privata;In marcia / fermata / arresto;Conducente;M;Illeso;0;;Non accertato;Inesploso
5085735;17;01/10/2020 11:05:00;Strada Urbana;VIALE ANGELICO;all'intersezione con;VIALE GIUSEPPE MAZZINI;VIALE GIUSEPPE MAZZINI;;;Scontro laterale fra veicoli in marcia;Intersezione semaforizzata;Due carreggiate;Asciutto;Asfaltata;Verticale ed orizzontale;Sereno;Normale;Buona;;1;0;0;1;12.4584;41.9154;-1;1;Autovettura privata;In marcia / fermata / arresto;Conducente;F;Illeso;0;;;
5085735;17;01/10/2020 11:05:00;Strada Urbana;VIALE ANGELICO;all'intersezione con;VIALE GIUSEPPE MAZZINI;VIALE GIUSEPPE MAZZINI;;;Scontro laterale fra veicoli in marcia;Intersezione semaforizzata;Due carreggiate;Asciutto;Asfaltata;Verticale ed orizzontale;Sereno;Normale;Buona;;1;0;0;1;12.4584;41.9154;-1;2;Motociclo con passeggero;In marcia / fermata / arresto;Conducente;M;Rimandato;0;NON DECEDUTO;;
5085756;9;02/10/2020 03:41:00;Strada Urbana;VIA FALERIA;in corrispondenza;;del civico n.;18;;Veicolo in marcia contro veicolo in sosta;Rettilineo;Una carreggiata a senso unico di marcia;Asciutto;Asfaltata;Verticale ed orizzontale;Sereno;Scarso;Buona;;0;0;0;0;12.511;41.8837;-1;2;Autovettura privata;Sosta;;;;;;;
5085779;17;01/10/2020 17:50:00;Strada Urbana;LUNGOTEVERE DEI MELLINI;da specificare;;;;altezza VIA ENNIO QUIRINO VISCONTI;Investimento di pedone;Rettilineo;Due carreggiate;Asciutto;Asfaltata;Verticale ed orizzontale;Sereno;Normale;Buona;;1;0;0;0;12.4722;41.9085;0;;;;Pedone;F;Rimandato;0;NON DECEDUTO;;
5085779;17;01/10/2020 17:50:00;Strada Urbana;LUNGOTEVERE DEI MELLINI;da specificare;;;;altezza VIA ENNIO QUIRINO VISCONTI;Investimento di pedone;Rettilineo;Due carreggiate;Asciutto;Asfaltata;Verticale ed orizzontale;Sereno;Normale;Buona;;1;0;0;0;12.4722;41.9085;0;1;Autovettura privata;Allontanatosi;;;;;;;
5085787;17;01/10/2020 11:30:00;Strada Urbana;VIA LEONE IV;in prossimit�;;del civico n.;38;;Scontro laterale fra veicoli in marcia;Rettilineo;Una carreggiata a doppio senso;Asciutto;Asfaltata;Verticale ed orizzontale;Sereno;Intenso;Buona;;0;0;0;5;12.455;41.9091;-1;1;Autovettura privata;In marcia / fermata / arresto;Conducente;M;Illeso;0;;;
5085787;17;01/10/2020 11:30:00;Strada Urbana;VIA LEONE IV;in prossimit�;;del civico n.;38;;Scontro laterale fra veicoli in marcia;Rettilineo;Una carreggiata a doppio senso;Asciutto;Asfaltata;Verticale ed orizzontale;Sereno;Intenso;Buona;;0;0;0;5;12.455;41.9091;-1;2;Autovettura pubblica;In marcia / fermata / arresto;Conducente;M;Illeso;0;;;
5085787;17;01/10/2020 11:30:00;Strada Urbana;VIA LEONE IV;in prossimit�;;del civico n.;38;;Scontro laterale fra veicoli in marcia;Rettilineo;Una carreggiata a doppio senso;Asciutto;Asfaltata;Verticale ed orizzontale;Sereno;Intenso;Buona;;0;0;0;5;12.455;41.9091;-1;3;Motociclo con passeggero;In marcia / fermata / arresto;Conducente;M;Illeso;0;;;
5085787;17;01/10/2020 11:30:00;Strada Urbana;VIA LEONE IV;in prossimit�;;del civico n.;38;;Scontro laterale fra veicoli in marcia;Rettilineo;Una carreggiata a doppio senso;Asciutto;Asfaltata;Verticale ed orizzontale;Sereno;Intenso;Buona;;0;0;0;5;12.455;41.9091;-1;3;Motociclo con passeggero;In marcia / fermata / arresto;Passeggero;M;Illeso;0;;;
5085787;17;01/10/2020 11:30:00;Strada Urbana;VIA LEONE IV;in prossimit�;;del civico n.;38;;Scontro laterale fra veicoli in marcia;Rettilineo;Una carreggiata a doppio senso;Asciutto;Asfaltata;Verticale ed orizzontale;Sereno;Intenso;Buona;;0;0;0;5;12.455;41.9091;-1;4;Motociclo a solo;In marcia / fermata / arresto;Conducente;M;Illeso;0;;;
5085860;12;02/10/2020 08:25:00;Strada Urbana;VIA DELLA CECCHIGNOLA;da specificare;;;;altezza rotatoria Via di Tor Pagnotta;Tamponamento;Rotatoria;Una carreggiata a doppio senso;Asciutto;Asfaltata;Assente;Sereno;Normale;Buona;;1;0;0;2;12.5067;41.8039;-1;1;Autovettura privata;In marcia / fermata / arresto;Conducente;F;Rimandato;0;NON DECEDUTO;Non accertato;Inesploso
5085860;12;02/10/2020 08:25:00;Strada Urbana;VIA DELLA CECCHIGNOLA;da specificare;;;;altezza rotatoria Via di Tor Pagnotta;Tamponamento;Rotatoria;Una carreggiata a doppio senso;Asciutto;Asfaltata;Assente;Sereno;Normale;Buona;;1;0;0;2;12.5067;41.8039;-1;1;Autovettura privata;In marcia / fermata / arresto;Passeggero;M;Illeso;0;;Non accertato;Inesistente
5085860;12;02/10/2020 08:25:00;Strada Urbana;VIA DELLA CECCHIGNOLA;da specificare;;;;altezza rotatoria Via di Tor Pagnotta;Tamponamento;Rotatoria;Una carreggiata a doppio senso;Asciutto;Asfaltata;Assente;Sereno;Normale;Buona;;1;0;0;2;12.5067;41.8039;-1;2;Autovettura privata;In marcia / fermata / arresto;Conducente;M;Illeso;0;;Non accertato;Inesploso
5085869;17;01/10/2020 14:40:00;Strada Urbana;VIA LEPANTO;in corrispondenza;;del civico n.;6;;Scontro laterale fra veicoli in marcia;Rettilineo;Una carreggiata a doppio senso;Asciutto;Asfaltata;Verticale ed orizzontale;Sereno;Normale;Buona;;0;0;0;2;12.4655;41.9128;-1;1;Autovettura privata;In marcia / fermata / arresto;Conducente;F;Illeso;0;;;
5085869;17;01/10/2020 14:40:00;Strada Urbana;VIA LEPANTO;in corrispondenza;;del civico n.;6;;Scontro laterale fra veicoli in marcia;Rettilineo;Una carreggiata a doppio senso;Asciutto;Asfaltata;Verticale ed orizzontale;Sereno;Normale;Buona;;0;0;0;2;12.4655;41.9128;-1;2;Motociclo a solo;In marcia / fermata / arresto;Conducente;M;Illeso;0;;;
5085869;17;01/10/2020 14:40:00;Strada Urbana;VIA LEPANTO;in corrispondenza;;del civico n.;6;;Scontro laterale fra veicoli in marcia;Rettilineo;Una carreggiata a doppio senso;Asciutto;Asfaltata;Verticale ed orizzontale;Sereno;Normale;Buona;;0;0;0;2;12.4655;41.9128;-1;3;Autovettura privata;Sosta;;;;;;;
5085904;20;02/10/2020 10:20:00;Strada Urbana;VIA FLAMINIA;in prossimit�;;del civico n.;473;;Investimento di pedone;Curva a visuale libera;Una carreggiata a senso unico di marcia;Asciutto;Asfaltata;Assente;Nuvoloso;Normale;Buona;;1;0;0;1;12.4676;41.9379;-1;;;;Pedone;M;Rimandato;0;NON DECEDUTO;;
5085904;20;02/10/2020 10:20:00;Strada Urbana;VIA FLAMINIA;in prossimit�;;del civico n.;473;;Investimento di pedone;Curva a visuale libera;Una carreggiata a senso unico di marcia;Asciutto;Asfaltata;Assente;Nuvoloso;Normale;Buona;;1;0;0;1;12.4676;41.9379;-1;1;Autocarro inferiore 35 q.;In marcia / fermata / arresto;Conducente;M;Illeso;0;;Non accertato;Inesploso
5085968;13;02/10/2020 07:50:00;Strada Urbana;VIA OSTIENSE;all'intersezione con;VIA PAVULLO NEL FRIGNANO;VIA PAVULLO NEL FRIGNANO;;;Veicolo in marcia contro veicolo arresto;Incrocio;Una carreggiata a doppio senso;Asciutto;Asfaltata;Verticale ed orizzontale;Sereno;Normale;Buona;;1;0;0;1;12.3944;41.7935;-1;1;Autovettura privata;In marcia / fermata / arresto;Conducente;F;Illeso;0;;Non accertato;Inesploso
5085968;13;02/10/2020 07:50:00;Strada Urbana;VIA OSTIENSE;all'intersezione con;VIA PAVULLO NEL FRIGNANO;VIA PAVULLO NEL FRIGNANO;;;Veicolo in marcia contro veicolo arresto;Incrocio;Una carreggiata a doppio senso;Asciutto;Asfaltata;Verticale ed orizzontale;Sereno;Normale;Buona;;1;0;0;1;12.3944;41.7935;-1;2;Motociclo con passeggero;In marcia / fermata / arresto;Conducente;M;Rimandato;0;NON DECEDUTO;Non accertato;
5086010;13;02/10/2020 09:30:00;Strada Urbana;VIA ERMANNO WOLF FERRARI;all'intersezione con;VIA ALBERTO FRANCHETTI;VIA ALBERTO FRANCHETTI;;;Scontro frontale/laterale SX fra veicoli in marcia;Incrocio;Una carreggiata a doppio senso;Asciutto;Asfaltata;Verticale ed orizzontale;Nuvoloso;Normale;Buona;;0;0;0;2;12.3748;41.7558;-1;1;Autovettura privata;In marcia / fermata / arresto;Conducente;F;Illeso;0;;Non accertato;Inesploso
5086010;13;02/10/2020 09:30:00;Strada Urbana;VIA ERMANNO WOLF FERRARI;all'intersezione con;VIA ALBERTO FRANCHETTI;VIA ALBERTO FRANCHETTI;;;Scontro frontale/laterale SX fra veicoli in marcia;Incrocio;Una carreggiata a doppio senso;Asciutto;Asfaltata;Verticale ed orizzontale;Nuvoloso;Normale;Buona;;0;0;0;2;12.3748;41.7558;-1;2;Motociclo con passeggero;In marcia / fermata / arresto;Conducente;M;Illeso;0;;Non accertato;
5086038;17;01/10/2020 14:30:00;Strada Urbana;VIALE DELLE MILIZIE;all'intersezione semaforizzata con;VIA DAMIATA;VIA DAMIATA;;;Scontro frontale/laterale DX fra veicoli in marcia;Incrocio;Pi� di due carreggiate;Asciutto;Asfaltata;Verticale ed orizzontale;Sereno;Scarso;Buona;;0;0;0;2;12.4632;41.9124;-1;1;Autovettura privata;In marcia / fermata / arresto;Conducente;M;Illeso;0;;;
5086038;17;01/10/2020 14:30:00;Strada Urbana;VIALE DELLE MILIZIE;all'intersezione semaforizzata con;VIA DAMIATA;VIA DAMIATA;;;Scontro frontale/laterale DX fra veicoli in marcia;Incrocio;Pi� di due carreggiate;Asciutto;Asfaltata;Verticale ed orizzontale;Sereno;Scarso;Buona;;0;0;0;2;12.4632;41.9124;-1;2;Autovettura privata;In marcia / fermata / arresto;Conducente;M;Illeso;0;;;
5086055;17;01/10/2020 14:50:00;Strada Urbana;PIAZZA DELLA LIBERTA';in corrispondenza;;del civico n.;22;;Scontro laterale fra veicoli in marcia;Rettilineo;Due carreggiate;Asciutto;Asfaltata;Verticale ed orizzontale;Sereno;Normale;Buona;;0;0;0;4;12.4709;41.9101;-1;1;Autocarro inferiore 35 q.;In marcia / fermata / arresto;Conducente;M;Illeso;0;;;