Protocollo;Gruppo;DataOraIncidente;Localizzazione1;STRADA1;Localizzazione2;STRADA2;Strada02;Chilometrica;DaSpecificare;NaturaIncidente;particolaritastrade;TipoStrada;FondoStradale;Pavimentazione;Segnaletica;CondizioneAtmosferica;Traffico;Visibilita;Illuminazione;NUM_FERITI;NUM_RISERVATA;NUM_MORTI;NUM_ILLESI;Longitudine;Latitudine;Confermato;Progressivo;TipoVeicolo;StatoVeicolo;TipoPersona;Sesso;Tipolesione;Deceduto;DecedutoDopo;CinturaCascoUtilizzato;Airbag;
5089249;20;03/10/2020 09:25:00;Strada Urbana;VIA DI BACCANELLO;in prossimit�;;del civico n.;338;;Scontro frontale fra veicoli in marcia;Rettilineo;Una carreggiata a doppio senso;Bagnato (umidit� in atto);Asfaltata;Verticale ed orizzontale;Nuvoloso;Normale;Buona;;0;0;0;6;12.3362;42.069;-1;2;Veicolo speciale;In marcia / fermata / arresto;Passeggero;F;Illeso;0;;Non accertato;Inesistente
5089249;20;03/10/2020 09:25:00;Strada Urbana;VIA DI BACCANELLO;in prossimit�;;del civico n.;338;;Scontro frontale fra veicoli in marcia;Rettilineo;Una carreggiata a doppio senso;Bagnato (umidit� in atto);Asfaltata;Verticale ed orizzontale;Nuvoloso;Normale;Buona;;0;0;0;6;12.3362;42.069;-1;2;Veicolo speciale;In marcia / fermata / arresto;Passeggero;M;Illeso;0;;Non accertato;Inesploso
5089253;7;04/10/2020 02:19:00;Strada Urbana;VIA FURIO CICOGNA;da specificare;;;;alt. palo ACEA n. 12;Veicolo in marcia contro ostacolo fisso;Curva a visuale libera;Una carreggiata a doppio senso;Bagnato (pioggia);Asfaltata;Assente;Nuvoloso;Scarso;Insufficiente;;1;1;0;0;12.5655;41.9249;-1;1;Autovettura privata;In marcia / fermata / arresto;Conducente;M;Prognosi riservata;0;NON DECEDUTO;Non accertato;
5089253;7;04/10/2020 02:19:00;Strada Urbana;VIA FURIO CICOGNA;da specificare;;;;alt. palo ACEA n. 12;Veicolo in marcia contro ostacolo fisso;Curva a visuale libera;Una carreggiata a doppio senso;Bagnato (pioggia);Asfaltata;Assente;Nuvoloso;Scarso;Insufficiente;;1;1;0;0;12.5655;41.9249;-1;1;Autovettura privata;In marcia / fermata / arresto;Passeggero;M;Ricoverato;0;NON DECEDUTO;Non accertato;
5089262;19;02/10/2020 12:00:00;Strada Urbana;VIA DI CASAL DEL MARMO;in prossimit�;;del civico n.;329;;Scontro frontale/laterale DX fra veicoli in marcia;Rettilineo;Una carreggiata a doppio senso;Asciutto;Asfaltata;Assente;Nuvoloso;Intenso;Buona;;0;0;0;2;12.3967;41.9511;-1;1;Autovettura privata;In marcia / fermata / arresto;Conducente;F;Illeso;0;;;
5089262;19;02/10/2020 12:00:00;Strada Urbana;VIA DI CASAL DEL MARMO;in prossimit�;;del civico n.;329;;Scontro frontale/laterale DX fra veicoli in marcia;Rettilineo;Una carreggiata a doppio senso;Asciutto;Asfaltata;Assente;Nuvoloso;Intenso;Buona;;0;0;0;2;12.3967;41.9511;-1;1;Autovettura privata;In marcia / fermata / arresto;Passeggero;M;Illeso;0;;;
5089262;19;02/10/2020 12:00:00;Strada Urbana;VIA DI CASAL DEL MARMO;in prossimit�;;del civico n.;329;;Scontro frontale/laterale DX fra veicoli in marcia;Rettilineo;Una carreggiata a doppio senso;Asciutto;Asfaltata;Assente;Nuvoloso;Intenso;Buona;;0;0;0;2;12.3967;41.9511;-1;2;Autovettura privata;Allontanatosi;;;;;;;
5089271;9;02/10/2020 17:20:00;Strada Urbana;VIA LA SPEZIA;da specificare;;;;fronte civico 37;Scontro laterale fra veicoli in marcia;Rettilineo;Una carreggiata a doppio senso;Asciutto;Asfaltata;Verticale ed orizzontale;Sereno;Intenso;Buona;;1;0;0;1;12.5153;41.8863;-1;1;Autovettura privata;In marcia / fermata / arresto;Conducente;M;Illeso;0;;Non accertato;Inesploso
5089271;9;02/10/2020 17:20:00;Strada Urbana;VIA LA SPEZIA;da specificare;;;;fronte civico 37;Scontro laterale fra veicoli in marcia;Rettilineo;Una carreggiata a doppio senso;Asciutto;Asfaltata;Verticale ed orizzontale;Sereno;Intenso;Buona;;1;0;0;1;12.5153;41.8863;-1;2;Motociclo a solo;In marcia / fermata / arresto;Conducente;M;Rimandato;0;NON DECEDUTO;Non accertato;
5089274;9;04/10/2020 03:08:00;Comunale extraurbana;Tangenziale Est;da specificare;;;;prossimit� CAVALCAVIA TIBURTINA;Veicolo in marcia contro ostacolo accidentale;Curva senza visuale libera;Una carreggiata a senso unico di marcia;Bagnato (pioggia);Asfaltata;Verticale ed orizzontale;Nuvoloso;Scarso;Buona;;0;0;0;5;12.5282;41.9184;-1;1;Autovettura privata;In marcia / fermata / arresto;Conducente;M;Illeso;0;;Non accertato;Inesploso
5089274;9;04/10/2020 03:08:00;Comunale extraurbana;Tangenziale Est;da specificare;;;;prossimit� CAVALCAVIA TIBURTINA;Veicolo in marcia contro ostacolo accidentale;Curva senza visuale libera;Una carreggiata a senso unico di marcia;Bagnato (pioggia);Asfaltata;Verticale ed orizzontale;Nuvoloso;Scarso;Buona;;0;0;0;5;12.5282;41.9184;-1;1;Autovettura privata;In marcia / fermata / arresto;Passeggero;M;Illeso;0;;Non accertato;Inesploso
5089274;9;04/10/2020 03:08:00;Comunale extraurbana;Tangenziale Est;da specificare;;;;prossimit� CAVALCAVIA TIBURTINA;Veicolo in marcia contro ostacolo accidentale;Curva senza visuale libera;Una carreggiata a senso unico di marcia;Bagnato (pioggia);Asfaltata;Verticale ed orizzontale;Nuvoloso;Scarso;Buona;;0;0;0;5;12.5282;41.9184;-1;1;Autovettura privata;In marcia / fermata / arresto;Passeggero;F;Illeso;0;;Non accertato;Inesploso
5089274;9;04/10/2020 03:08:00;Comunale extraurbana;Tangenziale Est;da specificare;;;;prossimit� CAVALCAVIA TIBURTINA;Veicolo in marcia contro ostacolo accidentale;Curva senza visuale libera;Una carreggiata a senso unico di marcia;Bagnato (pioggia);Asfaltata;Verticale ed orizzontale;Nuvoloso;Scarso;Buona;;0;0;0;5;12.5282;41.9184;-1;1;Autovettura privata;In marcia / fermata / arresto;Passeggero;M;Illeso;0;;Non accertato;Inesploso
5089274;9;04/10/2020 03:08:00;Comunale extraurbana;Tangenziale Est;da specificare;;;;prossimit� CAVALCAVIA TIBURTINA;Veicolo in marcia contro ostacolo accidentale;Curva senza visuale libera;Una carreggiata a senso unico di marcia;Bagnato (pioggia);Asfaltata;Verticale ed orizzontale;Nuvoloso;Scarso;Buona;;0;0;0;5;12.5282;41.9184;-1;1;Autovettura privata;In marcia / fermata / arresto;Passeggero;M;Illeso;0;;Non accertato;Inesploso
5089285;10;02/10/2020 18:05:00;Strada Urbana;VIALE LUIGI SCHIAVONETTI;da specificare;;;;in prossimit� fermata autobus ASL n. 77593;Scontro laterale fra veicoli in marcia;Rettilineo;Due carreggiate;Asciutto;Asfaltata;Verticale ed orizzontale;Nuvoloso;Normale;Buona;;1;0;0;2;12.6178;41.8452;-1;1;Autovettura privata;In marcia / fermata / arresto;Conducente;F;Illeso;0;;Non accertato;Inesploso
5089285;10;02/10/2020 18:05:00;Strada Urbana;VIALE LUIGI SCHIAVONETTI;da specificare;;;;in prossimit� fermata autobus ASL n. 77593;Scontro laterale fra veicoli in marcia;Rettilineo;Due carreggiate;Asciutto;Asfaltata;Verticale ed orizzontale;Nuvoloso;Normale;Buona;;1;0;0;2;12.6178;41.8452;-1;1;Autovettura privata;In marcia / fermata / arresto;Passeggero;F;Illeso;0;;Non accertato;Inesploso
5089285;10;02/10/2020 18:05:00;Strada Urbana;VIALE LUIGI SCHIAVONETTI;da specificare;;;;in prossimit� fermata autobus ASL n. 77593;Scontro laterale fra veicoli in marcia;Rettilineo;Due carreggiate;Asciutto;Asfaltata;Verticale ed orizzontale;Nuvoloso;Normale;Buona;;1;0;0;2;12.6178;41.8452;-1;2;Bicicletta elettrica;In marcia / fermata / arresto;Conducente;F;Rimandato;0;NON DECEDUTO;Non accertato;Inesistente
5089289;4;03/10/2020 08:40:00;Statale;VIA SALARIA;da specificare;;;;50 m prima di via Gaiole in Chianti;Tamponamento Multiplo;Rettilineo;Due carreggiate;Bagnato (pioggia);Asfaltata;Verticale ed orizzontale;Nuvoloso;Normale;Buona;;0;0;0;5;13.0816;42.4174;-1;1;Autovettura privata;In marcia / fermata / arresto;Conducente;M;Illeso;0;;;
5089289;4;03/10/2020 08:40:00;Statale;VIA SALARIA;da specificare;;;;50 m prima di via Gaiole in Chianti;Tamponamento Multiplo;Rettilineo;Due carreggiate;Bagnato (pioggia);Asfaltata;Verticale ed orizzontale;Nuvoloso;Normale;Buona;;0;0;0;5;13.0816;42.4174;-1;2;Autocarro inferiore 35 q.;In marcia / fermata / arresto;Conducente;M;Illeso;0;;;
5089289;4;03/10/2020 08:40:00;Statale;VIA SALARIA;da specificare;;;;50 m prima di via Gaiole in Chianti;Tamponamento Multiplo;Rettilineo;Due carreggiate;Bagnato (pioggia);Asfaltata;Verticale ed orizzontale;Nuvoloso;Normale;Buona;;0;0;0;5;13.0816;42.4174;-1;3;Autovettura privata;In marcia / fermata / arresto;Conducente;M;Illeso;0;;;
5089289;4;03/10/2020 08:40:00;Statale;VIA SALARIA;da specificare;;;;50 m prima di via Gaiole in Chianti;Tamponamento Multiplo;Rettilineo;Due carreggiate;Bagnato (pioggia);Asfaltata;Verticale ed orizzontale;Nuvoloso;Normale;Buona;;0;0;0;5;13.0816;42.4174;-1;3;Autovettura privata;In marcia / fermata / arresto;Passeggero;M;Illeso;0;;;
5089289;4;03/10/2020 08:40:00;Statale;VIA SALARIA;da specificare;;;;50 m prima di via Gaiole in Chianti;Tamponamento Multiplo;Rettilineo;Due carreggiate;Bagnato (pioggia);Asfaltata;Verticale ed orizzontale;Nuvoloso;Normale;Buona;;0;0;0;5;13.0816;42.4174;-1;3;Autovettura privata;In marcia / fermata / arresto;Passeggero;F;Illeso;0;;;
5089299;20;03/10/2020 09:00:00;Statale;VIA FLAMINIA;in prossimit�;;del civico n.;1229;;Tamponamento;Rettilineo;Una carreggiata a doppio senso;Asciutto;Asfaltata;Orizzontale;Nuvoloso;Normale;Buona;;0;0;0;2;12.4843;41.9537;-1;1;Autovettura privata;In marcia / fermata / arresto;Conducente;M;Illeso;0;;;
5089299;20;03/10/2020 09:00:00;Statale;VIA FLAMINIA;in prossimit�;;del civico n.;1229;;Tamponamento;Rettilineo;Una carreggiata a doppio senso;Asciutto;Asfaltata;Orizzontale;Nuvoloso;Normale;Buona;;0;0;0;2;12.4843;41.9537;-1;2;Autovettura privata;In marcia / fermata / arresto;Conducente;M;Illeso;0;;;
5089300;6;04/10/2020 19:05:00;Provinciale entro l'abitato;VIA PRENESTINA;in corrispondenza;;del civico n.;320;;Tamponamento Multiplo;Rettilineo;Pi� di due carreggiate;Asciutto;Asfaltata;Orizzontale;Nuvoloso;Normale;Buona;;0;0;0;4;12.5515;41.8938;-1;1;Autovettura privata;In marcia / fermata / arresto;Conducente;M;Illeso;0;;Non accertato;Inesploso
5089300;6;04/10/2020 19:05:00;Provinciale entro l'abitato;VIA PRENESTINA;in corrispondenza;;del civico n.;320;;Tamponamento Multiplo;Rettilineo;Pi� di due carreggiate;Asciutto;Asfaltata;Orizzontale;Nuvoloso;Normale;Buona;;0;0;0;4;12.5515;41.8938;-1;1;Autovettura privata;In marcia / fermata / arresto;Passeggero;F;Illeso;0;;Non accertato;Inesploso
5089300;6;04/10/2020 19:05:00;Provinciale entro l'abitato;VIA PRENESTINA;in corrispondenza;;del civico n.;320;;Tamponamento Multiplo;Rettilineo;Pi� di due carreggiate;Asciutto;Asfaltata;Orizzontale;Nuvoloso;Normale;Buona;;0;0;0;4;12.5515;41.8938;-1;2;Autovettura privata;In marcia / fermata / arresto;Conducente;M;Illeso;0;;Non accertato;Inesploso
5089300;6;04/10/2020 19:05:00;Provinciale entro l'abitato;VIA PRENESTINA;in corrispondenza;;del civico n.;320;;Tamponamento Multiplo;Rettilineo;Pi� di due carreggiate;Asciutto;Asfaltata;Orizzontale;Nuvoloso;Normale;Buona;;0;0;0;4;12.5515;41.8938;-1;3;Autovettura privata;In marcia / fermata / arresto;Conducente;M;Illeso;0;;Non accertato;Inesploso
5089305;15;04/10/2020 08:30:00;Strada Urbana;VIA SENORBI;da specificare;;;;altezza palo luce n.8;Veicolo in marcia contro ostacolo fisso;Rettilineo;Una carreggiata a doppio senso;Asciutto;Asfaltata;Assente;Sereno;Scarso;Buona;;1;0;0;0;12.3571;41.8359;-1;1;Autovettura privata;In marcia / fermata / arresto;Conducente;F;Rimandato;0;NON DECEDUTO;Non accertato;
5089305;15;04/10/2020 08:30:00;Strada Urbana;VIA SENORBI;da specificare;;;;altezza palo luce n.8;Veicolo in marcia contro ostacolo fisso;Rettilineo;Una carreggiata a doppio senso;Asciutto;Asfaltata;Assente;Sereno;Scarso;Buona;;1;0;0;0;12.3571;41.8359;-1;2;Autovettura privata;Sosta;;;;;;;
5089321;19;02/10/2020 19:05:00;Strada Urbana;VIA DI SELVA CANDIDA;all'intersezione con;VIA NOSATE;VIA NOSATE;;;Scontro frontale/laterale SX fra veicoli in marcia;Incrocio;Una carreggiata a doppio senso;Asciutto;Asfaltata;Orizzontale;Sereno;Normale;Sufficiente;;1;0;0;2;12.3783;41.938;-1;1;Motociclo a solo;In marcia / fermata / arresto;Conducente;M;Rimandato;0;NON DECEDUTO;;
5089321;19;02/10/2020 19:05:00;Strada Urbana;VIA DI SELVA CANDIDA;all'intersezione con;VIA NOSATE;VIA NOSATE;;;Scontro frontale/laterale SX fra veicoli in marcia;Incrocio;Una carreggiata a doppio senso;Asciutto;Asfaltata;Orizzontale;Sereno;Normale;Sufficiente;;1;0;0;2;12.3783;41.938;-1;2;Autovettura privata;In marcia / fermata / arresto;Conducente;M;Illeso;0;;;
5089321;19;02/10/2020 19:05:00;Strada Urbana;VIA DI SELVA CANDIDA;all'intersezione con;VIA NOSATE;VIA NOSATE;;;Scontro frontale/laterale SX fra veicoli in marcia;Incrocio;Una carreggiata a doppio senso;Asciutto;Asfaltata;Orizzontale;Sereno;Normale;Sufficiente;;1;0;0;2;12.3783;41.938;-1;3;Autovettura privata;In marcia / fermata / arresto;Conducente;F;Illeso;0;;;
5089327;12;04/10/2020 17:30:00;Strada Urbana;VIA DEL CASALE RADICELLI;all'intersezione con;VIA DI CASTEL DI LEVA;VIA DI CASTEL DI LEVA;;;Scontro frontale/laterale SX fra veicoli in marcia;Incrocio;Una carreggiata a doppio senso;Asciutto;Asfaltata;Verticale ed orizzontale;Sereno;Scarso;Buona;;3;0;0;0;12.5196;41.7889;-1;1;Autovettura privata;In marcia / fermata / arresto;Conducente;M;Rimandato;0;NON DECEDUTO;Non accertato;Esploso
5089327;12;04/10/2020 17:30:00;Strada Urbana;VIA DEL CASALE RADICELLI;all'intersezione con;VIA DI CASTEL DI LEVA;VIA DI CASTEL DI LEVA;;;Scontro frontale/laterale SX fra veicoli in marcia;Incrocio;Una carreggiata a doppio senso;Asciutto;Asfaltata;Verticale ed orizzontale;Sereno;Scarso;Buona;;3;0;0;0;12.5196;41.7889;-1;2;Autovettura privata;In marcia / fermata / arresto;Conducente;F;Rimandato;0;NON DECEDUTO;Non accertato;
5089327;12;04/10/2020 17:30:00;Strada Urbana;VIA DEL CASALE RADICELLI;all'intersezione con;VIA DI CASTEL DI LEVA;VIA DI CASTEL DI LEVA;;;Scontro frontale/laterale SX fra veicoli in marcia;Incrocio;Una carreggiata a doppio senso;Asciutto;Asfaltata;Verticale ed orizzontale;Sereno;Scarso;Buona;;3;0;0;0;12.5196;41.7889;-1;2;Autovettura privata;In marcia / fermata / arresto;Passeggero;M;Rimandato;0;NON DECEDUTO;Non accertato;Esploso
5089333;4;04/10/2020 00:50:00;Strada Urbana;VIA DI CASAL BOCCONE;in corrispondenza;;del civico n.;fr 190;;Veicolo in marcia contro ostacolo fisso;Rettilineo;Due carreggiate;Bagnato (pioggia);Asfaltata;Verticale ed orizzontale;Nuvoloso;Scarso;Buona;;0;0;0;1;12.5529;41.9654;-1;1;Autovettura privata;In marcia / fermata / arresto;Conducente;F;Illeso;0;;;
5089338;10;02/10/2020 20:10:00;Strada Urbana;VIA ANAGNINA;in corrispondenza;;del civico n.;3;;Tamponamento;Rettilineo;Una carreggiata a senso unico di marcia;Asciutto;Asfaltata;Verticale ed orizzontale;Sereno;Normale;Sufficiente;;0;0;0;4;12.5886;41.8395;-1;1;Autovettura privata;In marcia / fermata / arresto;Conducente;M;Illeso;0;;Non accertato;Inesploso
5089338;10;02/10/2020 20:10:00;Strada Urbana;VIA ANAGNINA;in corrispondenza;;del civico n.;3;;Tamponamento;Rettilineo;Una carreggiata a senso unico di marcia;Asciutto;Asfaltata;Verticale ed orizzontale;Sereno;Normale;Sufficiente;;0;0;0;4;12.5886;41.8395;-1;1;Autovettura privata;In marcia / fermata / arresto;Passeggero;F;Illeso;0;;Non accertato;Inesploso
5089338;10;02/10/2020 20:10:00;Strada Urbana;VIA ANAGNINA;in corrispondenza;;del civico n.;3;;Tamponamento;Rettilineo;Una carreggiata a senso unico di marcia;Asciutto;Asfaltata;Verticale ed orizzontale;Sereno;Normale;Sufficiente;;0;0;0;4;12.5886;41.8395;-1;2;Autovettura privata;In marcia / fermata / arresto;Conducente;F;Illeso;0;;;
5089338;10;02/10/2020 20:10:00;Strada Urbana;VIA ANAGNINA;in corrispondenza;;del civico n.;3;;Tamponamento;Rettilineo;Una carreggiata a senso unico di marcia;Asciutto;Asfaltata;Verticale ed orizzontale;Sereno;Normale;Sufficiente;;0;0;0;4;12.5886;41.8395;-1;2;Autovettura privata;In marcia / fermata / arresto;Passeggero;M;Illeso;0;;Non accertato;Inesploso
5089348;20;03/10/2020 04:10:00;Strada Urbana;VIA TAORMINA;all'intersezione con;VIA DELL'ACQUA TRAVERSA;VIA DELL'ACQUA TRAVERSA;;;Veicolo in marcia contro ostacolo accidentale;Incrocio;Una carreggiata a senso unico di marcia;Asciutto;Asfaltata;Verticale ed orizzontale;Sereno;Scarso;Buona;;0;0;0;3;12.451;41.9565;-1;1;Autovettura privata;In marcia / fermata / arresto;Conducente;M;Illeso;0;;Non accertato;Inesploso
5089348;20;03/10/2020 04:10:00;Strada Urbana;VIA TAORMINA;all'intersezione con;VIA DELL'ACQUA TRAVERSA;VIA DELL'ACQUA TRAVERSA;;;Veicolo in marcia contro ostacolo accidentale;Incrocio;Una carreggiata a senso unico di marcia;Asciutto;Asfaltata;Verticale ed orizzontale;Sereno;Scarso;Buona;;0;0;0;3;12.451;41.9565;-1;1;Autovettura privata;In marcia / fermata / arresto;Passeggero;M;Illeso;0;;Non accertato;Inesploso
5089348;20;03/10/2020 04:10:00;Strada Urbana;VIA TAORMINA;all'intersezione con;VIA DELL'ACQUA TRAVERSA;VIA DELL'ACQUA TRAVERSA;;;Veicolo in marcia contro ostacolo accidentale;Incrocio;Una carreggiata a senso unico di marcia;Asciutto;Asfaltata;Verticale ed orizzontale;Sereno;Scarso;Buona;;0;0;0;3;12.451;41.9565;-1;1;Autovettura privata;In marcia / fermata / arresto;Passeggero;M;Illeso;0;;Non accertato;Inesploso
5089356;16;02/10/2020 13:40:00;Strada Urbana;PIAZZALE ENRICO DUNANT;in prossimit�;;del civico n.;69;;Tamponamento;Curva a visuale libera;Una carreggiata a senso unico di marcia;Asciutto;Asfaltata;Verticale ed orizzontale;Nuvoloso;Normale;Sufficiente;;1;0;0;1;12.4597;41.8722;-1;1;Motociclo a solo;In marcia / fermata / arresto;Conducente;F;Rimandato;0;NON DECEDUTO;Non accertato;
5089356;16;02/10/2020 13:40:00;Strada Urbana;PIAZZALE ENRICO DUNANT;in prossimit�;;del civico n.;69;;Tamponamento;Curva a visuale libera;Una carreggiata a senso unico di marcia;Asciutto;Asfaltata;Verticale ed orizzontale;Nuvoloso;Normale;Sufficiente;;1;0;0;1;12.4597;41.8722;-1;2;Autovettura privata;In marcia / fermata / arresto;Conducente;F;Illeso;0;;Non accertato;
5089358;4;03/10/2020 12:40:00;Strada Urbana;VIA ARTURO GRAF;in prossimit�;;del civico n.;29a;;Tamponamento Multiplo;Rettilineo;Una carreggiata a doppio senso;Bagnato (umidit� in atto);Asfaltata;Verticale ed orizzontale;Nuvoloso;Normale;Buona;;1;0;0;3;12.5523;41.9425;-1;1;Autovettura privata;In marcia / fermata / arresto;Conducente;F;Illeso;0;;;
5089358;4;03/10/2020 12:40:00;Strada Urbana;VIA ARTURO GRAF;in prossimit�;;del civico n.;29a;;Tamponamento Multiplo;Rettilineo;Una carreggiata a doppio senso;Bagnato (umidit� in atto);Asfaltata;Verticale ed orizzontale;Nuvoloso;Normale;Buona;;1;0;0;3;12.5523;41.9425;-1;2;Autovettura privata;In marcia / fermata / arresto;Conducente;M;Illeso;0;;;
5089358;4;03/10/2020 12:40:00;Strada Urbana;VIA ARTURO GRAF;in prossimit�;;del civico n.;29a;;Tamponamento Multiplo;Rettilineo;Una carreggiata a doppio senso;Bagnato (umidit� in atto);Asfaltata;Verticale ed orizzontale;Nuvoloso;Normale;Buona;;1;0;0;3;12.5523;41.9425;-1;2;Autovettura privata;In marcia / fermata / arresto;Passeggero;F;Rimandato;0;NON DECEDUTO;;
5089358;4;03/10/2020 12:40:00;Strada Urbana;VIA ARTURO GRAF;in prossimit�;;del civico n.;29a;;Tamponamento Multiplo;Rettilineo;Una carreggiata a doppio senso;Bagnato (umidit� in atto);Asfaltata;Verticale ed orizzontale;Nuvoloso;Normale;Buona;;1;0;0;3;12.5523;41.9425;-1;3;Autovettura privata;In marcia / fermata / arresto;Conducente;F;Illeso;0;;;
5089362;7;04/10/2020 19:00:00;Provinciale entro l'abitato;VIA PRENESTINA;da specificare;;;;direzione Centro altezza viale P. Togliatti;Scontro frontale/laterale SX fra veicoli in marcia;Rettilineo;Una carreggiata a senso unico alternato;Asciutto;Asfaltata;Assente;Sereno;Normale;Buona;;1;0;0;3;12.5763;41.8946;-1;1;Autovettura privata;In marcia / fermata / arresto;Conducente;F;Illeso;0;;;
5089362;7;04/10/2020 19:00:00;Provinciale entro l'abitato;VIA PRENESTINA;da specificare;;;;direzione Centro altezza viale P. Togliatti;Scontro frontale/laterale SX fra veicoli in marcia;Rettilineo;Una carreggiata a senso unico alternato;Asciutto;Asfaltata;Assente;Sereno;Normale;Buona;;1;0;0;3;12.5763;41.8946;-1;1;Autovettura privata;In marcia / fermata / arresto;Passeggero;M;Illeso;0;;;
5089362;7;04/10/2020 19:00:00;Provinciale entro l'abitato;VIA PRENESTINA;da specificare;;;;direzione Centro altezza viale P. Togliatti;Scontro frontale/laterale SX fra veicoli in marcia;Rettilineo;Una carreggiata a senso unico alternato;Asciutto;Asfaltata;Assente;Sereno;Normale;Buona;;1;0;0;3;12.5763;41.8946;-1;1;Autovettura privata;In marcia / fermata / arresto;Passeggero;M;Illeso;0;;;
5089362;7;04/10/2020 19:00:00;Provinciale entro l'abitato;VIA PRENESTINA;da specificare;;;;direzione Centro altezza viale P. Togliatti;Scontro frontale/laterale SX fra veicoli in marcia;Rettilineo;Una carreggiata a senso unico alternato;Asciutto;Asfaltata;Assente;Sereno;Normale;Buona;;1;0;0;3;12.5763;41.8946;-1;2;Motociclo con passeggero;In marcia / fermata / arresto;Conducente;M;Rimandato;0;NON DECEDUTO;Utilizzato;
5089365;6;03/10/2020 10:25:00;Strada Urbana;PIAZZALE LABICANO;da specificare;;;;in prossimit� via Scalo di San Lorenzo;Scontro laterale fra veicoli in marcia;Rettilineo;Due carreggiate;Asciutto;Asfaltata;Verticale;Nuvoloso;Normale;Buona;;0;0;0;2;12.5153;41.8923;-1;1;Autovettura privata;In marcia / fermata / arresto;Conducente;M;Illeso;0;;;
5089365;6;03/10/2020 10:25:00;Strada Urbana;PIAZZALE LABICANO;da specificare;;;;in prossimit� via Scalo di San Lorenzo;Scontro laterale fra veicoli in marcia;Rettilineo;Due carreggiate;Asciutto;Asfaltata;Verticale;Nuvoloso;Normale;Buona;;0;0;0;2;12.5153;41.8923;-1;2;Autovettura privata;In marcia / fermata / arresto;Conducente;F;Illeso;0;;;
5089370;20;02/10/2020 16:40:00;Strada Urbana;VIALE DEL FORO ITALICO;da specificare;;;;PROX RAMPA IN ENTRATA VIA A. DI S. GIULIANO;Tamponamento;Rettilineo;Due carreggiate;Asciutto;Asfaltata;Verticale ed orizzontale;Sereno;Intenso;Buona;;0;0;0;2;12.4591;41.939;-1;1;Autovettura privata;In marcia / fermata / arresto;Conducente;M;Illeso;0;;Non accertato;Inesploso
5089370;20;02/10/2020 16:40:00;Strada Urbana;VIALE DEL FORO ITALICO;da specificare;;;;PROX RAMPA IN ENTRATA VIA A. DI S. GIULIANO;Tamponamento;Rettilineo;Due carreggiate;Asciutto;Asfaltata;Verticale ed orizzontale;Sereno;Intenso;Buona;;0;0;0;2;12.4591;41.939;-1;2;Autovettura privata;In marcia / fermata / arresto;Conducente;M;Illeso;0;;Non accertato;Inesploso
5089385;13;04/10/2020 17:00:00;Strada Urbana;VIA ERMANNO WOLF FERRARI;all'intersezione con;VIALE CRISTOFORO COLOMBO;VIALE CRISTOFORO COLOMBO;;;Tamponamento;Incrocio;Una carreggiata a doppio senso;Asciutto;Asfaltata;Verticale ed orizzontale;Sereno;Normale;Buona;;0;0;0;3;12.37;41.7548;-1;1;Autovettura privata;In marcia / fermata / arresto;Conducente;M;Illeso;0;;Non accertato;Inesploso
5089385;13;04/10/2020 17:00:00;Strada Urbana;VIA ERMANNO WOLF FERRARI;all'intersezione con;VIALE CRISTOFORO COLOMBO;VIALE CRISTOFORO COLOMBO;;;Tamponamento;Incrocio;Una carreggiata a doppio senso;Asciutto;Asfaltata;Verticale ed orizzontale;Sereno;Normale;Buona;;0;0;0;3;12.37;41.7548;-1;2;Autovettura privata;In marcia / fermata / arresto;Conducente;M;Illeso;0;;Non accertato;Inesploso
5089385;13;04/10/2020 17:00:00;Strada Urbana;VIA ERMANNO WOLF FERRARI;all'intersezione con;VIALE CRISTOFORO COLOMBO;VIALE CRISTOFORO COLOMBO;;;Tamponamento;Incrocio;Una carreggiata a doppio senso;Asciutto;Asfaltata;Verticale ed orizzontale;Sereno;Normale;Buona;;0;0;0;3;12.37;41.7548;-1;2;Autovettura privata;In marcia / fermata / arresto;Passeggero;F;Illeso;0;;Non accertato;Inesploso
5089391;19;02/10/2020 22:20:00;Strada Urbana;VIA DI TORREVECCHIA;in prossimit�;;del civico n.;144;;Veicolo in marcia contro veicolo in sosta;Rettilineo;Una carreggiata a doppio senso;Asciutto;Asfaltata;Orizzontale;Sereno;Scarso;Buona;;0;0;0;1;12.4196;41.9328;-1;1;Autovettura privata;In marcia / fermata / arresto;Conducente;F;Illeso;0;;Non accertato;Inesploso
5089391;19;02/10/2020 22:20:00;Strada Urbana;VIA DI TORREVECCHIA;in prossimit�;;del civico n.;144;;Veicolo in marcia contro veicolo in sosta;Rettilineo;Una carreggiata a doppio senso;Asciutto;Asfaltata;Orizzontale;Sereno;Scarso;Buona;;0;0;0;1;12.4196;41.9328;-1;2;Autovettura privata;Sosta;;;;;;;
5089408;20;02/10/2020 17:05:00;Provinciale;VIA BRACCIANENSE;da specificare;;;;KM 9,900;Veicolo in marcia contro ostacolo accidentale;Rettilineo;Una carreggiata a doppio senso;Asciutto;Asfaltata;Orizzontale;Nuvoloso;Normale;Buona;;0;0;0;1;12.2984;42.0313;-1;1;Autobus in extraurbana;In marcia / fermata / arresto;Conducente;M;Illeso;0;;Non accertato;Inesploso