Protocollo;Gruppo;DataOraIncidente;Localizzazione1;STRADA1;Localizzazione2;STRADA2;Strada02;Chilometrica;DaSpecificare;NaturaIncidente;particolaritastrade;TipoStrada;FondoStradale;Pavimentazione;Segnaletica;CondizioneAtmosferica;Traffico;Visibilita;Illuminazione;NUM_FERITI;NUM_RISERVATA;NUM_MORTI;NUM_ILLESI;Longitudine;Latitudine;Confermato;Progressivo;TipoVeicolo;StatoVeicolo;TipoPersona;Sesso;Tipolesione;Deceduto;DecedutoDopo;CinturaCascoUtilizzato;Airbag;
5091451;7;05/10/2020 07:45:00;Strada Urbana;VIA CASILINA;all'intersezione con;VIA DEL GRANO;VIA DEL GRANO;;;Scontro laterale fra veicoli in marcia;Incrocio;Una carreggiata a doppio senso;Bagnato (pioggia);Asfaltata;Verticale ed orizzontale;Sereno;Normale;Buona;;0;0;0;2;12.5764;41.8721;-1;1;Autovettura privata;In marcia / fermata / arresto;Conducente;M;Illeso;0;;Non accertato;Inesploso
5091451;7;05/10/2020 07:45:00;Strada Urbana;VIA CASILINA;all'intersezione con;VIA DEL GRANO;VIA DEL GRANO;;;Scontro laterale fra veicoli in marcia;Incrocio;Una carreggiata a doppio senso;Bagnato (pioggia);Asfaltata;Verticale ed orizzontale;Sereno;Normale;Buona;;0;0;0;2;12.5764;41.8721;-1;2;Autovettura privata;In marcia / fermata / arresto;Conducente;M;Illeso;0;;Non accertato;Inesploso
5091459;16;05/10/2020 18:10:00;;PIAZZA FLAVIO BIONDO;da specificare;;;;fc 1 Capolinea Atac;Veicolo in marcia contro veicolo in sosta;;;;;;;;;;0;0;0;1;;;0;1;Autovettura privata;Sosta;;;;;;;
5091459;16;05/10/2020 18:10:00;;PIAZZA FLAVIO BIONDO;da specificare;;;;fc 1 Capolinea Atac;Veicolo in marcia contro veicolo in sosta;;;;;;;;;;0;0;0;1;;;0;2;Autobus urbano;In marcia / fermata / arresto;Conducente;M;Illeso;0;;;
5091489;5;05/10/2020 09:15:00;Strada Urbana;VIALE PALMIRO TOGLIATTI;da specificare;;;;altezza via Bardanzellu;Scontro frontale/laterale SX fra veicoli in marcia;Rettilineo;Due carreggiate;Asciutto;Asfaltata;Verticale ed orizzontale;Sereno;Normale;Buona;;0;0;0;1;12.5665;41.9184;-1;1;Autovettura privata;In marcia / fermata / arresto;Conducente;M;Illeso;0;;Non accertato;
5091489;5;05/10/2020 09:15:00;Strada Urbana;VIALE PALMIRO TOGLIATTI;da specificare;;;;altezza via Bardanzellu;Scontro frontale/laterale SX fra veicoli in marcia;Rettilineo;Due carreggiate;Asciutto;Asfaltata;Verticale ed orizzontale;Sereno;Normale;Buona;;0;0;0;1;12.5665;41.9184;-1;2;Autoambulanza in servizio;Allontanatosi;;;;;;;
5091500;1;05/10/2020 02:25:00;Strada Urbana;VIALE DI TRASTEVERE;all'intersezione semaforizzata con;PIAZZA IPPOLITO NIEVO;PIAZZA IPPOLITO NIEVO;;;Scontro frontale/laterale SX fra veicoli in marcia;Incrocio;Pi� di due carreggiate;Bagnato (umidit� in atto);Asfaltata;Verticale ed orizzontale;Nuvoloso;Scarso;Sufficiente;;0;0;0;3;12.4679;41.8817;-1;1;Ciclomotore;In marcia / fermata / arresto;Conducente;F;Illeso;0;;;
5091500;1;05/10/2020 02:25:00;Strada Urbana;VIALE DI TRASTEVERE;all'intersezione semaforizzata con;PIAZZA IPPOLITO NIEVO;PIAZZA IPPOLITO NIEVO;;;Scontro frontale/laterale SX fra veicoli in marcia;Incrocio;Pi� di due carreggiate;Bagnato (umidit� in atto);Asfaltata;Verticale ed orizzontale;Nuvoloso;Scarso;Sufficiente;;0;0;0;3;12.4679;41.8817;-1;2;Autovettura di polizia;In marcia / fermata / arresto;Conducente;M;Illeso;0;;;
5091500;1;05/10/2020 02:25:00;Strada Urbana;VIALE DI TRASTEVERE;all'intersezione semaforizzata con;PIAZZA IPPOLITO NIEVO;PIAZZA IPPOLITO NIEVO;;;Scontro frontale/laterale SX fra veicoli in marcia;Incrocio;Pi� di due carreggiate;Bagnato (umidit� in atto);Asfaltata;Verticale ed orizzontale;Nuvoloso;Scarso;Sufficiente;;0;0;0;3;12.4679;41.8817;-1;2;Autovettura di polizia;In marcia / fermata / arresto;Passeggero;M;Illeso;0;;;
5091503;5;05/10/2020 12:55:00;Strada Urbana;VIA DEI MONTI TIBURTINI;da specificare;;;;ALTEZZA VIA FERONIA;Tamponamento Multiplo;Rettilineo;Due carreggiate;Asciutto;Asfaltata;Verticale ed orizzontale;Sereno;Normale;Buona;;0;0;0;3;12.5523;41.914;-1;1;Autovettura privata;In marcia / fermata / arresto;Conducente;M;Illeso;0;;Non accertato;Inesploso
5091503;5;05/10/2020 12:55:00;Strada Urbana;VIA DEI MONTI TIBURTINI;da specificare;;;;ALTEZZA VIA FERONIA;Tamponamento Multiplo;Rettilineo;Due carreggiate;Asciutto;Asfaltata;Verticale ed orizzontale;Sereno;Normale;Buona;;0;0;0;3;12.5523;41.914;-1;2;Autovettura privata;In marcia / fermata / arresto;Conducente;F;Illeso;0;;Non accertato;Inesploso
5091503;5;05/10/2020 12:55:00;Strada Urbana;VIA DEI MONTI TIBURTINI;da specificare;;;;ALTEZZA VIA FERONIA;Tamponamento Multiplo;Rettilineo;Due carreggiate;Asciutto;Asfaltata;Verticale ed orizzontale;Sereno;Normale;Buona;;0;0;0;3;12.5523;41.914;-1;3;Autovettura privata;In marcia / fermata / arresto;Conducente;M;Illeso;0;;Non accertato;Inesploso
5091554;3;05/10/2020 15:40:00;Strada Urbana;VIA IGNAZIO GUIDI;da specificare;;;;sottovia Via Ignazio Guidi - direzione Policlinico;Scontro laterale fra veicoli in marcia;Galleria illuminata;Una carreggiata a senso unico di marcia;Asciutto;Asfaltata;Verticale ed orizzontale;Sereno;Normale;Sufficiente;;1;0;0;1;12.5013;41.8635;-1;1;Autovettura privata;In marcia / fermata / arresto;Conducente;M;Illeso;0;;;
5091554;3;05/10/2020 15:40:00;Strada Urbana;VIA IGNAZIO GUIDI;da specificare;;;;sottovia Via Ignazio Guidi - direzione Policlinico;Scontro laterale fra veicoli in marcia;Galleria illuminata;Una carreggiata a senso unico di marcia;Asciutto;Asfaltata;Verticale ed orizzontale;Sereno;Normale;Sufficiente;;1;0;0;1;12.5013;41.8635;-1;2;Motociclo a solo;In marcia / fermata / arresto;Conducente;M;Rimandato;0;NON DECEDUTO;;
5091560;1;05/10/2020 05:15:00;Strada Urbana;PASSEGGIATA DI RIPETTA;in prossimit�;;del civico n.;22;;Veicolo in marcia contro ostacolo fisso;Pendenza;Una carreggiata a senso unico di marcia;Bagnato (pioggia);Acciotolata;Verticale ed orizzontale;Nuvoloso;Scarso;Sufficiente;;0;0;0;2;12.4747;41.9085;-1;1;Autovettura privata;In marcia / fermata / arresto;Conducente;M;Illeso;0;;Non accertato;
5091560;1;05/10/2020 05:15:00;Strada Urbana;PASSEGGIATA DI RIPETTA;in prossimit�;;del civico n.;22;;Veicolo in marcia contro ostacolo fisso;Pendenza;Una carreggiata a senso unico di marcia;Bagnato (pioggia);Acciotolata;Verticale ed orizzontale;Nuvoloso;Scarso;Sufficiente;;0;0;0;2;12.4747;41.9085;-1;1;Autovettura privata;In marcia / fermata / arresto;Passeggero;M;Illeso;0;;Non accertato;
5091615;17;05/10/2020 12:40:00;Strada Urbana;VIA CRESCENZIO;in prossimit�;;del civico n.;97;;Veicolo in marcia contro ostacolo accidentale;Rettilineo;Una carreggiata a doppio senso;Asciutto;In cubetti di porfido;Verticale ed orizzontale;Sereno;Scarso;Buona;;0;0;0;2;12.4605;41.9059;-1;1;Autovettura privata;In marcia / fermata / arresto;Conducente;M;Illeso;0;;;
5091615;17;05/10/2020 12:40:00;Strada Urbana;VIA CRESCENZIO;in prossimit�;;del civico n.;97;;Veicolo in marcia contro ostacolo accidentale;Rettilineo;Una carreggiata a doppio senso;Asciutto;In cubetti di porfido;Verticale ed orizzontale;Sereno;Scarso;Buona;;0;0;0;2;12.4605;41.9059;-1;2;Autovettura privata;In marcia / fermata / arresto;Conducente;M;Illeso;0;;;
5091638;5;06/10/2020 05:50:00;Strada Urbana;VIA DI PORTONACCIO;all'intersezione con;VIA ALFONSO TORELLI;VIA ALFONSO TORELLI;;;Scontro frontale/laterale SX fra veicoli in marcia;Incrocio;Due carreggiate;Asciutto;Asfaltata;Verticale ed orizzontale;Sereno;Normale;Buona;;1;0;0;1;12.5379;41.8992;-1;1;Autovettura privata;In marcia / fermata / arresto;Conducente;M;Illeso;0;;Non accertato;Esploso
5091638;5;06/10/2020 05:50:00;Strada Urbana;VIA DI PORTONACCIO;all'intersezione con;VIA ALFONSO TORELLI;VIA ALFONSO TORELLI;;;Scontro frontale/laterale SX fra veicoli in marcia;Incrocio;Due carreggiate;Asciutto;Asfaltata;Verticale ed orizzontale;Sereno;Normale;Buona;;1;0;0;1;12.5379;41.8992;-1;2;Autovettura privata;In marcia / fermata / arresto;Conducente;M;Rimandato;0;NON DECEDUTO;Non accertato;
5091665;5;05/10/2020 19:00:00;Strada Urbana;VIA BELMONTE IN SABINA;da specificare;;;;inversione di marcia San basilio;Scontro laterale fra veicoli in marcia;Rettilineo;Due carreggiate;Asciutto;Strada pavimentata dissestata;Verticale;Sereno;Normale;Sufficiente;;0;0;0;3;12.5899;41.9448;-1;1;Autovettura privata;In marcia / fermata / arresto;Conducente;M;Illeso;0;;Non accertato;Inesploso
5091665;5;05/10/2020 19:00:00;Strada Urbana;VIA BELMONTE IN SABINA;da specificare;;;;inversione di marcia San basilio;Scontro laterale fra veicoli in marcia;Rettilineo;Due carreggiate;Asciutto;Strada pavimentata dissestata;Verticale;Sereno;Normale;Sufficiente;;0;0;0;3;12.5899;41.9448;-1;1;Autovettura privata;In marcia / fermata / arresto;Passeggero;F;Illeso;0;;Non accertato;Inesploso
5091665;5;05/10/2020 19:00:00;Strada Urbana;VIA BELMONTE IN SABINA;da specificare;;;;inversione di marcia San basilio;Scontro laterale fra veicoli in marcia;Rettilineo;Due carreggiate;Asciutto;Strada pavimentata dissestata;Verticale;Sereno;Normale;Sufficiente;;0;0;0;3;12.5899;41.9448;-1;2;Autovettura privata;In marcia / fermata / arresto;Conducente;M;Illeso;0;;Non accertato;Inesploso
5091675;2;05/10/2020 05:50:00;Strada Urbana;VIALE DEL MURO TORTO;da specificare;;;;dir. Flaminio alt. ult. curva pr. di P.le Flaminio;Veicolo in marcia contro ostacolo fisso;Curva a visuale libera;Due carreggiate;Bagnato (pioggia);Asfaltata;Verticale ed orizzontale;Nuvoloso;Scarso;Buona;;0;0;0;1;12.4817;41.9107;-1;1;Autovettura privata;In marcia / fermata / arresto;Conducente;F;Illeso;0;;;
5091708;17;08/10/2020 18:20:00;Strada Urbana;VIA ANDREA DORIA;da specificare;;;;snc;Scontro frontale/laterale SX fra veicoli in marcia;Rettilineo;Una carreggiata a doppio senso;Asciutto;In cubetti di porfido;Verticale ed orizzontale;Sereno;Normale;Sufficiente;;0;0;0;4;12.4522;41.9098;-1;1;Autovettura privata;In marcia / fermata / arresto;Conducente;M;Illeso;0;;;
5091708;17;08/10/2020 18:20:00;Strada Urbana;VIA ANDREA DORIA;da specificare;;;;snc;Scontro frontale/laterale SX fra veicoli in marcia;Rettilineo;Una carreggiata a doppio senso;Asciutto;In cubetti di porfido;Verticale ed orizzontale;Sereno;Normale;Sufficiente;;0;0;0;4;12.4522;41.9098;-1;2;Autovettura privata;In marcia / fermata / arresto;Conducente;M;Illeso;0;;;
5091708;17;08/10/2020 18:20:00;Strada Urbana;VIA ANDREA DORIA;da specificare;;;;snc;Scontro frontale/laterale SX fra veicoli in marcia;Rettilineo;Una carreggiata a doppio senso;Asciutto;In cubetti di porfido;Verticale ed orizzontale;Sereno;Normale;Sufficiente;;0;0;0;4;12.4522;41.9098;-1;2;Autovettura privata;In marcia / fermata / arresto;Passeggero;M;Illeso;0;;;
5091708;17;08/10/2020 18:20:00;Strada Urbana;VIA ANDREA DORIA;da specificare;;;;snc;Scontro frontale/laterale SX fra veicoli in marcia;Rettilineo;Una carreggiata a doppio senso;Asciutto;In cubetti di porfido;Verticale ed orizzontale;Sereno;Normale;Sufficiente;;0;0;0;4;12.4522;41.9098;-1;2;Autovettura privata;In marcia / fermata / arresto;Passeggero;F;Illeso;0;;;
5091711;2;05/10/2020 08:14:00;Strada Urbana;VIA ACHERUSIO;in prossimit�;;del civico n.;fr. 23;;Investimento di pedone;Rettilineo;Una carreggiata a senso unico di marcia;Bagnato (pioggia);Asfaltata;Verticale ed orizzontale;Sereno;Normale;Buona;;1;0;0;1;12.5118;41.9273;-1;;;;Pedone;M;Rifiuta cure immediate;0;NON DECEDUTO;;
5091711;2;05/10/2020 08:14:00;Strada Urbana;VIA ACHERUSIO;in prossimit�;;del civico n.;fr. 23;;Investimento di pedone;Rettilineo;Una carreggiata a senso unico di marcia;Bagnato (pioggia);Asfaltata;Verticale ed orizzontale;Sereno;Normale;Buona;;1;0;0;1;12.5118;41.9273;-1;1;Autovettura privata;In marcia / fermata / arresto;Conducente;M;Illeso;0;;Non accertato;Inesploso
5091713;2;05/10/2020 12:10:00;Strada Urbana;VIALE DEL VIGNOLA;da specificare;;;;pross. via Donatello;Scontro frontale/laterale SX fra veicoli in marcia;Rettilineo;Una carreggiata a senso unico di marcia;Asciutto;Asfaltata;Verticale;Sereno;Normale;Buona;;0;0;0;2;12.4665;41.9254;-1;1;Autocarro inferiore 35 q.;In marcia / fermata / arresto;Conducente;M;Illeso;0;;Non accertato;Inesploso
5091713;2;05/10/2020 12:10:00;Strada Urbana;VIALE DEL VIGNOLA;da specificare;;;;pross. via Donatello;Scontro frontale/laterale SX fra veicoli in marcia;Rettilineo;Una carreggiata a senso unico di marcia;Asciutto;Asfaltata;Verticale;Sereno;Normale;Buona;;0;0;0;2;12.4665;41.9254;-1;2;Autovettura privata;In marcia / fermata / arresto;Conducente;F;Illeso;0;;Non accertato;Inesploso
5091718;1;05/10/2020 12:45:00;Strada Urbana;VIA DELLA FERRATELLA IN LATERANO;da specificare;;;;PROSSIMITA' FRONTE CIVICO 30;Veicolo in marcia che urta buche nella carreggiata;Rettilineo;Una carreggiata a senso unico di marcia;Asciutto;Asfaltata;Assente;Sereno;Intenso;Buona;;0;0;0;1;;;0;1;Motociclo a solo;In marcia / fermata / arresto;Conducente;M;Illeso;0;;;
5091730;13;06/10/2020 06:15:00;Strada Urbana;VIA GIANDOMENICO BERTOLI;all'intersezione con;VIA GIUSEPPE BOTTI;VIA GIUSEPPE BOTTI;;;Scontro frontale/laterale SX fra veicoli in marcia;Incrocio;Una carreggiata a doppio senso;Asciutto;Asfaltata;Assente;Sereno;Normale;Sufficiente;;0;0;0;2;12.3278;41.7841;-1;1;Autovettura privata;In marcia / fermata / arresto;Conducente;M;Illeso;0;;Non accertato;Inesploso
5091730;13;06/10/2020 06:15:00;Strada Urbana;VIA GIANDOMENICO BERTOLI;all'intersezione con;VIA GIUSEPPE BOTTI;VIA GIUSEPPE BOTTI;;;Scontro frontale/laterale SX fra veicoli in marcia;Incrocio;Una carreggiata a doppio senso;Asciutto;Asfaltata;Assente;Sereno;Normale;Sufficiente;;0;0;0;2;12.3278;41.7841;-1;2;Autovettura privata;In marcia / fermata / arresto;Conducente;M;Illeso;0;;Non accertato;Inesploso
5091740;18;06/10/2020 10:40:00;Strada Urbana;PIAZZALE GREGORIO VII;in prossimit�;;del civico n.;7;;Investimento di pedone;Curva senza visuale libera;Pi� di due carreggiate;Asciutto;Asfaltata;Verticale ed orizzontale;Sereno;Normale;Buona;;1;0;0;1;12.4511;41.8982;-1;;;;Pedone;M;Rimandato;0;NON DECEDUTO;;
5091740;18;06/10/2020 10:40:00;Strada Urbana;PIAZZALE GREGORIO VII;in prossimit�;;del civico n.;7;;Investimento di pedone;Curva senza visuale libera;Pi� di due carreggiate;Asciutto;Asfaltata;Verticale ed orizzontale;Sereno;Normale;Buona;;1;0;0;1;12.4511;41.8982;-1;1;Autovettura privata;In marcia / fermata / arresto;Conducente;M;Illeso;0;;Non accertato;Inesploso
5091769;11;06/10/2020 11:00:00;Strada Urbana;VIA DI VIGNA MURATA;da specificare;;;;50 m prima del civico 200;Tamponamento;Curva a visuale libera;Due carreggiate;Asciutto;Asfaltata;Verticale ed orizzontale;Sereno;Normale;Buona;;0;0;0;2;12.4987;41.8263;-1;1;Autovettura privata;In marcia / fermata / arresto;Conducente;M;Illeso;0;;Non accertato;Inesistente
5091769;11;06/10/2020 11:00:00;Strada Urbana;VIA DI VIGNA MURATA;da specificare;;;;50 m prima del civico 200;Tamponamento;Curva a visuale libera;Due carreggiate;Asciutto;Asfaltata;Verticale ed orizzontale;Sereno;Normale;Buona;;0;0;0;2;12.4987;41.8263;-1;2;Autovettura privata;In marcia / fermata / arresto;Conducente;M;Illeso;0;;Non accertato;Inesploso
5091806;1;06/10/2020 09:00:00;Strada Urbana;VIA ALVISE CADAMOSTO;in corrispondenza;;del civico n.;11;;Scontro laterale fra veicoli in marcia;Rettilineo;Una carreggiata a senso unico di marcia;Asciutto;Asfaltata;Verticale ed orizzontale;Sereno;Scarso;Buona;;0;0;0;2;12.4866;41.8753;-1;1;Autovettura privata;In marcia / fermata / arresto;Conducente;M;Illeso;0;;Non accertato;Inesploso
5091806;1;06/10/2020 09:00:00;Strada Urbana;VIA ALVISE CADAMOSTO;in corrispondenza;;del civico n.;11;;Scontro laterale fra veicoli in marcia;Rettilineo;Una carreggiata a senso unico di marcia;Asciutto;Asfaltata;Verticale ed orizzontale;Sereno;Scarso;Buona;;0;0;0;2;12.4866;41.8753;-1;2;Autovettura privata;In marcia / fermata / arresto;Conducente;F;Illeso;0;;Non accertato;Inesploso
5091850;1;06/10/2020 09:45:00;Strada Urbana;VIALE GLORIOSO;in corrispondenza;;del civico n.;25;;Tamponamento;Rettilineo;Una carreggiata a doppio senso;Asciutto;Asfaltata;Verticale ed orizzontale;Sereno;Scarso;Buona;;0;0;0;2;12.4681;41.8848;-1;1;Autovettura privata;In marcia / fermata / arresto;Conducente;M;Illeso;0;;Non accertato;
5091850;1;06/10/2020 09:45:00;Strada Urbana;VIALE GLORIOSO;in corrispondenza;;del civico n.;25;;Tamponamento;Rettilineo;Una carreggiata a doppio senso;Asciutto;Asfaltata;Verticale ed orizzontale;Sereno;Scarso;Buona;;0;0;0;2;12.4681;41.8848;-1;2;Autovettura privata;In marcia / fermata / arresto;Conducente;M;Illeso;0;;Non accertato;
5091904;6;06/10/2020 09:50:00;Strada Urbana;VIA CASILINA;in prossimit�;;del civico n.;175;;Tamponamento;Rettilineo;Una carreggiata a senso unico di marcia;Asciutto;Asfaltata;Assente;Sereno;Normale;Buona;;2;0;0;0;12.5252;41.8877;-1;1;Motociclo a solo;In marcia / fermata / arresto;Conducente;M;Rimandato;0;NON DECEDUTO;;
5091904;6;06/10/2020 09:50:00;Strada Urbana;VIA CASILINA;in prossimit�;;del civico n.;175;;Tamponamento;Rettilineo;Una carreggiata a senso unico di marcia;Asciutto;Asfaltata;Assente;Sereno;Normale;Buona;;2;0;0;0;12.5252;41.8877;-1;2;Velocipede;In marcia / fermata / arresto;Conducente;F;Rimandato;0;NON DECEDUTO;Esente;
5091923;12;06/10/2020 07:50:00;Strada Urbana;VIA CRISTOFORO COLOMBO;in corrispondenza;;del civico n.;714;;Scontro laterale fra veicoli in marcia;Rettilineo;Due carreggiate;Asciutto;Asfaltata;Verticale ed orizzontale;Sereno;Normale;Buona;;0;0;0;2;12.4616;41.8164;-1;1;Autovettura pubblica;In marcia / fermata / arresto;Conducente;M;Illeso;0;;Utilizzato;Inesploso
5091923;12;06/10/2020 07:50:00;Strada Urbana;VIA CRISTOFORO COLOMBO;in corrispondenza;;del civico n.;714;;Scontro laterale fra veicoli in marcia;Rettilineo;Due carreggiate;Asciutto;Asfaltata;Verticale ed orizzontale;Sereno;Normale;Buona;;0;0;0;2;12.4616;41.8164;-1;2;Altro;In marcia / fermata / arresto;Conducente;M;Illeso;0;;Utilizzato;Inesploso
5092034;15;06/10/2020 10:40:00;Strada Urbana;LARGO GAETANO LA LOGGIA;in corrispondenza;;del civico n.;33;;Investimento di pedone;Rettilineo;Pi� di due carreggiate;Asciutto;Asfaltata;Verticale ed orizzontale;Sereno;Normale;Buona;;2;0;0;1;12.4458;41.8557;-1;;;;Pedone;M;Rimandato;0;NON DECEDUTO;;
5092034;15;06/10/2020 10:40:00;Strada Urbana;LARGO GAETANO LA LOGGIA;in corrispondenza;;del civico n.;33;;Investimento di pedone;Rettilineo;Pi� di due carreggiate;Asciutto;Asfaltata;Verticale ed orizzontale;Sereno;Normale;Buona;;2;0;0;1;12.4458;41.8557;-1;1;Motociclo con passeggero;In marcia / fermata / arresto;Conducente;M;Rimandato;0;NON DECEDUTO;Non accertato;
5092034;15;06/10/2020 10:40:00;Strada Urbana;LARGO GAETANO LA LOGGIA;in corrispondenza;;del civico n.;33;;Investimento di pedone;Rettilineo;Pi� di due carreggiate;Asciutto;Asfaltata;Verticale ed orizzontale;Sereno;Normale;Buona;;2;0;0;1;12.4458;41.8557;-1;1;Motociclo con passeggero;In marcia / fermata / arresto;Passeggero;F;Illeso;0;;Non accertato;
5092055;2;01/10/2020 15:00:00;Strada Urbana;VIA OMBRONE;all'intersezione con;VIALE REGINA MARGHERITA;VIALE REGINA MARGHERITA;;;Veicolo in marcia contro veicolo in sosta;Incrocio;Una carreggiata a senso unico di marcia;Asciutto;Asfaltata;Verticale ed orizzontale;Sereno;Normale;Buona;;0;0;0;1;12.5018;41.917;-1;1;Autovettura privata;Sosta;;;;;;;
5092055;2;01/10/2020 15:00:00;Strada Urbana;VIA OMBRONE;all'intersezione con;VIALE REGINA MARGHERITA;VIALE REGINA MARGHERITA;;;Veicolo in marcia contro veicolo in sosta;Incrocio;Una carreggiata a senso unico di marcia;Asciutto;Asfaltata;Verticale ed orizzontale;Sereno;Normale;Buona;;0;0;0;1;12.5018;41.917;-1;2;Autovettura privata;In marcia / fermata / arresto;Conducente;F;Illeso;0;;Non accertato;Inesploso
5092139;12;06/10/2020 09:00:00;Strada Urbana;VIALE CRISTOFORO COLOMBO;da specificare;;;;prossimit� svincolo Hotel "Sheraton";Infortunio per caduta del veicolo;Curva a visuale libera;Due carreggiate;Asciutto;Asfaltata;Verticale ed orizzontale;Sereno;Normale;Buona;;0;0;0;2;12.4738;41.8417;-1;1;Autovettura privata;In marcia / fermata / arresto;Conducente;M;Illeso;0;;Utilizzato;Inesploso
5092139;12;06/10/2020 09:00:00;Strada Urbana;VIALE CRISTOFORO COLOMBO;da specificare;;;;prossimit� svincolo Hotel "Sheraton";Infortunio per caduta del veicolo;Curva a visuale libera;Due carreggiate;Asciutto;Asfaltata;Verticale ed orizzontale;Sereno;Normale;Buona;;0;0;0;2;12.4738;41.8417;-1;2;Motociclo a solo;In marcia / fermata / arresto;Conducente;M;Illeso;0;;Utilizzato;
5092370;2;06/10/2020 04:20:00;Strada Urbana;CORSO TRIESTE;in prossimit�;;del civico n.;90;;Veicolo in marcia contro veicoli in sosta;Rettilineo;Una carreggiata a senso unico di marcia;Asciutto;Asfaltata;Verticale ed orizzontale;Sereno;Scarso;Sufficiente;;0;0;0;1;12.5095;41.9205;-1;1;Autovettura privata;In marcia / fermata / arresto;Conducente;M;Illeso;0;;;
5092370;2;06/10/2020 04:20:00;Strada Urbana;CORSO TRIESTE;in prossimit�;;del civico n.;90;;Veicolo in marcia contro veicoli in sosta;Rettilineo;Una carreggiata a senso unico di marcia;Asciutto;Asfaltata;Verticale ed orizzontale;Sereno;Scarso;Sufficiente;;0;0;0;1;12.5095;41.9205;-1;2;Ciclomotore;Sosta;;;;;;;
5092370;2;06/10/2020 04:20:00;Strada Urbana;CORSO TRIESTE;in prossimit�;;del civico n.;90;;Veicolo in marcia contro veicoli in sosta;Rettilineo;Una carreggiata a senso unico di marcia;Asciutto;Asfaltata;Verticale ed orizzontale;Sereno;Scarso;Sufficiente;;0;0;0;1;12.5095;41.9205;-1;3;Motociclo a solo;Sosta;;;;;;;
5092370;2;06/10/2020 04:20:00;Strada Urbana;CORSO TRIESTE;in prossimit�;;del civico n.;90;;Veicolo in marcia contro veicoli in sosta;Rettilineo;Una carreggiata a senso unico di marcia;Asciutto;Asfaltata;Verticale ed orizzontale;Sereno;Scarso;Sufficiente;;0;0;0;1;12.5095;41.9205;-1;4;Motociclo a solo;Sosta;;;;;;;
5092370;2;06/10/2020 04:20:00;Strada Urbana;CORSO TRIESTE;in prossimit�;;del civico n.;90;;Veicolo in marcia contro veicoli in sosta;Rettilineo;Una carreggiata a senso unico di marcia;Asciutto;Asfaltata;Verticale ed orizzontale;Sereno;Scarso;Sufficiente;;0;0;0;1;12.5095;41.9205;-1;5;Motociclo a solo;Sosta;;;;;;;
5092377;13;06/10/2020 15:30:00;Provinciale entro l'abitato;VIA DEL MARE;in corrispondenza;;della chilometrica;23.8;;Tamponamento;Rettilineo;Una carreggiata a doppio senso;Asciutto;Asfaltata;Verticale ed orizzontale;Sereno;Normale;Buona;;1;0;0;2;12.4632;41.8403;-1;1;Autovettura privata;In marcia / fermata / arresto;Conducente;F;Illeso;0;;Non accertato;Inesploso
5092377;13;06/10/2020 15:30:00;Provinciale entro l'abitato;VIA DEL MARE;in corrispondenza;;della chilometrica;23.8;;Tamponamento;Rettilineo;Una carreggiata a doppio senso;Asciutto;Asfaltata;Verticale ed orizzontale;Sereno;Normale;Buona;;1;0;0;2;12.4632;41.8403;-1;1;Autovettura privata;In marcia / fermata / arresto;Passeggero;F;Rimandato;0;NON DECEDUTO;Non accertato;Inesploso
5092377;13;06/10/2020 15:30:00;Provinciale entro l'abitato;VIA DEL MARE;in corrispondenza;;della chilometrica;23.8;;Tamponamento;Rettilineo;Una carreggiata a doppio senso;Asciutto;Asfaltata;Verticale ed orizzontale;Sereno;Normale;Buona;;1;0;0;2;12.4632;41.8403;-1;2;Autovettura privata;In marcia / fermata / arresto;Conducente;M;Illeso;0;;;Inesploso
5092448;18;06/10/2020 09:35:00;Strada Urbana;VIA AURELIA;da specificare;;;;fronte civico 471;Investimento di pedone;Rettilineo;Due carreggiate;Asciutto;Asfaltata;Verticale ed orizzontale;Sereno;Normale;Buona;;2;0;0;0;12.4249;41.8985;-1;;;;Pedone;F;Rifiuta cure immediate;0;NON DECEDUTO;;
5092448;18;06/10/2020 09:35:00;Strada Urbana;VIA AURELIA;da specificare;;;;fronte civico 471;Investimento di pedone;Rettilineo;Due carreggiate;Asciutto;Asfaltata;Verticale ed orizzontale;Sereno;Normale;Buona;;2;0;0;0;12.4249;41.8985;-1;1;Motociclo a solo;In marcia / fermata / arresto;Conducente;M;Rifiuta cure immediate;0;NON DECEDUTO;;
5092450;10;06/10/2020 16:30:00;Strada Urbana;VIA TUSCOLANA;in corrispondenza;;del civico n.;1166;;Tamponamento;Rettilineo;Una carreggiata a doppio senso;Asciutto;Asfaltata;Verticale ed orizzontale;Sereno;Intenso;Buona;;0;0;0;2;12.5608;41.8574;-1;1;Autovettura privata;In marcia / fermata / arresto;Conducente;F;Illeso;0;;;Inesploso
5092450;10;06/10/2020 16:30:00;Strada Urbana;VIA TUSCOLANA;in corrispondenza;;del civico n.;1166;;Tamponamento;Rettilineo;Una carreggiata a doppio senso;Asciutto;Asfaltata;Verticale ed orizzontale;Sereno;Intenso;Buona;;0;0;0;2;12.5608;41.8574;-1;2;Autovettura privata;In marcia / fermata / arresto;Conducente;M;Illeso;0;;;Inesploso