Protocollo;Gruppo;DataOraIncidente;Localizzazione1;STRADA1;Localizzazione2;STRADA2;Strada02;Chilometrica;DaSpecificare;NaturaIncidente;particolaritastrade;TipoStrada;FondoStradale;Pavimentazione;Segnaletica;CondizioneAtmosferica;Traffico;Visibilita;Illuminazione;NUM_FERITI;NUM_RISERVATA;NUM_MORTI;NUM_ILLESI;Longitudine;Latitudine;Confermato;Progressivo;TipoVeicolo;StatoVeicolo;TipoPersona;Sesso;Tipolesione;Deceduto;DecedutoDopo;CinturaCascoUtilizzato;Airbag;
5093188;6;07/10/2020 01:30:00;Strada Urbana;VIA TOR DE' SCHIAVI;all'intersezione con;VIA PRENESTINA;VIA PRENESTINA;;;Veicolo in marcia contro veicoli in sosta;Intersezione semaforizzata;Due carreggiate;Bagnato (pioggia);Asfaltata;Verticale ed orizzontale;Pioggia in atto;Scarso;Sufficiente;;0;0;0;1;12.5591;41.8946;-1;5;Autovettura privata;Sosta;;;;;;;
5093194;7;06/10/2020 09:25:00;Strada Urbana;VIA RAFFAELE COSTI;all'intersezione con;VIA VIRGILIO GUIDI;VIA VIRGILIO GUIDI;;;Scontro frontale/laterale DX fra veicoli in marcia;Incrocio;Una carreggiata a doppio senso;Asciutto;Asfaltata;Verticale ed orizzontale;Sereno;Normale;Buona;;1;0;0;1;12.593;41.9094;-1;1;Autovettura privata;In marcia / fermata / arresto;Conducente;F;Illeso;0;;Non accertato;Inesploso
5093194;7;06/10/2020 09:25:00;Strada Urbana;VIA RAFFAELE COSTI;all'intersezione con;VIA VIRGILIO GUIDI;VIA VIRGILIO GUIDI;;;Scontro frontale/laterale DX fra veicoli in marcia;Incrocio;Una carreggiata a doppio senso;Asciutto;Asfaltata;Verticale ed orizzontale;Sereno;Normale;Buona;;1;0;0;1;12.593;41.9094;-1;2;Motociclo a solo;In marcia / fermata / arresto;Conducente;M;Rimandato;0;NON DECEDUTO;Non accertato;
5093202;1;06/10/2020 15:21:00;Strada Urbana;VIA SICILIA;all'intersezione con;VIA LUCANIA;VIA LUCANIA;;;Scontro frontale/laterale DX fra veicoli in marcia;Incrocio;Una carreggiata a senso unico di marcia;Asciutto;Asfaltata;Verticale ed orizzontale;Sereno;Normale;Buona;;1;0;0;2;12.4965;41.91;-1;1;Motociclo a solo;In marcia / fermata / arresto;Conducente;M;Rimandato;0;NON DECEDUTO;Non accertato;
5093202;1;06/10/2020 15:21:00;Strada Urbana;VIA SICILIA;all'intersezione con;VIA LUCANIA;VIA LUCANIA;;;Scontro frontale/laterale DX fra veicoli in marcia;Incrocio;Una carreggiata a senso unico di marcia;Asciutto;Asfaltata;Verticale ed orizzontale;Sereno;Normale;Buona;;1;0;0;2;12.4965;41.91;-1;2;Autovettura privata;In marcia / fermata / arresto;Conducente;M;Illeso;0;;Non accertato;Inesploso
5093202;1;06/10/2020 15:21:00;Strada Urbana;VIA SICILIA;all'intersezione con;VIA LUCANIA;VIA LUCANIA;;;Scontro frontale/laterale DX fra veicoli in marcia;Incrocio;Una carreggiata a senso unico di marcia;Asciutto;Asfaltata;Verticale ed orizzontale;Sereno;Normale;Buona;;1;0;0;2;12.4965;41.91;-1;2;Autovettura privata;In marcia / fermata / arresto;Passeggero;M;Illeso;0;;;
5093203;11;06/10/2020 20:30:00;Strada Urbana;VIA TULLIO LEVI CIVITA;all'intersezione con;VIALE FERDINANDO BALDELLI;VIALE FERDINANDO BALDELLI;;;Scontro frontale/laterale SX fra veicoli in marcia;Rotatoria;Due carreggiate;Asciutto;Asfaltata;Verticale ed orizzontale;Sereno;Scarso;Buona;;0;0;0;3;12.4734;41.8561;-1;1;Autovettura privata;In marcia / fermata / arresto;Conducente;F;Illeso;0;;Non accertato;
5093203;11;06/10/2020 20:30:00;Strada Urbana;VIA TULLIO LEVI CIVITA;all'intersezione con;VIALE FERDINANDO BALDELLI;VIALE FERDINANDO BALDELLI;;;Scontro frontale/laterale SX fra veicoli in marcia;Rotatoria;Due carreggiate;Asciutto;Asfaltata;Verticale ed orizzontale;Sereno;Scarso;Buona;;0;0;0;3;12.4734;41.8561;-1;1;Autovettura privata;In marcia / fermata / arresto;Passeggero;M;Illeso;0;;Non accertato;
5093203;11;06/10/2020 20:30:00;Strada Urbana;VIA TULLIO LEVI CIVITA;all'intersezione con;VIALE FERDINANDO BALDELLI;VIALE FERDINANDO BALDELLI;;;Scontro frontale/laterale SX fra veicoli in marcia;Rotatoria;Due carreggiate;Asciutto;Asfaltata;Verticale ed orizzontale;Sereno;Scarso;Buona;;0;0;0;3;12.4734;41.8561;-1;2;Autovettura privata;In marcia / fermata / arresto;Conducente;F;Illeso;0;;Non accertato;
5093206;12;06/10/2020 19:15:00;Strada Urbana;VIA GIACOMO GOBBI BELCREDI;all'intersezione con;VIA SCIPIONE FRANCHETTI;VIA SCIPIONE FRANCHETTI;;;Scontro frontale/laterale SX fra veicoli in marcia;Incrocio;Una carreggiata a senso unico di marcia;Asciutto;Asfaltata;Verticale ed orizzontale;Sereno;Scarso;Buona;;1;0;0;1;12.4398;41.7774;-1;1;Autovettura privata;In marcia / fermata / arresto;Conducente;M;Illeso;0;;;
5093206;12;06/10/2020 19:15:00;Strada Urbana;VIA GIACOMO GOBBI BELCREDI;all'intersezione con;VIA SCIPIONE FRANCHETTI;VIA SCIPIONE FRANCHETTI;;;Scontro frontale/laterale SX fra veicoli in marcia;Incrocio;Una carreggiata a senso unico di marcia;Asciutto;Asfaltata;Verticale ed orizzontale;Sereno;Scarso;Buona;;1;0;0;1;12.4398;41.7774;-1;2;Velocipede;In marcia / fermata / arresto;Conducente;M;Rimandato;0;NON DECEDUTO;Esente;
5093228;7;06/10/2020 10:15:00;Strada Urbana;VIA PRENESTINA;in corrispondenza;;del palo luce n.;1020;;Scontro laterale fra veicoli in marcia;Rotatoria;Una carreggiata a senso unico di marcia;Asciutto;Asfaltata;Orizzontale;Sereno;Intenso;Buona;;0;0;0;2;12.6155;41.8933;-1;1;Autobus di linea;In marcia / fermata / arresto;Conducente;M;Illeso;0;;Non accertato;Inesistente
5093228;7;06/10/2020 10:15:00;Strada Urbana;VIA PRENESTINA;in corrispondenza;;del palo luce n.;1020;;Scontro laterale fra veicoli in marcia;Rotatoria;Una carreggiata a senso unico di marcia;Asciutto;Asfaltata;Orizzontale;Sereno;Intenso;Buona;;0;0;0;2;12.6155;41.8933;-1;2;Autocarro inferiore 35 q.;In marcia / fermata / arresto;Conducente;M;Illeso;0;;Non accertato;
5093232;5;06/10/2020 10:00:00;Strada Urbana;LARGO CAMESENA;in corrispondenza;;del civico n.;18;;Scontro frontale/laterale DX fra veicoli in marcia;Rettilineo;Pi� di due carreggiate;Asciutto;Asfaltata;Assente;Sereno;Normale;Buona;;0;0;0;2;12.5352;41.9091;-1;1;Autotreno;In marcia / fermata / arresto;Conducente;M;Illeso;0;;Non accertato;Inesploso
5093232;5;06/10/2020 10:00:00;Strada Urbana;LARGO CAMESENA;in corrispondenza;;del civico n.;18;;Scontro frontale/laterale DX fra veicoli in marcia;Rettilineo;Pi� di due carreggiate;Asciutto;Asfaltata;Assente;Sereno;Normale;Buona;;0;0;0;2;12.5352;41.9091;-1;2;Autovettura privata;In marcia / fermata / arresto;Conducente;F;Illeso;0;;Non accertato;Inesploso
5093238;5;06/10/2020 15:40:00;Strada Urbana;VIA POLLENZA;all'intersezione con;VIA MONTECASSIANO;VIA MONTECASSIANO;;;Scontro frontale/laterale DX fra veicoli in marcia;Incrocio;Una carreggiata a doppio senso;Asciutto;Asfaltata;Verticale;Sereno;Scarso;Buona;;0;0;0;8;12.5776;41.9445;-1;1;Autovettura privata;In marcia / fermata / arresto;Conducente;M;Illeso;0;;Non accertato;Inesploso
5093238;5;06/10/2020 15:40:00;Strada Urbana;VIA POLLENZA;all'intersezione con;VIA MONTECASSIANO;VIA MONTECASSIANO;;;Scontro frontale/laterale DX fra veicoli in marcia;Incrocio;Una carreggiata a doppio senso;Asciutto;Asfaltata;Verticale;Sereno;Scarso;Buona;;0;0;0;8;12.5776;41.9445;-1;1;Autovettura privata;In marcia / fermata / arresto;Passeggero;F;Illeso;0;;Non accertato;Inesploso
5093238;5;06/10/2020 15:40:00;Strada Urbana;VIA POLLENZA;all'intersezione con;VIA MONTECASSIANO;VIA MONTECASSIANO;;;Scontro frontale/laterale DX fra veicoli in marcia;Incrocio;Una carreggiata a doppio senso;Asciutto;Asfaltata;Verticale;Sereno;Scarso;Buona;;0;0;0;8;12.5776;41.9445;-1;2;Autovettura privata;In marcia / fermata / arresto;Conducente;F;Illeso;0;;Non accertato;Inesploso
5093238;5;06/10/2020 15:40:00;Strada Urbana;VIA POLLENZA;all'intersezione con;VIA MONTECASSIANO;VIA MONTECASSIANO;;;Scontro frontale/laterale DX fra veicoli in marcia;Incrocio;Una carreggiata a doppio senso;Asciutto;Asfaltata;Verticale;Sereno;Scarso;Buona;;0;0;0;8;12.5776;41.9445;-1;2;Autovettura privata;In marcia / fermata / arresto;Passeggero;M;Illeso;0;;Utilizzato;Inesploso
5093238;5;06/10/2020 15:40:00;Strada Urbana;VIA POLLENZA;all'intersezione con;VIA MONTECASSIANO;VIA MONTECASSIANO;;;Scontro frontale/laterale DX fra veicoli in marcia;Incrocio;Una carreggiata a doppio senso;Asciutto;Asfaltata;Verticale;Sereno;Scarso;Buona;;0;0;0;8;12.5776;41.9445;-1;2;Autovettura privata;In marcia / fermata / arresto;Passeggero;M;Illeso;0;;Utilizzato;Inesploso
5093238;5;06/10/2020 15:40:00;Strada Urbana;VIA POLLENZA;all'intersezione con;VIA MONTECASSIANO;VIA MONTECASSIANO;;;Scontro frontale/laterale DX fra veicoli in marcia;Incrocio;Una carreggiata a doppio senso;Asciutto;Asfaltata;Verticale;Sereno;Scarso;Buona;;0;0;0;8;12.5776;41.9445;-1;3;Autovettura privata;In marcia / fermata / arresto;Conducente;F;Illeso;0;;Non accertato;Inesploso
5093238;5;06/10/2020 15:40:00;Strada Urbana;VIA POLLENZA;all'intersezione con;VIA MONTECASSIANO;VIA MONTECASSIANO;;;Scontro frontale/laterale DX fra veicoli in marcia;Incrocio;Una carreggiata a doppio senso;Asciutto;Asfaltata;Verticale;Sereno;Scarso;Buona;;0;0;0;8;12.5776;41.9445;-1;3;Autovettura privata;In marcia / fermata / arresto;Passeggero;F;Illeso;0;;Non accertato;Inesploso
5093238;5;06/10/2020 15:40:00;Strada Urbana;VIA POLLENZA;all'intersezione con;VIA MONTECASSIANO;VIA MONTECASSIANO;;;Scontro frontale/laterale DX fra veicoli in marcia;Incrocio;Una carreggiata a doppio senso;Asciutto;Asfaltata;Verticale;Sereno;Scarso;Buona;;0;0;0;8;12.5776;41.9445;-1;3;Autovettura privata;In marcia / fermata / arresto;Passeggero;F;Illeso;0;;Non accertato;Inesploso
5093238;5;06/10/2020 15:40:00;Strada Urbana;VIA POLLENZA;all'intersezione con;VIA MONTECASSIANO;VIA MONTECASSIANO;;;Scontro frontale/laterale DX fra veicoli in marcia;Incrocio;Una carreggiata a doppio senso;Asciutto;Asfaltata;Verticale;Sereno;Scarso;Buona;;0;0;0;8;12.5776;41.9445;-1;4;Autovettura privata;Sosta;;;;;;;
5093239;12;06/10/2020 18:24:00;Strada Urbana;VIALE SS. PIETRO E PAOLO;in corrispondenza;;del civico n.;7;;Scontro frontale/laterale SX fra veicoli in marcia;Pendenza;Una carreggiata a doppio senso;Asciutto;Asfaltata;Verticale ed orizzontale;Sereno;Normale;Buona;;0;0;0;2;12.4619;41.8345;-1;1;Autovettura privata;In marcia / fermata / arresto;Conducente;M;Illeso;0;;Utilizzato;Inesploso
5093239;12;06/10/2020 18:24:00;Strada Urbana;VIALE SS. PIETRO E PAOLO;in corrispondenza;;del civico n.;7;;Scontro frontale/laterale SX fra veicoli in marcia;Pendenza;Una carreggiata a doppio senso;Asciutto;Asfaltata;Verticale ed orizzontale;Sereno;Normale;Buona;;0;0;0;2;12.4619;41.8345;-1;2;Quadriciclo leggero;In marcia / fermata / arresto;Conducente;F;Illeso;0;;Non accertato;Inesploso
5093242;7;06/10/2020 11:30:00;Strada Urbana;VIA PRENESTINA;in corrispondenza;;del civico n.;1053;;Scontro frontale/laterale DX fra veicoli in marcia;Rettilineo;Una carreggiata a senso unico di marcia;Asciutto;Asfaltata;Assente;Nuvoloso;Normale;Buona;;0;0;0;2;12.6205;41.8932;-1;1;Autocarro inferiore 35 q.;In marcia / fermata / arresto;Conducente;M;Illeso;0;;Non accertato;Inesploso
5093242;7;06/10/2020 11:30:00;Strada Urbana;VIA PRENESTINA;in corrispondenza;;del civico n.;1053;;Scontro frontale/laterale DX fra veicoli in marcia;Rettilineo;Una carreggiata a senso unico di marcia;Asciutto;Asfaltata;Assente;Nuvoloso;Normale;Buona;;0;0;0;2;12.6205;41.8932;-1;2;Autovettura privata;In marcia / fermata / arresto;Conducente;M;Illeso;0;;Non accertato;Inesploso
5093246;11;06/10/2020 13:05:00;Strada Urbana;VIA DEI GEORGOFILI;all'intersezione con;VIA DELL'ARCADIA;VIA DELL'ARCADIA;;;Tamponamento;Incrocio;Due carreggiate;Asciutto;Asfaltata;Verticale ed orizzontale;Sereno;Scarso;Buona;;0;0;0;3;12.4922;41.8533;-1;1;Autovettura privata;In marcia / fermata / arresto;Conducente;M;Illeso;0;;Utilizzato;
5093246;11;06/10/2020 13:05:00;Strada Urbana;VIA DEI GEORGOFILI;all'intersezione con;VIA DELL'ARCADIA;VIA DELL'ARCADIA;;;Tamponamento;Incrocio;Due carreggiate;Asciutto;Asfaltata;Verticale ed orizzontale;Sereno;Scarso;Buona;;0;0;0;3;12.4922;41.8533;-1;1;Autovettura privata;In marcia / fermata / arresto;Passeggero;F;Illeso;0;;Utilizzato;
5093246;11;06/10/2020 13:05:00;Strada Urbana;VIA DEI GEORGOFILI;all'intersezione con;VIA DELL'ARCADIA;VIA DELL'ARCADIA;;;Tamponamento;Incrocio;Due carreggiate;Asciutto;Asfaltata;Verticale ed orizzontale;Sereno;Scarso;Buona;;0;0;0;3;12.4922;41.8533;-1;2;Autovettura privata;In marcia / fermata / arresto;Conducente;M;Illeso;0;;Non accertato;
5093253;1;06/10/2020 16:00:00;Strada Urbana;VIA DEL COLOSSEO;da specificare;;;;pressi intersezione VIA DELLE CARINE;Veicolo in marcia contro veicoli in sosta;Rettilineo;Una carreggiata a doppio senso;Asciutto;In cubetti di porfido;Verticale ed orizzontale;Sereno;Scarso;Buona;;0;0;0;1;12.4898;41.8926;-1;1;Autovettura privata;In marcia / fermata / arresto;Conducente;M;Illeso;0;;Non accertato;Inesploso
5093253;1;06/10/2020 16:00:00;Strada Urbana;VIA DEL COLOSSEO;da specificare;;;;pressi intersezione VIA DELLE CARINE;Veicolo in marcia contro veicoli in sosta;Rettilineo;Una carreggiata a doppio senso;Asciutto;In cubetti di porfido;Verticale ed orizzontale;Sereno;Scarso;Buona;;0;0;0;1;12.4898;41.8926;-1;2;Autocarro inferiore 35 q.;Sosta;;;;;;;
5093253;1;06/10/2020 16:00:00;Strada Urbana;VIA DEL COLOSSEO;da specificare;;;;pressi intersezione VIA DELLE CARINE;Veicolo in marcia contro veicoli in sosta;Rettilineo;Una carreggiata a doppio senso;Asciutto;In cubetti di porfido;Verticale ed orizzontale;Sereno;Scarso;Buona;;0;0;0;1;12.4898;41.8926;-1;3;Autovettura privata;Sosta;;;;;;;
5093253;1;06/10/2020 16:00:00;Strada Urbana;VIA DEL COLOSSEO;da specificare;;;;pressi intersezione VIA DELLE CARINE;Veicolo in marcia contro veicoli in sosta;Rettilineo;Una carreggiata a doppio senso;Asciutto;In cubetti di porfido;Verticale ed orizzontale;Sereno;Scarso;Buona;;0;0;0;1;12.4898;41.8926;-1;4;Autovettura privata;Sosta;;;;;;;
5093253;1;06/10/2020 16:00:00;Strada Urbana;VIA DEL COLOSSEO;da specificare;;;;pressi intersezione VIA DELLE CARINE;Veicolo in marcia contro veicoli in sosta;Rettilineo;Una carreggiata a doppio senso;Asciutto;In cubetti di porfido;Verticale ed orizzontale;Sereno;Scarso;Buona;;0;0;0;1;12.4898;41.8926;-1;5;Autovettura privata;Sosta;;;;;;;
5093253;1;06/10/2020 16:00:00;Strada Urbana;VIA DEL COLOSSEO;da specificare;;;;pressi intersezione VIA DELLE CARINE;Veicolo in marcia contro veicoli in sosta;Rettilineo;Una carreggiata a doppio senso;Asciutto;In cubetti di porfido;Verticale ed orizzontale;Sereno;Scarso;Buona;;0;0;0;1;12.4898;41.8926;-1;6;Autovettura privata;Sosta;;;;;;;
5093253;1;06/10/2020 16:00:00;Strada Urbana;VIA DEL COLOSSEO;da specificare;;;;pressi intersezione VIA DELLE CARINE;Veicolo in marcia contro veicoli in sosta;Rettilineo;Una carreggiata a doppio senso;Asciutto;In cubetti di porfido;Verticale ed orizzontale;Sereno;Scarso;Buona;;0;0;0;1;12.4898;41.8926;-1;7;Autovettura privata;Sosta;;;;;;;
5093259;7;06/10/2020 10:20:00;Strada Urbana;VIA DEL FOSSO DI TOR TRE TESTE;all'intersezione con;VIA GIROLAMO VARIOLA;VIA GIROLAMO VARIOLA;;;Scontro frontale/laterale DX fra veicoli in marcia;Incrocio;Una carreggiata a doppio senso;Asciutto;Asfaltata;Verticale ed orizzontale;Sereno;Intenso;Buona;;0;0;0;2;12.6081;41.8857;-1;1;Autovettura privata;In marcia / fermata / arresto;Conducente;F;Illeso;0;;Non accertato;Inesploso
5093259;7;06/10/2020 10:20:00;Strada Urbana;VIA DEL FOSSO DI TOR TRE TESTE;all'intersezione con;VIA GIROLAMO VARIOLA;VIA GIROLAMO VARIOLA;;;Scontro frontale/laterale DX fra veicoli in marcia;Incrocio;Una carreggiata a doppio senso;Asciutto;Asfaltata;Verticale ed orizzontale;Sereno;Intenso;Buona;;0;0;0;2;12.6081;41.8857;-1;2;Autocarro superiore 35 q.;In marcia / fermata / arresto;Conducente;M;Illeso;0;;Non accertato;Inesploso
5093265;5;06/10/2020 18:05:00;Strada Urbana;VIA TIBURTINA;da specificare;;;;ALTEZZA VIA DEL CASALE DI SAN BASILIO;Tamponamento;Rettilineo;Due carreggiate;Asciutto;Asfaltata;Verticale ed orizzontale;Sereno;Normale;Buona;;0;0;0;2;12.5848;41.9325;-1;1;Autovettura privata;In marcia / fermata / arresto;Conducente;M;Illeso;0;;Non accertato;Inesploso
5093265;5;06/10/2020 18:05:00;Strada Urbana;VIA TIBURTINA;da specificare;;;;ALTEZZA VIA DEL CASALE DI SAN BASILIO;Tamponamento;Rettilineo;Due carreggiate;Asciutto;Asfaltata;Verticale ed orizzontale;Sereno;Normale;Buona;;0;0;0;2;12.5848;41.9325;-1;2;Autovettura privata;In marcia / fermata / arresto;Conducente;F;Illeso;0;;Non accertato;Inesploso
5093270;1;07/10/2020 02:45:00;Strada Urbana;VIA LUISA DI SAVOIA;all'intersezione con;LUNGOTEVERE ARNALDO DA BRESCIA;LUNGOTEVERE ARNALDO DA BRESCIA;;;Veicolo in marcia contro ostacolo fisso;Incrocio;Una carreggiata a senso unico di marcia;Asciutto;Asfaltata;Verticale ed orizzontale;Sereno;Scarso;Sufficiente;;0;0;0;2;12.4731;41.911;-1;1;Autovettura privata;In marcia / fermata / arresto;Conducente;M;Illeso;0;;Non accertato;Esploso
5093270;1;07/10/2020 02:45:00;Strada Urbana;VIA LUISA DI SAVOIA;all'intersezione con;LUNGOTEVERE ARNALDO DA BRESCIA;LUNGOTEVERE ARNALDO DA BRESCIA;;;Veicolo in marcia contro ostacolo fisso;Incrocio;Una carreggiata a senso unico di marcia;Asciutto;Asfaltata;Verticale ed orizzontale;Sereno;Scarso;Sufficiente;;0;0;0;2;12.4731;41.911;-1;1;Autovettura privata;In marcia / fermata / arresto;Passeggero;F;Illeso;0;;Non accertato;Esploso
5093277;12;07/10/2020 05:00:00;Strada Urbana;VIALE DI VAL FIORITA;in corrispondenza;;del palo luce n.;17;;Veicolo in marcia contro veicoli in sosta;Rettilineo;Una carreggiata a doppio senso;Bagnato (umidit� in atto);Asfaltata;Verticale ed orizzontale;Nuvoloso;Scarso;Sufficiente;;1;0;0;0;12.4644;41.8394;-1;1;Autovettura privata;Sosta;;;;;;;
5093277;12;07/10/2020 05:00:00;Strada Urbana;VIALE DI VAL FIORITA;in corrispondenza;;del palo luce n.;17;;Veicolo in marcia contro veicoli in sosta;Rettilineo;Una carreggiata a doppio senso;Bagnato (umidit� in atto);Asfaltata;Verticale ed orizzontale;Nuvoloso;Scarso;Sufficiente;;1;0;0;0;12.4644;41.8394;-1;2;Autovettura privata;In marcia / fermata / arresto;Conducente;M;Rimandato;0;NON DECEDUTO;;Esploso
5093277;12;07/10/2020 05:00:00;Strada Urbana;VIALE DI VAL FIORITA;in corrispondenza;;del palo luce n.;17;;Veicolo in marcia contro veicoli in sosta;Rettilineo;Una carreggiata a doppio senso;Bagnato (umidit� in atto);Asfaltata;Verticale ed orizzontale;Nuvoloso;Scarso;Sufficiente;;1;0;0;0;12.4644;41.8394;-1;3;Autovettura privata;Sosta;;;;;;;
5093279;5;07/10/2020 03:40:00;Strada Urbana;VIA DELLE PALME;all'intersezione con;VIALE DELLE ORCHIDEE;VIALE DELLE ORCHIDEE;;;Scontro frontale/laterale SX fra veicoli in marcia;Incrocio;Una carreggiata a senso unico di marcia;Asciutto;Asfaltata;Verticale ed orizzontale;Nuvoloso;Scarso;Sufficiente;;1;0;0;2;12.569;41.8901;-1;1;Autovettura privata;In marcia / fermata / arresto;Conducente;M;Illeso;0;;Non accertato;Inesploso
5093279;5;07/10/2020 03:40:00;Strada Urbana;VIA DELLE PALME;all'intersezione con;VIALE DELLE ORCHIDEE;VIALE DELLE ORCHIDEE;;;Scontro frontale/laterale SX fra veicoli in marcia;Incrocio;Una carreggiata a senso unico di marcia;Asciutto;Asfaltata;Verticale ed orizzontale;Nuvoloso;Scarso;Sufficiente;;1;0;0;2;12.569;41.8901;-1;1;Autovettura privata;In marcia / fermata / arresto;Passeggero;M;Illeso;0;;Non accertato;Inesploso
5093279;5;07/10/2020 03:40:00;Strada Urbana;VIA DELLE PALME;all'intersezione con;VIALE DELLE ORCHIDEE;VIALE DELLE ORCHIDEE;;;Scontro frontale/laterale SX fra veicoli in marcia;Incrocio;Una carreggiata a senso unico di marcia;Asciutto;Asfaltata;Verticale ed orizzontale;Nuvoloso;Scarso;Sufficiente;;1;0;0;2;12.569;41.8901;-1;2;Autovettura privata;In marcia / fermata / arresto;Conducente;F;Rimandato;0;NON DECEDUTO;Non accertato;Inesploso
5093302;3;05/10/2020 13:35:00;Strada Urbana;VIA COSTANTINO CORVISIERI;in corrispondenza;;del civico n.;3;;Veicolo in marcia contro veicoli in sosta;Rettilineo;Una carreggiata a senso unico di marcia;Asciutto;Asfaltata;Verticale ed orizzontale;Sereno;Normale;Buona;;1;0;0;1;12.5214;41.919;-1;1;Autocarro inferiore 35 q.;Sosta;Passeggero;M;Illeso;0;;Non accertato;
5093302;3;05/10/2020 13:35:00;Strada Urbana;VIA COSTANTINO CORVISIERI;in corrispondenza;;del civico n.;3;;Veicolo in marcia contro veicoli in sosta;Rettilineo;Una carreggiata a senso unico di marcia;Asciutto;Asfaltata;Verticale ed orizzontale;Sereno;Normale;Buona;;1;0;0;1;12.5214;41.919;-1;2;Motociclo a solo;In marcia / fermata / arresto;Conducente;M;Rimandato;0;NON DECEDUTO;;
5093302;3;05/10/2020 13:35:00;Strada Urbana;VIA COSTANTINO CORVISIERI;in corrispondenza;;del civico n.;3;;Veicolo in marcia contro veicoli in sosta;Rettilineo;Una carreggiata a senso unico di marcia;Asciutto;Asfaltata;Verticale ed orizzontale;Sereno;Normale;Buona;;1;0;0;1;12.5214;41.919;-1;3;Autovettura privata;Sosta;;;;;;;
5093302;3;05/10/2020 13:35:00;Strada Urbana;VIA COSTANTINO CORVISIERI;in corrispondenza;;del civico n.;3;;Veicolo in marcia contro veicoli in sosta;Rettilineo;Una carreggiata a senso unico di marcia;Asciutto;Asfaltata;Verticale ed orizzontale;Sereno;Normale;Buona;;1;0;0;1;12.5214;41.919;-1;4;Autovettura privata;Sosta;;;;;;;
5093312;1;06/10/2020 19:10:00;Strada Urbana;CORSO VITTORIO EMANUELE II;in corrispondenza;;del civico n.;345;;Veicolo in marcia contro ostacolo fisso;Rettilineo;Una carreggiata a senso unico di marcia;Asciutto;Asfaltata;Verticale ed orizzontale;Sereno;Normale;Buona;;0;0;0;1;12.4651;41.9006;0;1;Autovettura privata;In marcia / fermata / arresto;Conducente;M;Illeso;0;;Non accertato;Inesploso
5093321;4;06/10/2020 18:00:00;Strada Urbana;VIALE TIRRENO;in prossimit�;;del civico n.;95;;Veicolo in marcia contro ostacolo accidentale;Rettilineo;Due carreggiate;Asciutto;Asfaltata;Verticale ed orizzontale;Sereno;Normale;Buona;;0;0;0;1;12.5298;41.9387;-1;1;Veicolo speciale;In marcia / fermata / arresto;Conducente;M;Illeso;0;;;
5093325;7;06/10/2020 13:00:00;Strada Urbana;VIALE DELLE GARDENIE;in corrispondenza;;del civico n.;140;;Investimento di pedone;Rettilineo;Una carreggiata a senso unico di marcia;Asciutto;Asfaltata;Verticale ed orizzontale;Sereno;Scarso;Buona;;1;0;0;1;12.5681;41.8856;-1;;;;Pedone;F;Ricoverato;0;NON DECEDUTO;;
5093325;7;06/10/2020 13:00:00;Strada Urbana;VIALE DELLE GARDENIE;in corrispondenza;;del civico n.;140;;Investimento di pedone;Rettilineo;Una carreggiata a senso unico di marcia;Asciutto;Asfaltata;Verticale ed orizzontale;Sereno;Scarso;Buona;;1;0;0;1;12.5681;41.8856;-1;1;Autovettura privata;In marcia / fermata / arresto;Conducente;F;Illeso;0;;Non accertato;Inesploso
5093345;1;06/10/2020 16:00:00;Strada Urbana;VIA PALESTRO;all'intersezione con;VIA MONTEBELLO;VIA MONTEBELLO;;;Scontro frontale/laterale DX fra veicoli in marcia;Incrocio;Una carreggiata a senso unico di marcia;Asciutto;Asfaltata;Orizzontale;Sereno;Scarso;Buona;;0;0;0;4;12.502;41.9068;-1;1;Autovettura privata;In marcia / fermata / arresto;Conducente;M;Illeso;0;;Non accertato;Inesploso
5093345;1;06/10/2020 16:00:00;Strada Urbana;VIA PALESTRO;all'intersezione con;VIA MONTEBELLO;VIA MONTEBELLO;;;Scontro frontale/laterale DX fra veicoli in marcia;Incrocio;Una carreggiata a senso unico di marcia;Asciutto;Asfaltata;Orizzontale;Sereno;Scarso;Buona;;0;0;0;4;12.502;41.9068;-1;1;Autovettura privata;In marcia / fermata / arresto;Passeggero;M;Illeso;0;;Non accertato;Inesploso
5093345;1;06/10/2020 16:00:00;Strada Urbana;VIA PALESTRO;all'intersezione con;VIA MONTEBELLO;VIA MONTEBELLO;;;Scontro frontale/laterale DX fra veicoli in marcia;Incrocio;Una carreggiata a senso unico di marcia;Asciutto;Asfaltata;Orizzontale;Sereno;Scarso;Buona;;0;0;0;4;12.502;41.9068;-1;1;Autovettura privata;In marcia / fermata / arresto;Passeggero;M;Illeso;0;;Non accertato;Inesploso
5093345;1;06/10/2020 16:00:00;Strada Urbana;VIA PALESTRO;all'intersezione con;VIA MONTEBELLO;VIA MONTEBELLO;;;Scontro frontale/laterale DX fra veicoli in marcia;Incrocio;Una carreggiata a senso unico di marcia;Asciutto;Asfaltata;Orizzontale;Sereno;Scarso;Buona;;0;0;0;4;12.502;41.9068;-1;2;Autovettura privata;In marcia / fermata / arresto;Conducente;M;Illeso;0;;;
5093356;7;06/10/2020 13:00:00;Strada Urbana;VIALE PALMIRO TOGLIATTI;in corrispondenza;;del civico n.;501;;Veicolo in marcia contro veicolo in sosta;Rettilineo;Due carreggiate;Asciutto;Asfaltata;Verticale ed orizzontale;Sereno;Normale;Buona;;0;0;0;1;12.5698;41.8746;-1;1;Autovettura privata;In marcia / fermata / arresto;Conducente;M;Illeso;0;;Non accertato;Inesploso