Protocollo;Gruppo;DataOraIncidente;Localizzazione1;STRADA1;Localizzazione2;STRADA2;Strada02;Chilometrica;DaSpecificare;NaturaIncidente;particolaritastrade;TipoStrada;FondoStradale;Pavimentazione;Segnaletica;CondizioneAtmosferica;Traffico;Visibilita;Illuminazione;NUM_FERITI;NUM_RISERVATA;NUM_MORTI;NUM_ILLESI;Longitudine;Latitudine;Confermato;Progressivo;TipoVeicolo;StatoVeicolo;TipoPersona;Sesso;Tipolesione;Deceduto;DecedutoDopo;CinturaCascoUtilizzato;Airbag;
5096387;12;08/10/2020 13:45:00;Strada Urbana;VIALE OCEANO ATLANTICO ;all'intersezione semaforizzata con;PIAZZALE XXV MARZO 1957;PIAZZALE XXV MARZO 1957;;;Scontro laterale fra veicoli in marcia;Intersezione semaforizzata;Una carreggiata a senso unico di marcia;Asciutto;Asfaltata;Verticale ed orizzontale;Sereno;Normale;Buona;;0;0;0;4;12.4636;41.8185;-1;2;Autovettura privata;In marcia / fermata / arresto;Passeggero;F;Illeso;0;;Non accertato;Inesploso
5096387;12;08/10/2020 13:45:00;Strada Urbana;VIALE OCEANO ATLANTICO ;all'intersezione semaforizzata con;PIAZZALE XXV MARZO 1957;PIAZZALE XXV MARZO 1957;;;Scontro laterale fra veicoli in marcia;Intersezione semaforizzata;Una carreggiata a senso unico di marcia;Asciutto;Asfaltata;Verticale ed orizzontale;Sereno;Normale;Buona;;0;0;0;4;12.4636;41.8185;-1;2;Autovettura privata;In marcia / fermata / arresto;Passeggero;F;Illeso;0;;Non accertato;Inesploso
5096486;3;07/10/2020 17:00:00;Strada Urbana;PIAZZA BOLOGNA;in prossimit�;;del civico n.;4b;;Scontro laterale fra veicoli in marcia;Rotatoria;Una carreggiata a senso unico di marcia;Bagnato (umidit� in atto);Asfaltata;Verticale ed orizzontale;Sereno;Normale;Buona;;0;0;0;2;12.521;41.9132;-1;1;Autovettura privata;In marcia / fermata / arresto;Conducente;F;Illeso;0;;;
5096486;3;07/10/2020 17:00:00;Strada Urbana;PIAZZA BOLOGNA;in prossimit�;;del civico n.;4b;;Scontro laterale fra veicoli in marcia;Rotatoria;Una carreggiata a senso unico di marcia;Bagnato (umidit� in atto);Asfaltata;Verticale ed orizzontale;Sereno;Normale;Buona;;0;0;0;2;12.521;41.9132;-1;2;Autovettura privata;In marcia / fermata / arresto;Conducente;F;Illeso;0;;;
5096492;9;08/10/2020 15:40:00;Strada Urbana;VIA TUSCOLANA;in prossimit�;;del civico n.;212;;Tamponamento Multiplo;Rettilineo;Una carreggiata a doppio senso;Asciutto;Asfaltata;Verticale ed orizzontale;Sereno;Intenso;Buona;;0;0;0;4;12.5227;41.8786;-1;1;Autocarro inferiore 35 q.;In marcia / fermata / arresto;Conducente;M;Illeso;0;;Non accertato;Inesploso
5096492;9;08/10/2020 15:40:00;Strada Urbana;VIA TUSCOLANA;in prossimit�;;del civico n.;212;;Tamponamento Multiplo;Rettilineo;Una carreggiata a doppio senso;Asciutto;Asfaltata;Verticale ed orizzontale;Sereno;Intenso;Buona;;0;0;0;4;12.5227;41.8786;-1;1;Autocarro inferiore 35 q.;In marcia / fermata / arresto;Passeggero;M;Illeso;0;;Non accertato;Inesploso
5096492;9;08/10/2020 15:40:00;Strada Urbana;VIA TUSCOLANA;in prossimit�;;del civico n.;212;;Tamponamento Multiplo;Rettilineo;Una carreggiata a doppio senso;Asciutto;Asfaltata;Verticale ed orizzontale;Sereno;Intenso;Buona;;0;0;0;4;12.5227;41.8786;-1;2;Autovettura privata;In marcia / fermata / arresto;Conducente;M;Illeso;0;;Non accertato;Inesploso
5096492;9;08/10/2020 15:40:00;Strada Urbana;VIA TUSCOLANA;in prossimit�;;del civico n.;212;;Tamponamento Multiplo;Rettilineo;Una carreggiata a doppio senso;Asciutto;Asfaltata;Verticale ed orizzontale;Sereno;Intenso;Buona;;0;0;0;4;12.5227;41.8786;-1;3;Autocarro inferiore 35 q.;In marcia / fermata / arresto;Conducente;M;Illeso;0;;Non accertato;Inesploso
5096523;10;08/10/2020 18:00:00;Strada Urbana;VIA PIZZO DI CALABRIA;all'intersezione con;VIA APPIA NUOVA;VIA APPIA NUOVA;;;Tamponamento;Incrocio;Una carreggiata a senso unico di marcia;Asciutto;Asfaltata;Verticale ed orizzontale;Sereno;Intenso;Buona;;0;0;0;3;12.5616;41.8252;-1;1;Autovettura privata;In marcia / fermata / arresto;Conducente;F;Illeso;0;;Non accertato;
5096523;10;08/10/2020 18:00:00;Strada Urbana;VIA PIZZO DI CALABRIA;all'intersezione con;VIA APPIA NUOVA;VIA APPIA NUOVA;;;Tamponamento;Incrocio;Una carreggiata a senso unico di marcia;Asciutto;Asfaltata;Verticale ed orizzontale;Sereno;Intenso;Buona;;0;0;0;3;12.5616;41.8252;-1;2;Autocarro inferiore 35 q.;In marcia / fermata / arresto;Conducente;M;Illeso;0;;Non accertato;
5096523;10;08/10/2020 18:00:00;Strada Urbana;VIA PIZZO DI CALABRIA;all'intersezione con;VIA APPIA NUOVA;VIA APPIA NUOVA;;;Tamponamento;Incrocio;Una carreggiata a senso unico di marcia;Asciutto;Asfaltata;Verticale ed orizzontale;Sereno;Intenso;Buona;;0;0;0;3;12.5616;41.8252;-1;2;Autocarro inferiore 35 q.;In marcia / fermata / arresto;Passeggero;M;Illeso;0;;Non accertato;
5096531;3;07/10/2020 19:20:00;Strada Urbana;CIRCONVALLAZIONE TIBURTINA;da specificare;;;;altezza semaforo A24;Scontro laterale fra veicoli in marcia;Rettilineo;Pi� di due carreggiate;Asciutto;Asfaltata;Verticale ed orizzontale;Sereno;Normale;Buona;;0;0;0;2;12.5313;41.9027;-1;1;Autovettura privata;In marcia / fermata / arresto;Conducente;M;Illeso;0;;;
5096531;3;07/10/2020 19:20:00;Strada Urbana;CIRCONVALLAZIONE TIBURTINA;da specificare;;;;altezza semaforo A24;Scontro laterale fra veicoli in marcia;Rettilineo;Pi� di due carreggiate;Asciutto;Asfaltata;Verticale ed orizzontale;Sereno;Normale;Buona;;0;0;0;2;12.5313;41.9027;-1;2;Autovettura privata;In marcia / fermata / arresto;Conducente;M;Illeso;0;;;
5096546;18;08/10/2020 07:40:00;Statale;VIA AURELIA;da specificare;;;;KM 14.000 DIR. ROMA CENTRO;Tamponamento;Rettilineo;Due carreggiate;Asciutto;Asfaltata;Verticale ed orizzontale;Sole radente;Intenso;Insufficiente;;0;0;0;2;12.3359;41.8705;-1;1;Motociclo a solo;In marcia / fermata / arresto;Conducente;M;Illeso;0;;;
5096546;18;08/10/2020 07:40:00;Statale;VIA AURELIA;da specificare;;;;KM 14.000 DIR. ROMA CENTRO;Tamponamento;Rettilineo;Due carreggiate;Asciutto;Asfaltata;Verticale ed orizzontale;Sole radente;Intenso;Insufficiente;;0;0;0;2;12.3359;41.8705;-1;2;Autovettura privata;In marcia / fermata / arresto;Conducente;F;Illeso;0;;;
5096593;15;08/10/2020 16:45:00;Strada Urbana;VIA DELLA MAGLIANA;da specificare;;;;prossimit� fronte civico 630;Tamponamento;Rettilineo;Una carreggiata a doppio senso;Asciutto;Asfaltata;Orizzontale;Sereno;Normale;Buona;;0;0;0;2;12.4196;41.8317;-1;1;Autovettura privata;In marcia / fermata / arresto;Conducente;M;Illeso;0;;;
5096593;15;08/10/2020 16:45:00;Strada Urbana;VIA DELLA MAGLIANA;da specificare;;;;prossimit� fronte civico 630;Tamponamento;Rettilineo;Una carreggiata a doppio senso;Asciutto;Asfaltata;Orizzontale;Sereno;Normale;Buona;;0;0;0;2;12.4196;41.8317;-1;2;Autovettura privata;In marcia / fermata / arresto;Conducente;M;Illeso;0;;;
5096765;8;08/10/2020 07:30:00;Strada Urbana;VIA DI TOR BELLA MONACA;da specificare;;;;100 mt dopo inters. Via Quaglia direz. GRA;Tamponamento;Rettilineo;Due carreggiate;Asciutto;Asfaltata;Verticale ed orizzontale;Sereno;Intenso;Buona;;1;0;0;3;12.6378;41.8676;-1;1;Autovettura privata;In marcia / fermata / arresto;Conducente;F;Illeso;0;;Non accertato;Inesploso
5096765;8;08/10/2020 07:30:00;Strada Urbana;VIA DI TOR BELLA MONACA;da specificare;;;;100 mt dopo inters. Via Quaglia direz. GRA;Tamponamento;Rettilineo;Due carreggiate;Asciutto;Asfaltata;Verticale ed orizzontale;Sereno;Intenso;Buona;;1;0;0;3;12.6378;41.8676;-1;1;Autovettura privata;In marcia / fermata / arresto;Passeggero;M;Rimandato;0;NON DECEDUTO;Non accertato;Inesploso
5096765;8;08/10/2020 07:30:00;Strada Urbana;VIA DI TOR BELLA MONACA;da specificare;;;;100 mt dopo inters. Via Quaglia direz. GRA;Tamponamento;Rettilineo;Due carreggiate;Asciutto;Asfaltata;Verticale ed orizzontale;Sereno;Intenso;Buona;;1;0;0;3;12.6378;41.8676;-1;1;Autovettura privata;In marcia / fermata / arresto;Passeggero;M;Illeso;0;;Non accertato;Inesploso
5096765;8;08/10/2020 07:30:00;Strada Urbana;VIA DI TOR BELLA MONACA;da specificare;;;;100 mt dopo inters. Via Quaglia direz. GRA;Tamponamento;Rettilineo;Due carreggiate;Asciutto;Asfaltata;Verticale ed orizzontale;Sereno;Intenso;Buona;;1;0;0;3;12.6378;41.8676;-1;2;Autovettura privata;In marcia / fermata / arresto;Conducente;M;Illeso;0;;Non accertato;Inesploso
5096766;8;08/10/2020 09:10:00;Strada Urbana;VIA BORGHESIANA;da specificare;;;;prossimit� Via Pratolungo Casilino;Tamponamento;Rettilineo;Una carreggiata a doppio senso;Asciutto;Asfaltata;Verticale ed orizzontale;Sereno;Normale;Buona;;0;0;0;2;12.6724;41.8765;-1;1;Autovettura privata;In marcia / fermata / arresto;Conducente;M;Illeso;0;;;
5096766;8;08/10/2020 09:10:00;Strada Urbana;VIA BORGHESIANA;da specificare;;;;prossimit� Via Pratolungo Casilino;Tamponamento;Rettilineo;Una carreggiata a doppio senso;Asciutto;Asfaltata;Verticale ed orizzontale;Sereno;Normale;Buona;;0;0;0;2;12.6724;41.8765;-1;2;Autovettura privata;In marcia / fermata / arresto;Conducente;F;Illeso;0;;;
5096767;8;08/10/2020 09:10:00;Provinciale entro l'abitato;VIA CASILINA;in corrispondenza;;del civico n.;1797;;Scontro laterale fra veicoli in marcia;Rettilineo;Una carreggiata a doppio senso;Asciutto;Asfaltata;Verticale ed orizzontale;Sereno;Normale;Buona;;0;0;0;2;12.6773;41.8636;-1;1;Autovettura privata;In marcia / fermata / arresto;Conducente;F;Illeso;0;;;
5096767;8;08/10/2020 09:10:00;Provinciale entro l'abitato;VIA CASILINA;in corrispondenza;;del civico n.;1797;;Scontro laterale fra veicoli in marcia;Rettilineo;Una carreggiata a doppio senso;Asciutto;Asfaltata;Verticale ed orizzontale;Sereno;Normale;Buona;;0;0;0;2;12.6773;41.8636;-1;2;Motociclo a solo;In marcia / fermata / arresto;Conducente;M;Illeso;0;;;
5096768;8;08/10/2020 14:15:00;Strada Urbana;VIA DELLE RONDINI;da specificare;;;;fronte civ. 3;Veicolo in marcia contro veicolo arresto;Rettilineo;Una carreggiata a doppio senso;Asciutto;Asfaltata;Verticale ed orizzontale;Sereno;Normale;Buona;;0;0;0;2;12.5951;41.8622;-1;1;Autocarro inferiore 35 q.;In marcia / fermata / arresto;Conducente;M;Illeso;0;;Non accertato;Inesploso
5096768;8;08/10/2020 14:15:00;Strada Urbana;VIA DELLE RONDINI;da specificare;;;;fronte civ. 3;Veicolo in marcia contro veicolo arresto;Rettilineo;Una carreggiata a doppio senso;Asciutto;Asfaltata;Verticale ed orizzontale;Sereno;Normale;Buona;;0;0;0;2;12.5951;41.8622;-1;2;Autovettura privata;In marcia / fermata / arresto;Conducente;M;Illeso;0;;Non accertato;Inesploso
5096771;8;08/10/2020 15:30:00;Strada Urbana;VIA COLLATINA;in prossimit�;;del palo luce n.;578;;Veicolo in marcia contro ostacolo accidentale;Rettilineo;Una carreggiata a doppio senso;Asciutto;Asfaltata;Orizzontale;Sereno;Normale;Buona;;1;0;0;0;12.6108;41.9046;-1;1;Motociclo a solo;In marcia / fermata / arresto;Conducente;M;Rimandato;0;NON DECEDUTO;Non accertato;
5096911;11;08/10/2020 09:50:00;Strada Urbana;VIA LAURENTINA;da specificare;;;;alt. palo luce 21-dir. GRA - Fiumicino - Magliana;Veicolo in marcia contro ostacolo fisso;Curva senza visuale libera;Una carreggiata a senso unico di marcia;Asciutto;Asfaltata;Verticale ed orizzontale;Sereno;Normale;Buona;;0;0;0;1;12.4807;41.8403;-1;1;Macchina operatrice;In marcia / fermata / arresto;Conducente;M;Illeso;0;;Non accertato;
5096916;11;08/10/2020 12:35:00;Strada Urbana;VIALE GIUSTINIANO IMPERATORE;all'intersezione con;VIA GALBA;VIA GALBA;;;Scontro laterale fra veicoli in marcia;Incrocio;Due carreggiate;Asciutto;Asfaltata;Verticale ed orizzontale;Sereno;Normale;Buona;;0;0;0;2;12.4869;41.8553;-1;1;Autovettura privata;In marcia / fermata / arresto;Conducente;M;Illeso;0;;Non accertato;
5096916;11;08/10/2020 12:35:00;Strada Urbana;VIALE GIUSTINIANO IMPERATORE;all'intersezione con;VIA GALBA;VIA GALBA;;;Scontro laterale fra veicoli in marcia;Incrocio;Due carreggiate;Asciutto;Asfaltata;Verticale ed orizzontale;Sereno;Normale;Buona;;0;0;0;2;12.4869;41.8553;-1;2;Autovettura privata;In marcia / fermata / arresto;Conducente;F;Illeso;0;;Non accertato;
5096918;13;08/10/2020 10:40:00;Strada Urbana;VIA AMEDEO BOCCHI;all'intersezione con;VIA DI SAPONARA;VIA DI SAPONARA;;;Scontro frontale/laterale SX fra veicoli in marcia;Incrocio;Una carreggiata a doppio senso;Asciutto;Asfaltata;Verticale ed orizzontale;Sereno;Normale;Buona;;1;0;0;1;12.3504;41.7761;-1;1;Autovettura privata;In marcia / fermata / arresto;Conducente;M;Illeso;0;;Non accertato;Inesploso
5096918;13;08/10/2020 10:40:00;Strada Urbana;VIA AMEDEO BOCCHI;all'intersezione con;VIA DI SAPONARA;VIA DI SAPONARA;;;Scontro frontale/laterale SX fra veicoli in marcia;Incrocio;Una carreggiata a doppio senso;Asciutto;Asfaltata;Verticale ed orizzontale;Sereno;Normale;Buona;;1;0;0;1;12.3504;41.7761;-1;2;Velocipede;In marcia / fermata / arresto;Conducente;M;Rimandato;0;NON DECEDUTO;Esente;
5096921;13;08/10/2020 11:15:00;Strada Urbana;VIA FRANCESCO CILEA;all'intersezione con;VIALE DI CASTEL PORZIANO;VIALE DI CASTEL PORZIANO;;;Scontro frontale/laterale SX fra veicoli in marcia;Incrocio;Una carreggiata a doppio senso;Asciutto;Asfaltata;Verticale;Sereno;Normale;Buona;;0;0;0;3;12.3752;41.7448;-1;1;Autovettura privata;In marcia / fermata / arresto;Conducente;M;Illeso;0;;Non accertato;Inesploso
5096921;13;08/10/2020 11:15:00;Strada Urbana;VIA FRANCESCO CILEA;all'intersezione con;VIALE DI CASTEL PORZIANO;VIALE DI CASTEL PORZIANO;;;Scontro frontale/laterale SX fra veicoli in marcia;Incrocio;Una carreggiata a doppio senso;Asciutto;Asfaltata;Verticale;Sereno;Normale;Buona;;0;0;0;3;12.3752;41.7448;-1;2;Autovettura privata;In marcia / fermata / arresto;Conducente;F;Illeso;0;;Non accertato;Inesploso
5096921;13;08/10/2020 11:15:00;Strada Urbana;VIA FRANCESCO CILEA;all'intersezione con;VIALE DI CASTEL PORZIANO;VIALE DI CASTEL PORZIANO;;;Scontro frontale/laterale SX fra veicoli in marcia;Incrocio;Una carreggiata a doppio senso;Asciutto;Asfaltata;Verticale;Sereno;Normale;Buona;;0;0;0;3;12.3752;41.7448;-1;2;Autovettura privata;In marcia / fermata / arresto;Passeggero;F;Illeso;0;;Non accertato;Inesploso
5096922;13;08/10/2020 09:30:00;Strada Urbana;VIA MAR ROSSO;all'intersezione con;VIA MARE GLACIALE ARTICO;VIA MARE GLACIALE ARTICO;;;Scontro frontale/laterale DX fra veicoli in marcia;Incrocio;Una carreggiata a doppio senso;Asciutto;Asfaltata;Verticale ed orizzontale;Sereno;Normale;Buona;;1;0;0;1;12.2996;41.7333;-1;1;Autovettura privata;In marcia / fermata / arresto;Conducente;F;Rimandato;0;NON DECEDUTO;Non accertato;Inesploso
5096922;13;08/10/2020 09:30:00;Strada Urbana;VIA MAR ROSSO;all'intersezione con;VIA MARE GLACIALE ARTICO;VIA MARE GLACIALE ARTICO;;;Scontro frontale/laterale DX fra veicoli in marcia;Incrocio;Una carreggiata a doppio senso;Asciutto;Asfaltata;Verticale ed orizzontale;Sereno;Normale;Buona;;1;0;0;1;12.2996;41.7333;-1;2;Autovettura privata;In marcia / fermata / arresto;Conducente;F;Illeso;0;;;
5096926;13;08/10/2020 11:45:00;Strada Urbana;VIA DELLE ANTILLE;da specificare;;;;prossimit� via delle baleari;Scontro laterale fra veicoli in marcia;Rettilineo;Una carreggiata a senso unico di marcia;Asciutto;Asfaltata;Assente;Sereno;Normale;Buona;;0;0;0;3;12.2805;41.7377;-1;1;Autovettura privata;In marcia / fermata / arresto;Conducente;M;Illeso;0;;Non accertato;Inesploso
5096926;13;08/10/2020 11:45:00;Strada Urbana;VIA DELLE ANTILLE;da specificare;;;;prossimit� via delle baleari;Scontro laterale fra veicoli in marcia;Rettilineo;Una carreggiata a senso unico di marcia;Asciutto;Asfaltata;Assente;Sereno;Normale;Buona;;0;0;0;3;12.2805;41.7377;-1;2;Autovettura privata;In marcia / fermata / arresto;Conducente;F;Illeso;0;;Non accertato;Inesploso
5096926;13;08/10/2020 11:45:00;Strada Urbana;VIA DELLE ANTILLE;da specificare;;;;prossimit� via delle baleari;Scontro laterale fra veicoli in marcia;Rettilineo;Una carreggiata a senso unico di marcia;Asciutto;Asfaltata;Assente;Sereno;Normale;Buona;;0;0;0;3;12.2805;41.7377;-1;2;Autovettura privata;In marcia / fermata / arresto;Passeggero;F;Illeso;0;;Non accertato;Inesploso
5096947;11;08/10/2020 10:50:00;Strada Urbana;VIA ARDEATINA;in corrispondenza;;del civico n.;850;;Scontro laterale fra veicoli in marcia;Rettilineo;Una carreggiata a doppio senso;Asciutto;Asfaltata;Verticale ed orizzontale;Sereno;Normale;Sufficiente;;1;0;0;3;12.5355;41.8024;-1;1;Autovettura privata;In marcia / fermata / arresto;Conducente;M;Illeso;0;;;
5096947;11;08/10/2020 10:50:00;Strada Urbana;VIA ARDEATINA;in corrispondenza;;del civico n.;850;;Scontro laterale fra veicoli in marcia;Rettilineo;Una carreggiata a doppio senso;Asciutto;Asfaltata;Verticale ed orizzontale;Sereno;Normale;Sufficiente;;1;0;0;3;12.5355;41.8024;-1;2;Motociclo a solo;In marcia / fermata / arresto;Conducente;M;Rimandato;0;NON DECEDUTO;Non accertato;
5096947;11;08/10/2020 10:50:00;Strada Urbana;VIA ARDEATINA;in corrispondenza;;del civico n.;850;;Scontro laterale fra veicoli in marcia;Rettilineo;Una carreggiata a doppio senso;Asciutto;Asfaltata;Verticale ed orizzontale;Sereno;Normale;Sufficiente;;1;0;0;3;12.5355;41.8024;-1;3;Autovettura privata;In marcia / fermata / arresto;Conducente;M;Illeso;0;;;
5096947;11;08/10/2020 10:50:00;Strada Urbana;VIA ARDEATINA;in corrispondenza;;del civico n.;850;;Scontro laterale fra veicoli in marcia;Rettilineo;Una carreggiata a doppio senso;Asciutto;Asfaltata;Verticale ed orizzontale;Sereno;Normale;Sufficiente;;1;0;0;3;12.5355;41.8024;-1;4;Autovettura privata;In marcia / fermata / arresto;Conducente;F;Illeso;0;;;
5096972;15;08/10/2020 19:50:00;Strada Urbana;VIA DELLA MAGLIANA;all'intersezione con;VIA UGO GUIDO MONDOLFO;VIA UGO GUIDO MONDOLFO;;;Scontro frontale fra veicoli in marcia;Incrocio;Una carreggiata a doppio senso;Asciutto;Asfaltata;Verticale ed orizzontale;Sereno;Normale;Buona;;0;0;0;2;12.4196;41.8317;-1;1;Autovettura privata;In marcia / fermata / arresto;Conducente;F;Illeso;0;;Non accertato;Inesploso
5096972;15;08/10/2020 19:50:00;Strada Urbana;VIA DELLA MAGLIANA;all'intersezione con;VIA UGO GUIDO MONDOLFO;VIA UGO GUIDO MONDOLFO;;;Scontro frontale fra veicoli in marcia;Incrocio;Una carreggiata a doppio senso;Asciutto;Asfaltata;Verticale ed orizzontale;Sereno;Normale;Buona;;0;0;0;2;12.4196;41.8317;-1;2;Autovettura privata;In marcia / fermata / arresto;Conducente;M;Illeso;0;;Non accertato;Inesploso
5096977;12;08/10/2020 18:00:00;Strada Urbana;VIA NAZARENO STRAMPELLI;in corrispondenza;;del civico n.;130;;Scontro frontale/laterale SX fra veicoli in marcia;Rettilineo;Una carreggiata a doppio senso;Asciutto;Asfaltata;Verticale ed orizzontale;Sereno;Scarso;Buona;;3;0;0;3;12.5025;41.7177;-1;1;Trattore agricolo;In marcia / fermata / arresto;Conducente;M;Illeso;0;;;
5096977;12;08/10/2020 18:00:00;Strada Urbana;VIA NAZARENO STRAMPELLI;in corrispondenza;;del civico n.;130;;Scontro frontale/laterale SX fra veicoli in marcia;Rettilineo;Una carreggiata a doppio senso;Asciutto;Asfaltata;Verticale ed orizzontale;Sereno;Scarso;Buona;;3;0;0;3;12.5025;41.7177;-1;2;Autovettura privata;In marcia / fermata / arresto;Conducente;F;Rifiuta cure immediate;0;NON DECEDUTO;;
5096977;12;08/10/2020 18:00:00;Strada Urbana;VIA NAZARENO STRAMPELLI;in corrispondenza;;del civico n.;130;;Scontro frontale/laterale SX fra veicoli in marcia;Rettilineo;Una carreggiata a doppio senso;Asciutto;Asfaltata;Verticale ed orizzontale;Sereno;Scarso;Buona;;3;0;0;3;12.5025;41.7177;-1;2;Autovettura privata;In marcia / fermata / arresto;Passeggero;M;Rimandato;0;NON DECEDUTO;;
5096977;12;08/10/2020 18:00:00;Strada Urbana;VIA NAZARENO STRAMPELLI;in corrispondenza;;del civico n.;130;;Scontro frontale/laterale SX fra veicoli in marcia;Rettilineo;Una carreggiata a doppio senso;Asciutto;Asfaltata;Verticale ed orizzontale;Sereno;Scarso;Buona;;3;0;0;3;12.5025;41.7177;-1;2;Autovettura privata;In marcia / fermata / arresto;Passeggero;M;Rimandato;0;NON DECEDUTO;;
5096977;12;08/10/2020 18:00:00;Strada Urbana;VIA NAZARENO STRAMPELLI;in corrispondenza;;del civico n.;130;;Scontro frontale/laterale SX fra veicoli in marcia;Rettilineo;Una carreggiata a doppio senso;Asciutto;Asfaltata;Verticale ed orizzontale;Sereno;Scarso;Buona;;3;0;0;3;12.5025;41.7177;-1;2;Autovettura privata;In marcia / fermata / arresto;Passeggero;F;Illeso;0;;;
5096977;12;08/10/2020 18:00:00;Strada Urbana;VIA NAZARENO STRAMPELLI;in corrispondenza;;del civico n.;130;;Scontro frontale/laterale SX fra veicoli in marcia;Rettilineo;Una carreggiata a doppio senso;Asciutto;Asfaltata;Verticale ed orizzontale;Sereno;Scarso;Buona;;3;0;0;3;12.5025;41.7177;-1;2;Autovettura privata;In marcia / fermata / arresto;Passeggero;F;Illeso;0;;;
5097006;19;08/10/2020 09:50:00;Strada Urbana;VIA LODOVICO JACOBINI;all'intersezione con;VIA FEDERICO BORROMEO;VIA FEDERICO BORROMEO;;;Investimento di pedone;Incrocio;Una carreggiata a senso unico di marcia;Asciutto;Asfaltata;Verticale ed orizzontale;Sereno;Normale;Buona;;0;0;0;2;12.4154;41.9201;-1;;;;Pedone;M;Illeso;0;;;
5097006;19;08/10/2020 09:50:00;Strada Urbana;VIA LODOVICO JACOBINI;all'intersezione con;VIA FEDERICO BORROMEO;VIA FEDERICO BORROMEO;;;Investimento di pedone;Incrocio;Una carreggiata a senso unico di marcia;Asciutto;Asfaltata;Verticale ed orizzontale;Sereno;Normale;Buona;;0;0;0;2;12.4154;41.9201;-1;1;Autovettura privata;In marcia / fermata / arresto;Conducente;M;Illeso;0;;;
5097013;18;08/10/2020 18:30:00;Strada Urbana;PIAZZALE GREGORIO VII;in corrispondenza;;del civico n.;15;;Veicolo in marcia contro veicoli in sosta;Rettilineo;Pi� di due carreggiate;Asciutto;Asfaltata;Verticale ed orizzontale;Sereno;Normale;Buona;;0;0;0;0;12.4512;41.8988;-1;1;Autovettura privata;Sosta;;;;;;;
5097013;18;08/10/2020 18:30:00;Strada Urbana;PIAZZALE GREGORIO VII;in corrispondenza;;del civico n.;15;;Veicolo in marcia contro veicoli in sosta;Rettilineo;Pi� di due carreggiate;Asciutto;Asfaltata;Verticale ed orizzontale;Sereno;Normale;Buona;;0;0;0;0;12.4512;41.8988;-1;2;Motociclo a solo;Sosta;;;;;;;
5097013;18;08/10/2020 18:30:00;Strada Urbana;PIAZZALE GREGORIO VII;in corrispondenza;;del civico n.;15;;Veicolo in marcia contro veicoli in sosta;Rettilineo;Pi� di due carreggiate;Asciutto;Asfaltata;Verticale ed orizzontale;Sereno;Normale;Buona;;0;0;0;0;12.4512;41.8988;-1;3;Ciclomotore;Sosta;;;;;;;
5097024;20;08/10/2020 11:30:00;Strada Urbana;VIA VINCENZO COMPARINI;all'intersezione con;VIA FRANCESCO TORFANINI;VIA FRANCESCO TORFANINI;;;Scontro frontale/laterale DX fra veicoli in marcia;Incrocio;Una carreggiata a senso unico di marcia;Asciutto;Asfaltata;Verticale ed orizzontale;Sereno;Scarso;Buona;;1;0;0;1;12.4833;41.9919;-1;1;Motociclo a solo;In marcia / fermata / arresto;Conducente;M;Rifiuta cure immediate;0;NON DECEDUTO;Non accertato;
5097024;20;08/10/2020 11:30:00;Strada Urbana;VIA VINCENZO COMPARINI;all'intersezione con;VIA FRANCESCO TORFANINI;VIA FRANCESCO TORFANINI;;;Scontro frontale/laterale DX fra veicoli in marcia;Incrocio;Una carreggiata a senso unico di marcia;Asciutto;Asfaltata;Verticale ed orizzontale;Sereno;Scarso;Buona;;1;0;0;1;12.4833;41.9919;-1;2;Autovettura privata;In marcia / fermata / arresto;Conducente;M;Illeso;0;;Non accertato;
5097040;19;08/10/2020 08:30:00;Strada Urbana;VIA MARZIALE;in prossimit�;;del civico n.;47;;Tamponamento;Rettilineo;Una carreggiata a senso unico di marcia;Asciutto;Asfaltata;Assente;Sereno;Normale;Buona;;0;0;0;5;12.4419;41.9128;-1;1;Autovettura di polizia;In marcia / fermata / arresto;Conducente;M;Illeso;0;;Non accertato;Inesploso
5097040;19;08/10/2020 08:30:00;Strada Urbana;VIA MARZIALE;in prossimit�;;del civico n.;47;;Tamponamento;Rettilineo;Una carreggiata a senso unico di marcia;Asciutto;Asfaltata;Assente;Sereno;Normale;Buona;;0;0;0;5;12.4419;41.9128;-1;1;Autovettura di polizia;In marcia / fermata / arresto;Passeggero;M;Illeso;0;;Non accertato;Inesploso
5097040;19;08/10/2020 08:30:00;Strada Urbana;VIA MARZIALE;in prossimit�;;del civico n.;47;;Tamponamento;Rettilineo;Una carreggiata a senso unico di marcia;Asciutto;Asfaltata;Assente;Sereno;Normale;Buona;;0;0;0;5;12.4419;41.9128;-1;2;Autovettura privata;In marcia / fermata / arresto;Conducente;F;Illeso;0;;Non accertato;Inesploso
5097040;19;08/10/2020 08:30:00;Strada Urbana;VIA MARZIALE;in prossimit�;;del civico n.;47;;Tamponamento;Rettilineo;Una carreggiata a senso unico di marcia;Asciutto;Asfaltata;Assente;Sereno;Normale;Buona;;0;0;0;5;12.4419;41.9128;-1;2;Autovettura privata;In marcia / fermata / arresto;Passeggero;M;Illeso;0;;Non accertato;Inesploso
5097040;19;08/10/2020 08:30:00;Strada Urbana;VIA MARZIALE;in prossimit�;;del civico n.;47;;Tamponamento;Rettilineo;Una carreggiata a senso unico di marcia;Asciutto;Asfaltata;Assente;Sereno;Normale;Buona;;0;0;0;5;12.4419;41.9128;-1;2;Autovettura privata;In marcia / fermata / arresto;Passeggero;M;Illeso;0;;Non accertato;Inesploso