Protocollo;Gruppo;DataOraIncidente;Localizzazione1;STRADA1;Localizzazione2;STRADA2;Strada02;Chilometrica;DaSpecificare;NaturaIncidente;particolaritastrade;TipoStrada;FondoStradale;Pavimentazione;Segnaletica;CondizioneAtmosferica;Traffico;Visibilita;Illuminazione;NUM_FERITI;NUM_RISERVATA;NUM_MORTI;NUM_ILLESI;Longitudine;Latitudine;Confermato;Progressivo;TipoVeicolo;StatoVeicolo;TipoPersona;Sesso;Tipolesione;Deceduto;DecedutoDopo;CinturaCascoUtilizzato;Airbag;
5100415;9;09/10/2020 22:00:00;Strada Urbana;VIA CERVETERI;da specificare;;;;fronte civico 57A;Scontro frontale/laterale SX fra veicoli in marcia;Rettilineo;Una carreggiata a senso unico di marcia;Asciutto;Asfaltata;Verticale ed orizzontale;Sereno;Scarso;Sufficiente;;1;0;0;3;12.5119;41.8814;-1;2;Bicicletta elettrica;In marcia / fermata / arresto;Conducente;M;Illeso;0;;Non accertato;Inesistente
5100415;9;09/10/2020 22:00:00;Strada Urbana;VIA CERVETERI;da specificare;;;;fronte civico 57A;Scontro frontale/laterale SX fra veicoli in marcia;Rettilineo;Una carreggiata a senso unico di marcia;Asciutto;Asfaltata;Verticale ed orizzontale;Sereno;Scarso;Sufficiente;;1;0;0;3;12.5119;41.8814;-1;2;Bicicletta elettrica;In marcia / fermata / arresto;Passeggero;M;Illeso;0;;Non accertato;Inesistente
5100415;9;09/10/2020 22:00:00;Strada Urbana;VIA CERVETERI;da specificare;;;;fronte civico 57A;Scontro frontale/laterale SX fra veicoli in marcia;Rettilineo;Una carreggiata a senso unico di marcia;Asciutto;Asfaltata;Verticale ed orizzontale;Sereno;Scarso;Sufficiente;;1;0;0;3;12.5119;41.8814;-1;2;Bicicletta elettrica;In marcia / fermata / arresto;Passeggero;M;Rimandato;0;NON DECEDUTO;Non accertato;Inesistente
5100464;2;10/10/2020 09:45:00;Strada Urbana;VIALE GIOACCHINO ROSSINI;da specificare;;;;fronte civico 12;Veicolo in marcia contro ostacolo accidentale;Rettilineo;Una carreggiata a doppio senso;Asciutto;Asfaltata;Orizzontale;Sereno;Normale;Buona;;0;0;0;1;12.4917;41.9207;-1;1;Velocipede;In marcia / fermata / arresto;Conducente;M;Illeso;0;;Esente;
5100485;13;09/10/2020 10:15:00;Strada Urbana;VIA DELLE ALEUTINE;in corrispondenza;;del civico n.;89;;Veicolo in marcia contro veicolo in sosta;Rettilineo;Una carreggiata a senso unico di marcia;Asciutto;Asfaltata;Orizzontale;Sereno;Normale;Buona;;0;0;0;1;12.2786;41.7374;-1;1;Autovettura privata;In marcia / fermata / arresto;Conducente;M;Illeso;0;;Non accertato;Inesploso
5100485;13;09/10/2020 10:15:00;Strada Urbana;VIA DELLE ALEUTINE;in corrispondenza;;del civico n.;89;;Veicolo in marcia contro veicolo in sosta;Rettilineo;Una carreggiata a senso unico di marcia;Asciutto;Asfaltata;Orizzontale;Sereno;Normale;Buona;;0;0;0;1;12.2786;41.7374;-1;2;Autovettura privata;Sosta;;;;;;;
5100486;13;09/10/2020 13:00:00;Strada Urbana;VIA DI ACILIA;all'intersezione con;VIA POSIDIPPO;VIA POSIDIPPO;;;Scontro laterale fra veicoli in marcia;Incrocio;Una carreggiata a doppio senso;Asciutto;Asfaltata;Orizzontale;Sereno;Normale;Buona;;0;0;0;2;12.3693;41.7766;-1;1;Autovettura privata;In marcia / fermata / arresto;Conducente;F;Illeso;0;;Non accertato;Inesploso
5100486;13;09/10/2020 13:00:00;Strada Urbana;VIA DI ACILIA;all'intersezione con;VIA POSIDIPPO;VIA POSIDIPPO;;;Scontro laterale fra veicoli in marcia;Incrocio;Una carreggiata a doppio senso;Asciutto;Asfaltata;Orizzontale;Sereno;Normale;Buona;;0;0;0;2;12.3693;41.7766;-1;2;Motociclo con passeggero;In marcia / fermata / arresto;Conducente;M;Illeso;0;;Non accertato;
5100487;13;09/10/2020 14:30:00;Strada Urbana;Via della Stella Polare;all'intersezione con;VIA ALGAJOLA;VIA ALGAJOLA;;;Scontro frontale/laterale DX fra veicoli in marcia;Incrocio;Una carreggiata a doppio senso;Asciutto;Asfaltata;Verticale ed orizzontale;Sereno;Normale;Buona;;1;0;0;1;12.2921;41.7263;-1;1;Autovettura privata;In marcia / fermata / arresto;Conducente;M;Illeso;0;;Non accertato;Inesploso
5100487;13;09/10/2020 14:30:00;Strada Urbana;Via della Stella Polare;all'intersezione con;VIA ALGAJOLA;VIA ALGAJOLA;;;Scontro frontale/laterale DX fra veicoli in marcia;Incrocio;Una carreggiata a doppio senso;Asciutto;Asfaltata;Verticale ed orizzontale;Sereno;Normale;Buona;;1;0;0;1;12.2921;41.7263;-1;2;Autovettura privata;In marcia / fermata / arresto;Conducente;F;Rimandato;0;NON DECEDUTO;Non accertato;Inesploso
5100489;13;09/10/2020 16:20:00;Provinciale;VIA LITORANEA;da specificare;;;;aLtezza 6� cancello;Veicolo in marcia contro ostacolo accidentale;Rettilineo;Una carreggiata a doppio senso;Asciutto;Con buche;Orizzontale;Sereno;Normale;Buona;;1;0;0;0;12.3735;41.6876;-1;1;Motociclo a solo;In marcia / fermata / arresto;Conducente;M;Ricoverato;0;NON DECEDUTO;Non accertato;
5100491;13;09/10/2020 20:10:00;Strada Urbana;VIA DANILO STIEPOVICH;all'intersezione con;VIA ARMANDO CRISCIANI;VIA ARMANDO CRISCIANI;;;Scontro frontale/laterale DX fra veicoli in marcia;Incrocio;Una carreggiata a senso unico di marcia;Asciutto;Asfaltata;Verticale ed orizzontale;Sereno;Intenso;Buona;;1;0;0;1;12.2697;41.7397;-1;1;Autovettura privata;In marcia / fermata / arresto;Conducente;F;Illeso;0;;Non accertato;Inesploso
5100491;13;09/10/2020 20:10:00;Strada Urbana;VIA DANILO STIEPOVICH;all'intersezione con;VIA ARMANDO CRISCIANI;VIA ARMANDO CRISCIANI;;;Scontro frontale/laterale DX fra veicoli in marcia;Incrocio;Una carreggiata a senso unico di marcia;Asciutto;Asfaltata;Verticale ed orizzontale;Sereno;Intenso;Buona;;1;0;0;1;12.2697;41.7397;-1;2;Autovettura privata;In marcia / fermata / arresto;Conducente;M;Rimandato;0;NON DECEDUTO;Non accertato;Inesploso
5100493;13;09/10/2020 22:15:00;Strada Urbana;VIALE DEI ROMAGNOLI;da specificare;;;;pressi VIA  C. LENORMANT;Scontro frontale/laterale DX fra veicoli in marcia;Rettilineo;Una carreggiata a doppio senso;Asciutto;Asfaltata;Verticale ed orizzontale;Sereno;Scarso;Insufficiente;;1;0;0;1;12.3575;41.7827;-1;1;Autovettura privata;In marcia / fermata / arresto;Conducente;F;Rimandato;0;NON DECEDUTO;Non accertato;Esploso
5100493;13;09/10/2020 22:15:00;Strada Urbana;VIALE DEI ROMAGNOLI;da specificare;;;;pressi VIA  C. LENORMANT;Scontro frontale/laterale DX fra veicoli in marcia;Rettilineo;Una carreggiata a doppio senso;Asciutto;Asfaltata;Verticale ed orizzontale;Sereno;Scarso;Insufficiente;;1;0;0;1;12.3575;41.7827;-1;2;Autovettura privata;In marcia / fermata / arresto;Conducente;M;Illeso;0;;Non accertato;Esploso
5100511;9;11/10/2020 02:50:00;Strada Urbana;VIA TUSCOLANA;all'intersezione con;VIA ROCCA DI PAPA;VIA ROCCA DI PAPA;;;Scontro frontale/laterale SX fra veicoli in marcia;Intersezione stradale segnalata;Due carreggiate;Asciutto;Asfaltata;Verticale ed orizzontale;Nuvoloso;Scarso;Sufficiente;;0;0;0;3;12.5361;41.8702;-1;1;Autovettura privata;In marcia / fermata / arresto;Conducente;M;Illeso;0;;Non accertato;Inesploso
5100511;9;11/10/2020 02:50:00;Strada Urbana;VIA TUSCOLANA;all'intersezione con;VIA ROCCA DI PAPA;VIA ROCCA DI PAPA;;;Scontro frontale/laterale SX fra veicoli in marcia;Intersezione stradale segnalata;Due carreggiate;Asciutto;Asfaltata;Verticale ed orizzontale;Nuvoloso;Scarso;Sufficiente;;0;0;0;3;12.5361;41.8702;-1;2;Autovettura privata;In marcia / fermata / arresto;Conducente;M;Illeso;0;;Non utilizzato;Inesploso
5100511;9;11/10/2020 02:50:00;Strada Urbana;VIA TUSCOLANA;all'intersezione con;VIA ROCCA DI PAPA;VIA ROCCA DI PAPA;;;Scontro frontale/laterale SX fra veicoli in marcia;Intersezione stradale segnalata;Due carreggiate;Asciutto;Asfaltata;Verticale ed orizzontale;Nuvoloso;Scarso;Sufficiente;;0;0;0;3;12.5361;41.8702;-1;2;Autovettura privata;In marcia / fermata / arresto;Passeggero;F;Illeso;0;;Non accertato;Inesploso
5100520;9;11/10/2020 04:30:00;;VIA CILICIA;da specificare;;;;prossimit� civico 51;Veicolo in marcia contro ostacolo fisso;;;;;;;;;;1;0;0;0;12.5015;41.8711;0;1;Autovettura privata;In marcia / fermata / arresto;Conducente;M;Rimandato;0;NON DECEDUTO;Non accertato;Inesploso
5100562;12;10/10/2020 12:30:00;Strada Urbana;VIALE DELLA TECNICA;in prossimit�;;del civico n.;199;;Investimento di pedone;Rettilineo;Una carreggiata a doppio senso;Asciutto;Asfaltata;Verticale ed orizzontale;Sereno;Scarso;Buona;;1;0;0;1;12.459;41.8265;-1;;;;Pedone;M;Rimandato;0;NON DECEDUTO;;
5100562;12;10/10/2020 12:30:00;Strada Urbana;VIALE DELLA TECNICA;in prossimit�;;del civico n.;199;;Investimento di pedone;Rettilineo;Una carreggiata a doppio senso;Asciutto;Asfaltata;Verticale ed orizzontale;Sereno;Scarso;Buona;;1;0;0;1;12.459;41.8265;-1;1;Autovettura privata;In marcia / fermata / arresto;Conducente;F;Illeso;0;;Non accertato;Inesploso
5100574;11;10/10/2020 11:20:00;Strada Urbana;VIALE FERDINANDO BALDELLI;in prossimit�;;del palo luce n.;4;;Scontro laterale fra veicoli in marcia;Rettilineo;Due carreggiate;Asciutto;Asfaltata;Verticale ed orizzontale;Sereno;Scarso;Buona;;0;0;0;6;12.477;41.857;-1;1;Autovettura privata;In marcia / fermata / arresto;Conducente;M;Illeso;0;;;
5100574;11;10/10/2020 11:20:00;Strada Urbana;VIALE FERDINANDO BALDELLI;in prossimit�;;del palo luce n.;4;;Scontro laterale fra veicoli in marcia;Rettilineo;Due carreggiate;Asciutto;Asfaltata;Verticale ed orizzontale;Sereno;Scarso;Buona;;0;0;0;6;12.477;41.857;-1;1;Autovettura privata;In marcia / fermata / arresto;Passeggero;F;Illeso;0;;;
5100574;11;10/10/2020 11:20:00;Strada Urbana;VIALE FERDINANDO BALDELLI;in prossimit�;;del palo luce n.;4;;Scontro laterale fra veicoli in marcia;Rettilineo;Due carreggiate;Asciutto;Asfaltata;Verticale ed orizzontale;Sereno;Scarso;Buona;;0;0;0;6;12.477;41.857;-1;1;Autovettura privata;In marcia / fermata / arresto;Passeggero;F;Illeso;0;;;
5100574;11;10/10/2020 11:20:00;Strada Urbana;VIALE FERDINANDO BALDELLI;in prossimit�;;del palo luce n.;4;;Scontro laterale fra veicoli in marcia;Rettilineo;Due carreggiate;Asciutto;Asfaltata;Verticale ed orizzontale;Sereno;Scarso;Buona;;0;0;0;6;12.477;41.857;-1;1;Autovettura privata;In marcia / fermata / arresto;Passeggero;M;Illeso;0;;;
5100574;11;10/10/2020 11:20:00;Strada Urbana;VIALE FERDINANDO BALDELLI;in prossimit�;;del palo luce n.;4;;Scontro laterale fra veicoli in marcia;Rettilineo;Due carreggiate;Asciutto;Asfaltata;Verticale ed orizzontale;Sereno;Scarso;Buona;;0;0;0;6;12.477;41.857;-1;2;Motociclo a solo;In marcia / fermata / arresto;Conducente;F;Illeso;0;;;
5100574;11;10/10/2020 11:20:00;Strada Urbana;VIALE FERDINANDO BALDELLI;in prossimit�;;del palo luce n.;4;;Scontro laterale fra veicoli in marcia;Rettilineo;Due carreggiate;Asciutto;Asfaltata;Verticale ed orizzontale;Sereno;Scarso;Buona;;0;0;0;6;12.477;41.857;-1;2;Motociclo a solo;In marcia / fermata / arresto;Passeggero;F;Illeso;0;;;
5100584;11;10/10/2020 13:30:00;Strada Urbana;VIALE GUGLIELMO MARCONI;all'intersezione con;VIA DEI CADUTI SENZA CROCE;VIA DEI CADUTI SENZA CROCE;;;Scontro laterale fra veicoli in marcia;Incrocio;Due carreggiate;Asciutto;Asfaltata;Verticale ed orizzontale;Sereno;Normale;Buona;;0;0;0;2;12.4713;41.8573;-1;1;Autovettura privata;In marcia / fermata / arresto;Conducente;M;Illeso;0;;Utilizzato;
5100584;11;10/10/2020 13:30:00;Strada Urbana;VIALE GUGLIELMO MARCONI;all'intersezione con;VIA DEI CADUTI SENZA CROCE;VIA DEI CADUTI SENZA CROCE;;;Scontro laterale fra veicoli in marcia;Incrocio;Due carreggiate;Asciutto;Asfaltata;Verticale ed orizzontale;Sereno;Normale;Buona;;0;0;0;2;12.4713;41.8573;-1;2;Motociclo a solo;In marcia / fermata / arresto;Conducente;M;Illeso;0;;;
5100596;12;10/10/2020 17:00:00;Strada Urbana;VIA DEI CORAZZIERI;in prossimit�;;del civico n.;76;;Veicolo in marcia contro veicolo in sosta;Rettilineo;Una carreggiata a senso unico di marcia;Asciutto;Asfaltata;Verticale ed orizzontale;Nuvoloso;Normale;Buona;;0;0;0;1;12.4821;41.8232;-1;1;Autovettura privata;In marcia / fermata / arresto;Conducente;F;Illeso;0;;Non accertato;Inesploso
5100596;12;10/10/2020 17:00:00;Strada Urbana;VIA DEI CORAZZIERI;in prossimit�;;del civico n.;76;;Veicolo in marcia contro veicolo in sosta;Rettilineo;Una carreggiata a senso unico di marcia;Asciutto;Asfaltata;Verticale ed orizzontale;Nuvoloso;Normale;Buona;;0;0;0;1;12.4821;41.8232;-1;2;Autovettura privata;Sosta;;;;;;;
5100637;12;10/10/2020 18:25:00;Strada Urbana;VIA NATALE KREKICH;in prossimit�;;del civico n.;25;;Veicolo in marcia contro veicoli in arresto;Rettilineo;Una carreggiata a senso unico di marcia;Asciutto;Asfaltata;Verticale ed orizzontale;Nuvoloso;Scarso;Buona;;0;0;0;3;12.4922;41.8195;-1;1;Autovettura privata;In marcia / fermata / arresto;Conducente;F;Illeso;0;;Non accertato;Inesploso
5100637;12;10/10/2020 18:25:00;Strada Urbana;VIA NATALE KREKICH;in prossimit�;;del civico n.;25;;Veicolo in marcia contro veicoli in arresto;Rettilineo;Una carreggiata a senso unico di marcia;Asciutto;Asfaltata;Verticale ed orizzontale;Nuvoloso;Scarso;Buona;;0;0;0;3;12.4922;41.8195;-1;2;Autovettura privata;In marcia / fermata / arresto;Conducente;M;Illeso;0;;Non accertato;Inesploso
5100637;12;10/10/2020 18:25:00;Strada Urbana;VIA NATALE KREKICH;in prossimit�;;del civico n.;25;;Veicolo in marcia contro veicoli in arresto;Rettilineo;Una carreggiata a senso unico di marcia;Asciutto;Asfaltata;Verticale ed orizzontale;Nuvoloso;Scarso;Buona;;0;0;0;3;12.4922;41.8195;-1;3;Autovettura privata;In marcia / fermata / arresto;Conducente;M;Illeso;0;;Non accertato;Inesploso
5100861;8;10/10/2020 05:50:00;Strada Urbana;VIA ARZACHENA;in prossimit�;;del civico n.;60;;Veicolo in marcia contro ostacolo accidentale;Rettilineo;Una carreggiata a doppio senso;Asciutto;Asfaltata;Verticale;Sereno;Scarso;Sufficiente;;0;0;0;2;12.6978;41.8793;-1;1;Autovettura privata;In marcia / fermata / arresto;Conducente;M;Illeso;0;;Non accertato;Inesploso
5100861;8;10/10/2020 05:50:00;Strada Urbana;VIA ARZACHENA;in prossimit�;;del civico n.;60;;Veicolo in marcia contro ostacolo accidentale;Rettilineo;Una carreggiata a doppio senso;Asciutto;Asfaltata;Verticale;Sereno;Scarso;Sufficiente;;0;0;0;2;12.6978;41.8793;-1;1;Autovettura privata;In marcia / fermata / arresto;Passeggero;M;Illeso;0;;;
5100862;8;10/10/2020 11:20:00;Strada Urbana;VIA DI TOR BELLA MONACA;da specificare;;;;direz. Casilina sotto ponte Anderloni;Scontro laterale fra veicoli in marcia;Rettilineo;Due carreggiate;Asciutto;Asfaltata;Verticale ed orizzontale;Sereno;Normale;Buona;;0;0;0;2;12.6281;41.8764;-1;1;Autovettura privata;In marcia / fermata / arresto;Conducente;M;Illeso;0;;;
5100862;8;10/10/2020 11:20:00;Strada Urbana;VIA DI TOR BELLA MONACA;da specificare;;;;direz. Casilina sotto ponte Anderloni;Scontro laterale fra veicoli in marcia;Rettilineo;Due carreggiate;Asciutto;Asfaltata;Verticale ed orizzontale;Sereno;Normale;Buona;;0;0;0;2;12.6281;41.8764;-1;2;Autovettura privata;In marcia / fermata / arresto;Conducente;F;Illeso;0;;;
5100863;8;10/10/2020 17:20:00;Strada Urbana;VIA DI SALONE;da specificare;;;;100 mt prima rotatoria Via di Noale dir. Tiburtina;Veicolo in marcia contro ostacolo accidentale;Rettilineo;Una carreggiata a doppio senso;Asciutto;Asfaltata;Verticale ed orizzontale;Sereno;Normale;Buona;;0;0;0;2;;;0;1;Autovettura privata;In marcia / fermata / arresto;Conducente;M;Illeso;0;;;
5100863;8;10/10/2020 17:20:00;Strada Urbana;VIA DI SALONE;da specificare;;;;100 mt prima rotatoria Via di Noale dir. Tiburtina;Veicolo in marcia contro ostacolo accidentale;Rettilineo;Una carreggiata a doppio senso;Asciutto;Asfaltata;Verticale ed orizzontale;Sereno;Normale;Buona;;0;0;0;2;;;0;1;Autovettura privata;In marcia / fermata / arresto;Passeggero;M;Illeso;0;;;
5100864;8;10/10/2020 18:30:00;Strada Urbana;VIA ORAZIO BORGIANNI;all'intersezione con;VIA BERNARDO MINOZZI;VIA BERNARDO MINOZZI;;;Scontro frontale/laterale DX fra veicoli in marcia;Incrocio;Una carreggiata a senso unico di marcia;Asciutto;Asfaltata;Verticale;Sereno;Normale;Buona;;0;0;0;3;12.6277;41.8696;-1;1;Autovettura privata;In marcia / fermata / arresto;Conducente;F;Illeso;0;;;
5100864;8;10/10/2020 18:30:00;Strada Urbana;VIA ORAZIO BORGIANNI;all'intersezione con;VIA BERNARDO MINOZZI;VIA BERNARDO MINOZZI;;;Scontro frontale/laterale DX fra veicoli in marcia;Incrocio;Una carreggiata a senso unico di marcia;Asciutto;Asfaltata;Verticale;Sereno;Normale;Buona;;0;0;0;3;12.6277;41.8696;-1;1;Autovettura privata;In marcia / fermata / arresto;Passeggero;M;Illeso;0;;;
5100864;8;10/10/2020 18:30:00;Strada Urbana;VIA ORAZIO BORGIANNI;all'intersezione con;VIA BERNARDO MINOZZI;VIA BERNARDO MINOZZI;;;Scontro frontale/laterale DX fra veicoli in marcia;Incrocio;Una carreggiata a senso unico di marcia;Asciutto;Asfaltata;Verticale;Sereno;Normale;Buona;;0;0;0;3;12.6277;41.8696;-1;2;Autovettura privata;In marcia / fermata / arresto;Conducente;M;Illeso;0;;;
5100867;8;10/10/2020 21:10:00;Strada Urbana;VIA FURCI;in prossimit�;;del civico n.;4;;Veicolo in marcia contro veicolo in sosta;Rettilineo;Una carreggiata a doppio senso;Asciutto;Asfaltata;Verticale ed orizzontale;Sereno;Scarso;Buona;;0;0;0;0;12.6873;41.8988;-1;1;Autovettura privata;In marcia / fermata / arresto;;;;;;;
5100867;8;10/10/2020 21:10:00;Strada Urbana;VIA FURCI;in prossimit�;;del civico n.;4;;Veicolo in marcia contro veicolo in sosta;Rettilineo;Una carreggiata a doppio senso;Asciutto;Asfaltata;Verticale ed orizzontale;Sereno;Scarso;Buona;;0;0;0;0;12.6873;41.8988;-1;2;Autovettura privata;Sosta;;;;;;;
5100868;8;11/10/2020 04:15:00;Strada Urbana;VIA AUGUSTO CASCIANI;in corrispondenza;;del civico n.;110;;Veicolo in marcia contro ostacolo fisso;Curva a visuale libera;Una carreggiata a doppio senso;Bagnato (umidit� in atto);Asfaltata;Assente;Pioggia in atto;Scarso;Sufficiente;;0;0;0;1;12.6377;41.8645;-1;1;Autovettura privata;In marcia / fermata / arresto;Conducente;M;Illeso;0;;;
5100869;8;11/10/2020 09:30:00;Strada Urbana;VIA CASILINA;in corrispondenza;;del civico n.;1585;;Scontro laterale fra veicoli in marcia;Rettilineo;Una carreggiata a senso unico di marcia;Bagnato (pioggia);Asfaltata;Verticale ed orizzontale;Pioggia in atto;Normale;Sufficiente;;0;0;0;2;12.6343;41.8637;-1;1;Autovettura privata;In marcia / fermata / arresto;Conducente;M;Illeso;0;;;
5100869;8;11/10/2020 09:30:00;Strada Urbana;VIA CASILINA;in corrispondenza;;del civico n.;1585;;Scontro laterale fra veicoli in marcia;Rettilineo;Una carreggiata a senso unico di marcia;Bagnato (pioggia);Asfaltata;Verticale ed orizzontale;Pioggia in atto;Normale;Sufficiente;;0;0;0;2;12.6343;41.8637;-1;2;Autovettura privata;In marcia / fermata / arresto;Conducente;F;Illeso;0;;;
5100870;8;11/10/2020 17:30:00;Strada Urbana;VIALE DUILIO CAMBELLOTTI;da specificare;;;;altezza sottopasso metro C;Veicolo in marcia contro ostacolo fisso;Sottopasso illuminato;Due carreggiate;Bagnato (pioggia);Asfaltata;Verticale ed orizzontale;Nuvoloso;Normale;Sufficiente;;1;0;0;0;12.6297;41.8674;-1;1;Autovettura privata;In marcia / fermata / arresto;Conducente;F;Rimandato;0;NON DECEDUTO;;Esploso
5100871;11;11/10/2020 16:30:00;Strada Urbana;VIA GIUSEPPE CASALINUOVO;da specificare;;;;fronte civ.21;Veicolo in marcia contro ostacolo accidentale;Rettilineo;Una carreggiata a doppio senso;Asciutto;Asfaltata;Verticale ed orizzontale;Nuvoloso;Scarso;Buona;;0;0;0;1;12.4899;41.8435;-1;1;Autovettura privata;In marcia / fermata / arresto;Conducente;M;Illeso;0;;;
5100872;8;11/10/2020 17:45:00;Strada Urbana;VIALE DUILIO CAMBELLOTTI;da specificare;;;;direzione Tor Vergata altezza cavalcavia metro C;Veicolo in marcia contro veicolo arresto;Curva senza visuale libera;Due carreggiate;Bagnato (umidit� in atto);Asfaltata;Verticale ed orizzontale;Nuvoloso;Normale;Buona;;2;0;0;1;12.6297;41.8674;-1;1;Autobus di linea;In marcia / fermata / arresto;Conducente;M;Illeso;0;;Non accertato;Inesploso
5100872;8;11/10/2020 17:45:00;Strada Urbana;VIALE DUILIO CAMBELLOTTI;da specificare;;;;direzione Tor Vergata altezza cavalcavia metro C;Veicolo in marcia contro veicolo arresto;Curva senza visuale libera;Due carreggiate;Bagnato (umidit� in atto);Asfaltata;Verticale ed orizzontale;Nuvoloso;Normale;Buona;;2;0;0;1;12.6297;41.8674;-1;2;Autovettura privata;In marcia / fermata / arresto;Conducente;M;Rimandato;0;NON DECEDUTO;Non accertato;Esploso
5100872;8;11/10/2020 17:45:00;Strada Urbana;VIALE DUILIO CAMBELLOTTI;da specificare;;;;direzione Tor Vergata altezza cavalcavia metro C;Veicolo in marcia contro veicolo arresto;Curva senza visuale libera;Due carreggiate;Bagnato (umidit� in atto);Asfaltata;Verticale ed orizzontale;Nuvoloso;Normale;Buona;;2;0;0;1;12.6297;41.8674;-1;2;Autovettura privata;In marcia / fermata / arresto;Passeggero;M;Ricoverato;0;NON DECEDUTO;Non accertato;Esploso
5100873;8;11/10/2020 17:45:00;Strada Urbana;VIALE DUILIO CAMBELLOTTI;da specificare;;;;direz. Tor Vergata alt. cavalcavia metro C;Tamponamento;Rettilineo;Due carreggiate;Bagnato (pioggia);Asfaltata;Verticale ed orizzontale;Nuvoloso;Normale;Buona;;1;0;0;2;12.6297;41.8674;-1;1;Autovettura privata;In marcia / fermata / arresto;Conducente;M;Illeso;0;;Non accertato;
5100873;8;11/10/2020 17:45:00;Strada Urbana;VIALE DUILIO CAMBELLOTTI;da specificare;;;;direz. Tor Vergata alt. cavalcavia metro C;Tamponamento;Rettilineo;Due carreggiate;Bagnato (pioggia);Asfaltata;Verticale ed orizzontale;Nuvoloso;Normale;Buona;;1;0;0;2;12.6297;41.8674;-1;1;Autovettura privata;In marcia / fermata / arresto;Passeggero;F;Illeso;0;;Non accertato;
5100873;8;11/10/2020 17:45:00;Strada Urbana;VIALE DUILIO CAMBELLOTTI;da specificare;;;;direz. Tor Vergata alt. cavalcavia metro C;Tamponamento;Rettilineo;Due carreggiate;Bagnato (pioggia);Asfaltata;Verticale ed orizzontale;Nuvoloso;Normale;Buona;;1;0;0;2;12.6297;41.8674;-1;2;Motociclo a solo;In marcia / fermata / arresto;Conducente;M;Rifiuta cure immediate;0;NON DECEDUTO;;
5100876;8;12/10/2020 01:30:00;Strada Urbana;VIALE PAOLO FERDINANDO QUAGLIA;in prossimit�;;del civico n.;112;;Veicolo in marcia contro ostacolo fisso;Rettilineo;Una carreggiata a doppio senso;Bagnato (pioggia);Asfaltata;Verticale;Nuvoloso;Scarso;Sufficiente;;0;0;0;2;12.6409;41.8683;-1;1;Autovettura di polizia;In marcia / fermata / arresto;Conducente;F;Illeso;0;;Non accertato;Inesploso
5100876;8;12/10/2020 01:30:00;Strada Urbana;VIALE PAOLO FERDINANDO QUAGLIA;in prossimit�;;del civico n.;112;;Veicolo in marcia contro ostacolo fisso;Rettilineo;Una carreggiata a doppio senso;Bagnato (pioggia);Asfaltata;Verticale;Nuvoloso;Scarso;Sufficiente;;0;0;0;2;12.6409;41.8683;-1;1;Autovettura di polizia;In marcia / fermata / arresto;Passeggero;M;Illeso;0;;Non accertato;Inesploso
5100994;11;11/10/2020 15:20:00;Strada Urbana;VIA GIACINTO PULLINO;all'intersezione semaforizzata con;CIRCONVALLAZIONE OSTIENSE;CIRCONVALLAZIONE OSTIENSE;;;Scontro frontale/laterale DX fra veicoli in marcia;Incrocio;Due carreggiate;Bagnato (umidit� in atto);Asfaltata;Verticale ed orizzontale;Nuvoloso;Normale;Buona;;1;0;0;1;12.4844;41.8671;-1;1;Autocarro inferiore 35 q.;In marcia / fermata / arresto;Conducente;M;Illeso;0;;Non accertato;
5100994;11;11/10/2020 15:20:00;Strada Urbana;VIA GIACINTO PULLINO;all'intersezione semaforizzata con;CIRCONVALLAZIONE OSTIENSE;CIRCONVALLAZIONE OSTIENSE;;;Scontro frontale/laterale DX fra veicoli in marcia;Incrocio;Due carreggiate;Bagnato (umidit� in atto);Asfaltata;Verticale ed orizzontale;Nuvoloso;Normale;Buona;;1;0;0;1;12.4844;41.8671;-1;2;Autovettura privata;In marcia / fermata / arresto;Conducente;F;Rimandato;0;NON DECEDUTO;Non accertato;
5101007;1;10/10/2020 14:50:00;Strada Urbana;VIA DEI SABINI;all'intersezione con;VIA DEL CORSO;VIA DEL CORSO;;;Scontro frontale/laterale SX fra veicoli in marcia;Incrocio;Una carreggiata a doppio senso;Asciutto;Asfaltata;Verticale ed orizzontale;Sereno;Normale;Buona;;1;0;0;2;12.4806;41.9006;-1;1;Autovettura privata;In marcia / fermata / arresto;Conducente;F;Illeso;0;;;
5101007;1;10/10/2020 14:50:00;Strada Urbana;VIA DEI SABINI;all'intersezione con;VIA DEL CORSO;VIA DEL CORSO;;;Scontro frontale/laterale SX fra veicoli in marcia;Incrocio;Una carreggiata a doppio senso;Asciutto;Asfaltata;Verticale ed orizzontale;Sereno;Normale;Buona;;1;0;0;2;12.4806;41.9006;-1;1;Autovettura privata;In marcia / fermata / arresto;Passeggero;M;Illeso;0;;;
5101007;1;10/10/2020 14:50:00;Strada Urbana;VIA DEI SABINI;all'intersezione con;VIA DEL CORSO;VIA DEL CORSO;;;Scontro frontale/laterale SX fra veicoli in marcia;Incrocio;Una carreggiata a doppio senso;Asciutto;Asfaltata;Verticale ed orizzontale;Sereno;Normale;Buona;;1;0;0;2;12.4806;41.9006;-1;2;Motociclo a solo;In marcia / fermata / arresto;Conducente;F;Rimandato;0;NON DECEDUTO;;