Protocollo;Gruppo;DataOraIncidente;Localizzazione1;STRADA1;Localizzazione2;STRADA2;Strada02;Chilometrica;DaSpecificare;NaturaIncidente;particolaritastrade;TipoStrada;FondoStradale;Pavimentazione;Segnaletica;CondizioneAtmosferica;Traffico;Visibilita;Illuminazione;NUM_FERITI;NUM_RISERVATA;NUM_MORTI;NUM_ILLESI;Longitudine;Latitudine;Confermato;Progressivo;TipoVeicolo;StatoVeicolo;TipoPersona;Sesso;Tipolesione;Deceduto;DecedutoDopo;CinturaCascoUtilizzato;Airbag;
5101303;19;11/10/2020 13:45:00;Strada Urbana;VIA AUGUSTO TAMBURINI;all'intersezione con;VIA EZIO SCIAMANNA;VIA EZIO SCIAMANNA;;;Scontro frontale/laterale DX fra veicoli in marcia;Incrocio;Una carreggiata a senso unico di marcia;Bagnato (umidit� in atto);Asfaltata;Verticale;Nuvoloso;Scarso;Buona;;1;0;0;2;12.4206;41.9362;-1;4;Autovettura privata;Sosta;;;;;;;
5101307;5;09/10/2020 18:00:00;Strada Urbana;VIA VIRGILIO RAMPERTI;in prossimit�;;del civico n.;19/23;;Investimento di pedone;Pendenza;Una carreggiata a senso unico di marcia;Asciutto;Asfaltata;Verticale ed orizzontale;Sereno;Scarso;Buona;;0;0;1;1;12.5522;41.9083;0;;;;Pedone;F;Deceduto durante prime cure;-1;;;
5101307;5;09/10/2020 18:00:00;Strada Urbana;VIA VIRGILIO RAMPERTI;in prossimit�;;del civico n.;19/23;;Investimento di pedone;Pendenza;Una carreggiata a senso unico di marcia;Asciutto;Asfaltata;Verticale ed orizzontale;Sereno;Scarso;Buona;;0;0;1;1;12.5522;41.9083;0;1;Autovettura privata;In marcia / fermata / arresto;Conducente;M;Illeso;0;;Non accertato;
5101334;1;11/10/2020 14:15:00;Strada Urbana;VIA CARLO ALBERTO;all'intersezione con;VIA RATTAZZI;VIA RATTAZZI;;;Scontro frontale/laterale DX fra veicoli in marcia;Incrocio;Una carreggiata a doppio senso;Bagnato (pioggia);In cubetti di porfido;Verticale;Sereno;Scarso;Buona;;0;0;0;2;12.5011;41.8963;-1;1;Autovettura privata;In marcia / fermata / arresto;Conducente;M;Illeso;0;;;
5101334;1;11/10/2020 14:15:00;Strada Urbana;VIA CARLO ALBERTO;all'intersezione con;VIA RATTAZZI;VIA RATTAZZI;;;Scontro frontale/laterale DX fra veicoli in marcia;Incrocio;Una carreggiata a doppio senso;Bagnato (pioggia);In cubetti di porfido;Verticale;Sereno;Scarso;Buona;;0;0;0;2;12.5011;41.8963;-1;2;Autovettura privata;In marcia / fermata / arresto;Conducente;M;Illeso;0;;;
5101336;18;09/10/2020 11:55:00;Statale entro l'abitato;VIA AURELIA;in corrispondenza;;del civico n.;481;;Tamponamento;Rettilineo;Due carreggiate;Asciutto;Asfaltata;Verticale ed orizzontale;Sereno;Normale;Buona;;0;0;0;3;12.4234;41.898;-1;1;Autocarro inferiore 35 q.;In marcia / fermata / arresto;Conducente;M;Illeso;0;;Non accertato;Inesploso
5101336;18;09/10/2020 11:55:00;Statale entro l'abitato;VIA AURELIA;in corrispondenza;;del civico n.;481;;Tamponamento;Rettilineo;Due carreggiate;Asciutto;Asfaltata;Verticale ed orizzontale;Sereno;Normale;Buona;;0;0;0;3;12.4234;41.898;-1;1;Autocarro inferiore 35 q.;In marcia / fermata / arresto;Passeggero;M;Illeso;0;;Non accertato;Inesploso
5101336;18;09/10/2020 11:55:00;Statale entro l'abitato;VIA AURELIA;in corrispondenza;;del civico n.;481;;Tamponamento;Rettilineo;Due carreggiate;Asciutto;Asfaltata;Verticale ed orizzontale;Sereno;Normale;Buona;;0;0;0;3;12.4234;41.898;-1;2;Autovettura privata;In marcia / fermata / arresto;Conducente;M;Illeso;0;;Non utilizzato;Inesploso
5101388;19;11/10/2020 22:30:00;Strada Urbana;VIA TRIONFALE;in prossimit�;;del civico n.;8012;;Scontro frontale/laterale SX fra veicoli in marcia;Rettilineo;Una carreggiata a senso unico di marcia;Asciutto;Asfaltata;Orizzontale;Sereno;Scarso;Sufficiente;;0;0;0;2;12.4306;41.937;-1;1;Autocarro superiore 35 q.;In marcia / fermata / arresto;Conducente;M;Illeso;0;;;
5101388;19;11/10/2020 22:30:00;Strada Urbana;VIA TRIONFALE;in prossimit�;;del civico n.;8012;;Scontro frontale/laterale SX fra veicoli in marcia;Rettilineo;Una carreggiata a senso unico di marcia;Asciutto;Asfaltata;Orizzontale;Sereno;Scarso;Sufficiente;;0;0;0;2;12.4306;41.937;-1;2;Ciclomotore;In marcia / fermata / arresto;Conducente;M;Illeso;0;;Non accertato;
5101394;5;09/10/2020 08:00:00;Strada Urbana;VIA TIBURTINA;all'intersezione con;VIA DI SETTECAMINI;VIA DI SETTECAMINI;;;Scontro laterale fra veicoli in marcia;Incrocio;Due carreggiate;Asciutto;Asfaltata;Verticale ed orizzontale;Sereno;Normale;Buona;;1;0;0;1;12.6213;41.938;-1;1;Motociclo a solo;In marcia / fermata / arresto;Conducente;M;Rimandato;0;NON DECEDUTO;Non accertato;
5101394;5;09/10/2020 08:00:00;Strada Urbana;VIA TIBURTINA;all'intersezione con;VIA DI SETTECAMINI;VIA DI SETTECAMINI;;;Scontro laterale fra veicoli in marcia;Incrocio;Due carreggiate;Asciutto;Asfaltata;Verticale ed orizzontale;Sereno;Normale;Buona;;1;0;0;1;12.6213;41.938;-1;2;Autobus di linea;In marcia / fermata / arresto;Conducente;M;Illeso;0;;Non accertato;Inesploso
5101397;1;10/10/2020 23:30:00;Strada Urbana;LUNGOTEVERE DE' CENCI;in corrispondenza;;del palo luce n.;3;;Scontro laterale fra veicoli in marcia;Rettilineo;Una carreggiata a senso unico di marcia;Asciutto;Asfaltata;Verticale ed orizzontale;Sereno;Normale;Buona;;0;0;0;3;12.4753;41.8918;-1;1;Motociclo a solo;In marcia / fermata / arresto;Conducente;M;Illeso;0;;Non accertato;
5101397;1;10/10/2020 23:30:00;Strada Urbana;LUNGOTEVERE DE' CENCI;in corrispondenza;;del palo luce n.;3;;Scontro laterale fra veicoli in marcia;Rettilineo;Una carreggiata a senso unico di marcia;Asciutto;Asfaltata;Verticale ed orizzontale;Sereno;Normale;Buona;;0;0;0;3;12.4753;41.8918;-1;2;Autovettura privata;In marcia / fermata / arresto;Conducente;M;Illeso;0;;Non accertato;Inesploso
5101397;1;10/10/2020 23:30:00;Strada Urbana;LUNGOTEVERE DE' CENCI;in corrispondenza;;del palo luce n.;3;;Scontro laterale fra veicoli in marcia;Rettilineo;Una carreggiata a senso unico di marcia;Asciutto;Asfaltata;Verticale ed orizzontale;Sereno;Normale;Buona;;0;0;0;3;12.4753;41.8918;-1;2;Autovettura privata;In marcia / fermata / arresto;Passeggero;F;Illeso;0;;Non accertato;Inesploso
5101402;18;09/10/2020 12:15:00;Strada Urbana;LARGO DI BOCCEA;in corrispondenza;;del civico n.;9;;Tamponamento;Rettilineo;Una carreggiata a senso unico di marcia;Asciutto;Asfaltata;Verticale ed orizzontale;Sereno;Normale;Buona;;0;0;0;2;12.4272;41.9012;-1;1;Autovettura privata;In marcia / fermata / arresto;Conducente;F;Illeso;0;;;
5101402;18;09/10/2020 12:15:00;Strada Urbana;LARGO DI BOCCEA;in corrispondenza;;del civico n.;9;;Tamponamento;Rettilineo;Una carreggiata a senso unico di marcia;Asciutto;Asfaltata;Verticale ed orizzontale;Sereno;Normale;Buona;;0;0;0;2;12.4272;41.9012;-1;2;Autovettura privata;In marcia / fermata / arresto;Conducente;M;Illeso;0;;;
5101405;5;09/10/2020 08:40:00;Strada Urbana;VIA TIBURTINA;all'intersezione con;VIA DEI RADAR;VIA DEI RADAR;;;Tamponamento;Incrocio;Due carreggiate;Asciutto;Asfaltata;Orizzontale;Sereno;Normale;Buona;;1;0;0;2;12.6124;41.9357;-1;1;Autovettura privata;In marcia / fermata / arresto;Conducente;M;Illeso;0;;;
5101405;5;09/10/2020 08:40:00;Strada Urbana;VIA TIBURTINA;all'intersezione con;VIA DEI RADAR;VIA DEI RADAR;;;Tamponamento;Incrocio;Due carreggiate;Asciutto;Asfaltata;Orizzontale;Sereno;Normale;Buona;;1;0;0;2;12.6124;41.9357;-1;1;Autovettura privata;In marcia / fermata / arresto;Passeggero;F;Rimandato;0;NON DECEDUTO;;
5101405;5;09/10/2020 08:40:00;Strada Urbana;VIA TIBURTINA;all'intersezione con;VIA DEI RADAR;VIA DEI RADAR;;;Tamponamento;Incrocio;Due carreggiate;Asciutto;Asfaltata;Orizzontale;Sereno;Normale;Buona;;1;0;0;2;12.6124;41.9357;-1;2;Autovettura privata;In marcia / fermata / arresto;Conducente;M;Illeso;0;;;
5101424;16;08/10/2020 17:05:00;Strada Urbana;VIALE DEI QUATTRO VENTI;all'intersezione semaforizzata con;PIAZZALE DEI QUATTRO VENTI;PIAZZALE DEI QUATTRO VENTI;;;Scontro frontale/laterale SX fra veicoli in marcia;Intersezione semaforizzata;Una carreggiata a doppio senso;Asciutto;Asfaltata;Verticale ed orizzontale;Sereno;Normale;Buona;;0;0;0;2;12.4585;41.8796;-1;1;Motociclo a solo;In marcia / fermata / arresto;Conducente;M;Illeso;0;;Non accertato;
5101424;16;08/10/2020 17:05:00;Strada Urbana;VIALE DEI QUATTRO VENTI;all'intersezione semaforizzata con;PIAZZALE DEI QUATTRO VENTI;PIAZZALE DEI QUATTRO VENTI;;;Scontro frontale/laterale SX fra veicoli in marcia;Intersezione semaforizzata;Una carreggiata a doppio senso;Asciutto;Asfaltata;Verticale ed orizzontale;Sereno;Normale;Buona;;0;0;0;2;12.4585;41.8796;-1;2;Motociclo a solo;In marcia / fermata / arresto;Conducente;M;Illeso;0;;Non accertato;
5101434;18;11/10/2020 03:15:00;Strada Urbana;VIA BALDO DEGLI UBALDI;in corrispondenza;;del civico n.;202;;Veicolo in marcia contro veicoli in sosta;Rettilineo;Due carreggiate;Bagnato (pioggia);Asfaltata;Verticale ed orizzontale;Pioggia in atto;Scarso;Buona;;0;0;0;1;12.4367;41.8999;-1;1;Autovettura privata;In marcia / fermata / arresto;Conducente;F;Illeso;0;;;
5101434;18;11/10/2020 03:15:00;Strada Urbana;VIA BALDO DEGLI UBALDI;in corrispondenza;;del civico n.;202;;Veicolo in marcia contro veicoli in sosta;Rettilineo;Due carreggiate;Bagnato (pioggia);Asfaltata;Verticale ed orizzontale;Pioggia in atto;Scarso;Buona;;0;0;0;1;12.4367;41.8999;-1;2;Autovettura privata;Sosta;;;;;;;
5101434;18;11/10/2020 03:15:00;Strada Urbana;VIA BALDO DEGLI UBALDI;in corrispondenza;;del civico n.;202;;Veicolo in marcia contro veicoli in sosta;Rettilineo;Due carreggiate;Bagnato (pioggia);Asfaltata;Verticale ed orizzontale;Pioggia in atto;Scarso;Buona;;0;0;0;1;12.4367;41.8999;-1;3;Autovettura privata;Sosta;;;;;;;
5101460;16;09/10/2020 10:20:00;Strada Urbana;VIALE ISACCO NEWTON;in corrispondenza;;del civico n.;fc 95;;Scontro laterale fra veicoli in marcia;Rettilineo;Due carreggiate;Asciutto;Asfaltata;Verticale ed orizzontale;Sereno;Normale;Buona;;0;0;0;3;12.4411;41.8581;-1;1;Motociclo a solo;In marcia / fermata / arresto;Conducente;M;Illeso;0;;Non accertato;
5101460;16;09/10/2020 10:20:00;Strada Urbana;VIALE ISACCO NEWTON;in corrispondenza;;del civico n.;fc 95;;Scontro laterale fra veicoli in marcia;Rettilineo;Due carreggiate;Asciutto;Asfaltata;Verticale ed orizzontale;Sereno;Normale;Buona;;0;0;0;3;12.4411;41.8581;-1;2;Autovettura privata;In marcia / fermata / arresto;Conducente;M;Illeso;0;;Non accertato;Inesploso
5101460;16;09/10/2020 10:20:00;Strada Urbana;VIALE ISACCO NEWTON;in corrispondenza;;del civico n.;fc 95;;Scontro laterale fra veicoli in marcia;Rettilineo;Due carreggiate;Asciutto;Asfaltata;Verticale ed orizzontale;Sereno;Normale;Buona;;0;0;0;3;12.4411;41.8581;-1;2;Autovettura privata;In marcia / fermata / arresto;Passeggero;F;Illeso;0;;Non accertato;Inesploso
5101460;16;09/10/2020 10:20:00;Strada Urbana;VIALE ISACCO NEWTON;in corrispondenza;;del civico n.;fc 95;;Scontro laterale fra veicoli in marcia;Rettilineo;Due carreggiate;Asciutto;Asfaltata;Verticale ed orizzontale;Sereno;Normale;Buona;;0;0;0;3;12.4411;41.8581;-1;3;Autovettura privata;Sosta;;;;;;;
5101474;10;12/10/2020 10:25:00;Strada Urbana;VIA TUSCOLANA;all'intersezione semaforizzata con;VIA VALERIO PUBLICOLA;VIA VALERIO PUBLICOLA;;;Scontro laterale fra veicoli in marcia;Intersezione semaforizzata;Due carreggiate;Bagnato (pioggia);Asfaltata;Verticale ed orizzontale;Nuvoloso;Intenso;Buona;;0;0;0;2;12.559;41.8586;-1;1;Autocarro inferiore 35 q.;In marcia / fermata / arresto;Conducente;M;Illeso;0;;Non accertato;Inesploso
5101474;10;12/10/2020 10:25:00;Strada Urbana;VIA TUSCOLANA;all'intersezione semaforizzata con;VIA VALERIO PUBLICOLA;VIA VALERIO PUBLICOLA;;;Scontro laterale fra veicoli in marcia;Intersezione semaforizzata;Due carreggiate;Bagnato (pioggia);Asfaltata;Verticale ed orizzontale;Nuvoloso;Intenso;Buona;;0;0;0;2;12.559;41.8586;-1;2;Motociclo a solo;In marcia / fermata / arresto;Conducente;M;Illeso;0;;Non accertato;
5101481;18;11/10/2020 00:15:00;Strada Urbana;LUNGOTEVERE DEGLI ALTOVITI;all'intersezione con;VIA PAOLA;VIA PAOLA;;;Scontro laterale fra veicoli in marcia;Intersezione stradale segnalata;Una carreggiata a senso unico di marcia;Bagnato (pioggia);Asfaltata;Verticale ed orizzontale;Pioggia in atto;Normale;Buona;;1;0;0;1;12.4655;41.9011;-1;1;Autovettura privata;In marcia / fermata / arresto;Conducente;M;Illeso;0;;;
5101481;18;11/10/2020 00:15:00;Strada Urbana;LUNGOTEVERE DEGLI ALTOVITI;all'intersezione con;VIA PAOLA;VIA PAOLA;;;Scontro laterale fra veicoli in marcia;Intersezione stradale segnalata;Una carreggiata a senso unico di marcia;Bagnato (pioggia);Asfaltata;Verticale ed orizzontale;Pioggia in atto;Normale;Buona;;1;0;0;1;12.4655;41.9011;-1;2;Motociclo a solo;In marcia / fermata / arresto;Conducente;M;Rifiuta cure immediate;0;NON DECEDUTO;;
5101487;7;09/10/2020 08:25:00;Strada Urbana;VIA DINO PENAZZATO;in corrispondenza;;del civico n.;93;;Veicolo in marcia contro veicolo in sosta;Curva a visuale libera;Una carreggiata a doppio senso;Asciutto;Asfaltata;Verticale ed orizzontale;Sereno;Normale;Buona;;0;0;0;1;12.5655;41.8984;-1;1;Autovettura privata;In marcia / fermata / arresto;Conducente;F;Illeso;0;;Non accertato;Inesploso
5101487;7;09/10/2020 08:25:00;Strada Urbana;VIA DINO PENAZZATO;in corrispondenza;;del civico n.;93;;Veicolo in marcia contro veicolo in sosta;Curva a visuale libera;Una carreggiata a doppio senso;Asciutto;Asfaltata;Verticale ed orizzontale;Sereno;Normale;Buona;;0;0;0;1;12.5655;41.8984;-1;2;Autovettura privata;Sosta;;;;;;;
5101493;13;12/10/2020 07:45:00;Strada Urbana;VIA MARIO BIANCO;all'intersezione con;PIAZZA ALBERTO ALESSIO;PIAZZA ALBERTO ALESSIO;;;Scontro frontale/laterale DX fra veicoli in marcia;Incrocio;Una carreggiata a doppio senso;Asciutto;Asfaltata;Orizzontale;Nuvoloso;Intenso;Buona;;2;0;0;1;12.2941;41.7296;-1;1;Autovettura privata;In marcia / fermata / arresto;Conducente;M;Illeso;0;;Non accertato;Inesploso
5101493;13;12/10/2020 07:45:00;Strada Urbana;VIA MARIO BIANCO;all'intersezione con;PIAZZA ALBERTO ALESSIO;PIAZZA ALBERTO ALESSIO;;;Scontro frontale/laterale DX fra veicoli in marcia;Incrocio;Una carreggiata a doppio senso;Asciutto;Asfaltata;Orizzontale;Nuvoloso;Intenso;Buona;;2;0;0;1;12.2941;41.7296;-1;2;Autovettura privata;In marcia / fermata / arresto;Conducente;M;Rimandato;0;NON DECEDUTO;Non accertato;Inesploso
5101493;13;12/10/2020 07:45:00;Strada Urbana;VIA MARIO BIANCO;all'intersezione con;PIAZZA ALBERTO ALESSIO;PIAZZA ALBERTO ALESSIO;;;Scontro frontale/laterale DX fra veicoli in marcia;Incrocio;Una carreggiata a doppio senso;Asciutto;Asfaltata;Orizzontale;Nuvoloso;Intenso;Buona;;2;0;0;1;12.2941;41.7296;-1;2;Autovettura privata;In marcia / fermata / arresto;Passeggero;F;Rimandato;0;NON DECEDUTO;;
5101494;17;11/10/2020 19:50:00;Strada Urbana;VIA LUISA SANFELICE;all'intersezione con;VIA GIUSEPPE AVEZZANA;VIA GIUSEPPE AVEZZANA;;;Investimento di pedone;Intersezione non regolata/non segnalata;Una carreggiata a doppio senso;Asciutto;Asfaltata;Verticale ed orizzontale;Nuvoloso;Scarso;Sufficiente;;2;0;0;1;12.4669;41.9154;-1;;;;Pedone;M;Rimandato;0;NON DECEDUTO;;
5101494;17;11/10/2020 19:50:00;Strada Urbana;VIA LUISA SANFELICE;all'intersezione con;VIA GIUSEPPE AVEZZANA;VIA GIUSEPPE AVEZZANA;;;Investimento di pedone;Intersezione non regolata/non segnalata;Una carreggiata a doppio senso;Asciutto;Asfaltata;Verticale ed orizzontale;Nuvoloso;Scarso;Sufficiente;;2;0;0;1;12.4669;41.9154;-1;;;;Pedone;M;Rimandato;0;NON DECEDUTO;;
5101494;17;11/10/2020 19:50:00;Strada Urbana;VIA LUISA SANFELICE;all'intersezione con;VIA GIUSEPPE AVEZZANA;VIA GIUSEPPE AVEZZANA;;;Investimento di pedone;Intersezione non regolata/non segnalata;Una carreggiata a doppio senso;Asciutto;Asfaltata;Verticale ed orizzontale;Nuvoloso;Scarso;Sufficiente;;2;0;0;1;12.4669;41.9154;-1;1;Autovettura privata;In marcia / fermata / arresto;Conducente;M;Illeso;0;;;
5101505;16;09/10/2020 11:50:00;Strada Urbana;VIA DI BRAVETTA;in corrispondenza;;del civico n.;780;;Tamponamento;Rettilineo;Una carreggiata a doppio senso;Asciutto;Asfaltata;Verticale ed orizzontale;Sereno;Normale;Buona;;0;0;0;2;12.4231;41.8668;-1;1;Autovettura privata;In marcia / fermata / arresto;Conducente;F;Illeso;0;;Non accertato;
5101505;16;09/10/2020 11:50:00;Strada Urbana;VIA DI BRAVETTA;in corrispondenza;;del civico n.;780;;Tamponamento;Rettilineo;Una carreggiata a doppio senso;Asciutto;Asfaltata;Verticale ed orizzontale;Sereno;Normale;Buona;;0;0;0;2;12.4231;41.8668;-1;2;Autovettura privata;In marcia / fermata / arresto;Conducente;F;Illeso;0;;Non accertato;
5101522;11;12/10/2020 10:00:00;Strada Urbana;VIA CRISTOFORO COLOMBO;all'intersezione semaforizzata con;VIA COSTANTINO;VIA COSTANTINO;;;Tamponamento Multiplo;Intersezione semaforizzata;Pi� di due carreggiate;Bagnato (pioggia);Asfaltata;Verticale ed orizzontale;Nuvoloso;Normale;Buona;;1;0;0;2;12.4536;41.8089;-1;1;Autocarro inferiore 35 q.;In marcia / fermata / arresto;Conducente;M;Illeso;0;;Non accertato;Inesploso
5101522;11;12/10/2020 10:00:00;Strada Urbana;VIA CRISTOFORO COLOMBO;all'intersezione semaforizzata con;VIA COSTANTINO;VIA COSTANTINO;;;Tamponamento Multiplo;Intersezione semaforizzata;Pi� di due carreggiate;Bagnato (pioggia);Asfaltata;Verticale ed orizzontale;Nuvoloso;Normale;Buona;;1;0;0;2;12.4536;41.8089;-1;2;Autovettura privata;In marcia / fermata / arresto;Conducente;F;Rimandato;0;NON DECEDUTO;Non accertato;Esploso
5101522;11;12/10/2020 10:00:00;Strada Urbana;VIA CRISTOFORO COLOMBO;all'intersezione semaforizzata con;VIA COSTANTINO;VIA COSTANTINO;;;Tamponamento Multiplo;Intersezione semaforizzata;Pi� di due carreggiate;Bagnato (pioggia);Asfaltata;Verticale ed orizzontale;Nuvoloso;Normale;Buona;;1;0;0;2;12.4536;41.8089;-1;3;Autovettura privata;In marcia / fermata / arresto;Conducente;F;Illeso;0;;Non accertato;Inesploso
5101524;3;09/10/2020 14:45:00;Strada Urbana;PIAZZALE DEL VERANO;da specificare;;;;fronte civico 36;Scontro frontale/laterale DX fra veicoli in marcia;Sottopasso non illuminato;Una carreggiata a senso unico di marcia;Asciutto;Asfaltata;Verticale ed orizzontale;Sereno;Normale;Buona;;1;0;0;2;12.5188;41.9019;-1;1;Autovettura privata;In marcia / fermata / arresto;Conducente;F;Ricoverato;0;NON DECEDUTO;;
5101524;3;09/10/2020 14:45:00;Strada Urbana;PIAZZALE DEL VERANO;da specificare;;;;fronte civico 36;Scontro frontale/laterale DX fra veicoli in marcia;Sottopasso non illuminato;Una carreggiata a senso unico di marcia;Asciutto;Asfaltata;Verticale ed orizzontale;Sereno;Normale;Buona;;1;0;0;2;12.5188;41.9019;-1;2;Autovettura privata;In marcia / fermata / arresto;Conducente;M;Illeso;0;;;
5101524;3;09/10/2020 14:45:00;Strada Urbana;PIAZZALE DEL VERANO;da specificare;;;;fronte civico 36;Scontro frontale/laterale DX fra veicoli in marcia;Sottopasso non illuminato;Una carreggiata a senso unico di marcia;Asciutto;Asfaltata;Verticale ed orizzontale;Sereno;Normale;Buona;;1;0;0;2;12.5188;41.9019;-1;2;Autovettura privata;In marcia / fermata / arresto;Passeggero;M;Illeso;0;;;
5101543;18;10/10/2020 10:45:00;Strada Urbana;VIA BALDO DEGLI UBALDI;all'intersezione con;VIA GIROLAMO VITELLI;VIA GIROLAMO VITELLI;;;Tamponamento;Intersezione stradale segnalata;Due carreggiate;Asciutto;Asfaltata;Orizzontale;Sereno;Intenso;Buona;;1;0;0;1;12.4363;41.8999;-1;1;Motociclo a solo;In marcia / fermata / arresto;Conducente;M;Rimandato;0;NON DECEDUTO;;
5101543;18;10/10/2020 10:45:00;Strada Urbana;VIA BALDO DEGLI UBALDI;all'intersezione con;VIA GIROLAMO VITELLI;VIA GIROLAMO VITELLI;;;Tamponamento;Intersezione stradale segnalata;Due carreggiate;Asciutto;Asfaltata;Orizzontale;Sereno;Intenso;Buona;;1;0;0;1;12.4363;41.8999;-1;2;Autovettura privata;In marcia / fermata / arresto;Conducente;M;Illeso;0;;;
5101566;3;10/10/2020 07:30:00;Strada Urbana;VIA NOMENTANA;all'intersezione semaforizzata con;VIA ALESSANDRO TORLONIA;VIA ALESSANDRO TORLONIA;;;Scontro frontale/laterale DX fra veicoli in marcia;Intersezione semaforizzata;Pi� di due carreggiate;Asciutto;Asfaltata;Verticale ed orizzontale;Sereno;Scarso;Buona;;0;0;0;2;12.5115;41.9162;-1;1;Autovettura privata;In marcia / fermata / arresto;Conducente;M;Illeso;0;;Non accertato;
5101566;3;10/10/2020 07:30:00;Strada Urbana;VIA NOMENTANA;all'intersezione semaforizzata con;VIA ALESSANDRO TORLONIA;VIA ALESSANDRO TORLONIA;;;Scontro frontale/laterale DX fra veicoli in marcia;Intersezione semaforizzata;Pi� di due carreggiate;Asciutto;Asfaltata;Verticale ed orizzontale;Sereno;Scarso;Buona;;0;0;0;2;12.5115;41.9162;-1;2;Autocarro inferiore 35 q.;In marcia / fermata / arresto;Conducente;M;Illeso;0;;Non accertato;
5101567;1;12/10/2020 08:35:00;Strada Urbana;PIAZZA DI S. GIOVANNI IN LATERANO;in prossimit�;;del palo luce n.;39;;Tamponamento;Rettilineo;Due carreggiate;Bagnato (umidit� in atto);Asfaltata;Verticale ed orizzontale;Nuvoloso;Normale;Buona;;1;0;0;1;12.5046;41.8869;0;1;Autovettura privata;In marcia / fermata / arresto;Conducente;F;Illeso;0;;;
5101567;1;12/10/2020 08:35:00;Strada Urbana;PIAZZA DI S. GIOVANNI IN LATERANO;in prossimit�;;del palo luce n.;39;;Tamponamento;Rettilineo;Due carreggiate;Bagnato (umidit� in atto);Asfaltata;Verticale ed orizzontale;Nuvoloso;Normale;Buona;;1;0;0;1;12.5046;41.8869;0;2;Motociclo a solo;In marcia / fermata / arresto;Conducente;M;Rifiuta cure immediate;0;NON DECEDUTO;;
5101574;7;10/10/2020 22:20:00;Strada Urbana;VIA COLLATINA;all'intersezione con;VIA CHERSO;VIA CHERSO;;;Scontro frontale/laterale DX fra veicoli in marcia;Incrocio;Una carreggiata a doppio senso;Asciutto;Asfaltata;Verticale ed orizzontale;Sereno;Normale;Buona;;0;0;0;3;12.5628;41.8963;-1;1;Autovettura privata;In marcia / fermata / arresto;Conducente;M;Illeso;0;;Non accertato;Inesploso
5101574;7;10/10/2020 22:20:00;Strada Urbana;VIA COLLATINA;all'intersezione con;VIA CHERSO;VIA CHERSO;;;Scontro frontale/laterale DX fra veicoli in marcia;Incrocio;Una carreggiata a doppio senso;Asciutto;Asfaltata;Verticale ed orizzontale;Sereno;Normale;Buona;;0;0;0;3;12.5628;41.8963;-1;2;Autovettura privata;In marcia / fermata / arresto;Conducente;M;Illeso;0;;Non accertato;Inesploso
5101574;7;10/10/2020 22:20:00;Strada Urbana;VIA COLLATINA;all'intersezione con;VIA CHERSO;VIA CHERSO;;;Scontro frontale/laterale DX fra veicoli in marcia;Incrocio;Una carreggiata a doppio senso;Asciutto;Asfaltata;Verticale ed orizzontale;Sereno;Normale;Buona;;0;0;0;3;12.5628;41.8963;-1;3;Autovettura privata;In marcia / fermata / arresto;Conducente;M;Illeso;0;;Non accertato;Inesploso
5101579;10;11/10/2020 11:50:00;Strada Urbana;VIA QUINTILIO VARO;all'intersezione con;CIRCONVALLAZIONE TUSCOLANA;CIRCONVALLAZIONE TUSCOLANA;;;Veicolo in marcia contro ostacolo accidentale;Incrocio;Una carreggiata a senso unico di marcia;Bagnato (pioggia);Asfaltata;Verticale ed orizzontale;Pioggia in atto;Normale;Buona;;0;0;0;1;12.5684;41.8516;-1;1;Autovettura privata;In marcia / fermata / arresto;Conducente;M;Illeso;0;;Non accertato;Inesploso
5101580;18;10/10/2020 11:00:00;Strada Urbana;VIA DI BOCCEA;in corrispondenza;;del civico n.;299;;Tamponamento Multiplo;Rettilineo;Una carreggiata a doppio senso;Asciutto;Asfaltata;Verticale ed orizzontale;Sereno;Normale;Buona;;0;0;0;4;12.4144;41.903;-1;1;Autovettura privata;In marcia / fermata / arresto;Conducente;M;Illeso;0;;;
5101580;18;10/10/2020 11:00:00;Strada Urbana;VIA DI BOCCEA;in corrispondenza;;del civico n.;299;;Tamponamento Multiplo;Rettilineo;Una carreggiata a doppio senso;Asciutto;Asfaltata;Verticale ed orizzontale;Sereno;Normale;Buona;;0;0;0;4;12.4144;41.903;-1;1;Autovettura privata;In marcia / fermata / arresto;Passeggero;F;Illeso;0;;;
5101580;18;10/10/2020 11:00:00;Strada Urbana;VIA DI BOCCEA;in corrispondenza;;del civico n.;299;;Tamponamento Multiplo;Rettilineo;Una carreggiata a doppio senso;Asciutto;Asfaltata;Verticale ed orizzontale;Sereno;Normale;Buona;;0;0;0;4;12.4144;41.903;-1;2;Autovettura privata;In marcia / fermata / arresto;Conducente;F;Illeso;0;;;
5101580;18;10/10/2020 11:00:00;Strada Urbana;VIA DI BOCCEA;in corrispondenza;;del civico n.;299;;Tamponamento Multiplo;Rettilineo;Una carreggiata a doppio senso;Asciutto;Asfaltata;Verticale ed orizzontale;Sereno;Normale;Buona;;0;0;0;4;12.4144;41.903;-1;3;Autovettura privata;In marcia / fermata / arresto;Conducente;M;Illeso;0;;;
5101582;3;10/10/2020 17:15:00;Strada Urbana;VIA GIUSEPPE SISCO;in prossimit�;;del civico n.;6;;Veicolo in marcia contro veicolo in sosta;Rettilineo;Una carreggiata a senso unico di marcia;Asciutto;Asfaltata;Verticale ed orizzontale;Sereno;Normale;Buona;;0;0;0;1;12.5187;41.9084;-1;1;Autovettura privata;Sosta;;;;;;;