Protocollo;Gruppo;DataOraIncidente;Localizzazione1;STRADA1;Localizzazione2;STRADA2;Strada02;Chilometrica;DaSpecificare;NaturaIncidente;particolaritastrade;TipoStrada;FondoStradale;Pavimentazione;Segnaletica;CondizioneAtmosferica;Traffico;Visibilita;Illuminazione;NUM_FERITI;NUM_RISERVATA;NUM_MORTI;NUM_ILLESI;Longitudine;Latitudine;Confermato;Progressivo;TipoVeicolo;StatoVeicolo;TipoPersona;Sesso;Tipolesione;Deceduto;DecedutoDopo;CinturaCascoUtilizzato;Airbag;
5101582;3;10/10/2020 17:15:00;Strada Urbana;VIA GIUSEPPE SISCO;in prossimit�;;del civico n.;6;;Veicolo in marcia contro veicolo in sosta;Rettilineo;Una carreggiata a senso unico di marcia;Asciutto;Asfaltata;Verticale ed orizzontale;Sereno;Normale;Buona;;0;0;0;1;12.5187;41.9084;-1;2;Autovettura privata;In marcia / fermata / arresto;Conducente;M;Illeso;0;;;
5101604;3;11/10/2020 02:45:00;Strada Urbana;PIAZZA MENENIO AGRIPPA;in prossimit�;;del civico n.;5;;Veicolo in marcia contro veicolo in sosta;Rettilineo;Una carreggiata a senso unico di marcia;Bagnato (pioggia);Asfaltata;Verticale ed orizzontale;Pioggia in atto;Normale;Sufficiente;;0;0;0;0;12.5357;41.9348;-1;1;Autovettura privata;Sosta;;;;;;;
5101604;3;11/10/2020 02:45:00;Strada Urbana;PIAZZA MENENIO AGRIPPA;in prossimit�;;del civico n.;5;;Veicolo in marcia contro veicolo in sosta;Rettilineo;Una carreggiata a senso unico di marcia;Bagnato (pioggia);Asfaltata;Verticale ed orizzontale;Pioggia in atto;Normale;Sufficiente;;0;0;0;0;12.5357;41.9348;-1;2;Autovettura privata;In marcia / fermata / arresto;;;;;;;
5101666;18;11/10/2020 13:45:00;Strada Urbana;VIA GREGORIO XI;da specificare;;;;in prossimit� Via Aurelia;Fuoriuscita dalla sede stradale;Curva a visuale libera;Una carreggiata a senso unico di marcia;Bagnato (pioggia);Asfaltata;Verticale ed orizzontale;Pioggia in atto;Scarso;Buona;;0;0;0;1;12.3929;41.8847;-1;1;Autovettura privata;In marcia / fermata / arresto;Conducente;M;Illeso;0;;;
5101676;17;11/10/2020 12:00:00;Strada Urbana;VIA DELLA GIULIANA;all'intersezione con;VIA EMILIO FAA' DI BRUNO;VIA EMILIO FAA' DI BRUNO;;;Veicolo in marcia contro ostacolo fisso;Intersezione stradale segnalata;Una carreggiata a doppio senso;Bagnato (pioggia);Asfaltata;Verticale ed orizzontale;Pioggia in atto;Normale;Sufficiente;;0;0;0;3;12.4542;41.9135;-1;1;Autovettura privata;In marcia / fermata / arresto;Conducente;M;Illeso;0;;;
5101676;17;11/10/2020 12:00:00;Strada Urbana;VIA DELLA GIULIANA;all'intersezione con;VIA EMILIO FAA' DI BRUNO;VIA EMILIO FAA' DI BRUNO;;;Veicolo in marcia contro ostacolo fisso;Intersezione stradale segnalata;Una carreggiata a doppio senso;Bagnato (pioggia);Asfaltata;Verticale ed orizzontale;Pioggia in atto;Normale;Sufficiente;;0;0;0;3;12.4542;41.9135;-1;2;Autovettura privata;In marcia / fermata / arresto;Conducente;M;Illeso;0;;;
5101676;17;11/10/2020 12:00:00;Strada Urbana;VIA DELLA GIULIANA;all'intersezione con;VIA EMILIO FAA' DI BRUNO;VIA EMILIO FAA' DI BRUNO;;;Veicolo in marcia contro ostacolo fisso;Intersezione stradale segnalata;Una carreggiata a doppio senso;Bagnato (pioggia);Asfaltata;Verticale ed orizzontale;Pioggia in atto;Normale;Sufficiente;;0;0;0;3;12.4542;41.9135;-1;2;Autovettura privata;In marcia / fermata / arresto;Passeggero;F;Illeso;0;;;
5101679;7;12/10/2020 03:00:00;Strada Urbana;VIA DELLE SUSINE;in corrispondenza;;del civico n.;74;;Veicolo in marcia contro veicoli in sosta;Rettilineo;Una carreggiata a senso unico di marcia;Asciutto;Asfaltata;Verticale;Sereno;Scarso;Sufficiente;;0;0;0;1;12.5788;41.88;-1;1;Autovettura privata;In marcia / fermata / arresto;Conducente;F;Illeso;0;;Non accertato;Inesploso
5101679;7;12/10/2020 03:00:00;Strada Urbana;VIA DELLE SUSINE;in corrispondenza;;del civico n.;74;;Veicolo in marcia contro veicoli in sosta;Rettilineo;Una carreggiata a senso unico di marcia;Asciutto;Asfaltata;Verticale;Sereno;Scarso;Sufficiente;;0;0;0;1;12.5788;41.88;-1;2;Autovettura privata;Sosta;;;;;;;
5101679;7;12/10/2020 03:00:00;Strada Urbana;VIA DELLE SUSINE;in corrispondenza;;del civico n.;74;;Veicolo in marcia contro veicoli in sosta;Rettilineo;Una carreggiata a senso unico di marcia;Asciutto;Asfaltata;Verticale;Sereno;Scarso;Sufficiente;;0;0;0;1;12.5788;41.88;-1;3;Autocarro inferiore 35 q.;Sosta;;;;;;;
5101679;7;12/10/2020 03:00:00;Strada Urbana;VIA DELLE SUSINE;in corrispondenza;;del civico n.;74;;Veicolo in marcia contro veicoli in sosta;Rettilineo;Una carreggiata a senso unico di marcia;Asciutto;Asfaltata;Verticale;Sereno;Scarso;Sufficiente;;0;0;0;1;12.5788;41.88;-1;4;Autovettura privata;Sosta;;;;;;;
5101681;18;11/10/2020 15:15:00;Strada Urbana;VIA NAZARETH;da specificare;;;;in prossimit� via L. Buonafede;Scontro frontale/laterale SX fra veicoli in marcia;Curva senza visuale libera;Una carreggiata a doppio senso;Bagnato (pioggia);Asfaltata;Verticale ed orizzontale;Nuvoloso;Normale;Buona;;0;0;0;5;12.4027;41.9054;-1;1;Autovettura privata;In marcia / fermata / arresto;Conducente;M;Illeso;0;;;
5101681;18;11/10/2020 15:15:00;Strada Urbana;VIA NAZARETH;da specificare;;;;in prossimit� via L. Buonafede;Scontro frontale/laterale SX fra veicoli in marcia;Curva senza visuale libera;Una carreggiata a doppio senso;Bagnato (pioggia);Asfaltata;Verticale ed orizzontale;Nuvoloso;Normale;Buona;;0;0;0;5;12.4027;41.9054;-1;1;Autovettura privata;In marcia / fermata / arresto;Passeggero;M;Illeso;0;;;
5101681;18;11/10/2020 15:15:00;Strada Urbana;VIA NAZARETH;da specificare;;;;in prossimit� via L. Buonafede;Scontro frontale/laterale SX fra veicoli in marcia;Curva senza visuale libera;Una carreggiata a doppio senso;Bagnato (pioggia);Asfaltata;Verticale ed orizzontale;Nuvoloso;Normale;Buona;;0;0;0;5;12.4027;41.9054;-1;1;Autovettura privata;In marcia / fermata / arresto;Passeggero;M;Illeso;0;;;
5101681;18;11/10/2020 15:15:00;Strada Urbana;VIA NAZARETH;da specificare;;;;in prossimit� via L. Buonafede;Scontro frontale/laterale SX fra veicoli in marcia;Curva senza visuale libera;Una carreggiata a doppio senso;Bagnato (pioggia);Asfaltata;Verticale ed orizzontale;Nuvoloso;Normale;Buona;;0;0;0;5;12.4027;41.9054;-1;2;Autovettura privata;In marcia / fermata / arresto;Conducente;F;Illeso;0;;;
5101681;18;11/10/2020 15:15:00;Strada Urbana;VIA NAZARETH;da specificare;;;;in prossimit� via L. Buonafede;Scontro frontale/laterale SX fra veicoli in marcia;Curva senza visuale libera;Una carreggiata a doppio senso;Bagnato (pioggia);Asfaltata;Verticale ed orizzontale;Nuvoloso;Normale;Buona;;0;0;0;5;12.4027;41.9054;-1;2;Autovettura privata;In marcia / fermata / arresto;Passeggero;M;Illeso;0;;;
5101691;12;11/10/2020 15:35:00;Strada Urbana;VIALE CAMILLO SABATINI;in prossimit�;;del civico n.;161;;Scontro frontale fra veicoli in marcia;Rettilineo;Una carreggiata a doppio senso;Bagnato (pioggia);Asfaltata;Orizzontale;Nuvoloso;Scarso;Buona;;1;0;0;1;12.439;41.8171;-1;1;Autovettura privata;In marcia / fermata / arresto;Conducente;M;Illeso;0;;Non accertato;Inesploso
5101691;12;11/10/2020 15:35:00;Strada Urbana;VIALE CAMILLO SABATINI;in prossimit�;;del civico n.;161;;Scontro frontale fra veicoli in marcia;Rettilineo;Una carreggiata a doppio senso;Bagnato (pioggia);Asfaltata;Orizzontale;Nuvoloso;Scarso;Buona;;1;0;0;1;12.439;41.8171;-1;2;Velocipede;In marcia / fermata / arresto;Conducente;M;Rimandato;0;NON DECEDUTO;Esente;
5101719;1;12/10/2020 10:25:00;Strada Urbana;VIA MONTEBELLO;all'intersezione con;VIA MENTANA;VIA MENTANA;;;Scontro frontale/laterale DX fra veicoli in marcia;Intersezione stradale segnalata;Una carreggiata a doppio senso;Bagnato (pioggia);In cubetti di porfido;Verticale ed orizzontale;Pioggia in atto;Normale;Buona;;0;0;0;3;12.5029;41.9076;-1;1;Autovettura privata;In marcia / fermata / arresto;Conducente;M;Illeso;0;;;
5101719;1;12/10/2020 10:25:00;Strada Urbana;VIA MONTEBELLO;all'intersezione con;VIA MENTANA;VIA MENTANA;;;Scontro frontale/laterale DX fra veicoli in marcia;Intersezione stradale segnalata;Una carreggiata a doppio senso;Bagnato (pioggia);In cubetti di porfido;Verticale ed orizzontale;Pioggia in atto;Normale;Buona;;0;0;0;3;12.5029;41.9076;-1;2;Autovettura pubblica;In marcia / fermata / arresto;Conducente;M;Illeso;0;;;
5101719;1;12/10/2020 10:25:00;Strada Urbana;VIA MONTEBELLO;all'intersezione con;VIA MENTANA;VIA MENTANA;;;Scontro frontale/laterale DX fra veicoli in marcia;Intersezione stradale segnalata;Una carreggiata a doppio senso;Bagnato (pioggia);In cubetti di porfido;Verticale ed orizzontale;Pioggia in atto;Normale;Buona;;0;0;0;3;12.5029;41.9076;-1;2;Autovettura pubblica;In marcia / fermata / arresto;Passeggero;M;Illeso;0;;;
5101725;7;11/10/2020 04:45:00;Strada Urbana;VIALE ALESSANDRINO;in corrispondenza;;del civico n.;596;;Veicolo in marcia contro veicoli in sosta;Rettilineo;Una carreggiata a doppio senso;Bagnato (pioggia);Asfaltata;Verticale ed orizzontale;Pioggia in atto;Normale;Buona;;0;0;0;1;12.5773;41.8824;-1;1;Autovettura privata;In marcia / fermata / arresto;Conducente;M;Illeso;0;;Non accertato;Inesploso
5101725;7;11/10/2020 04:45:00;Strada Urbana;VIALE ALESSANDRINO;in corrispondenza;;del civico n.;596;;Veicolo in marcia contro veicoli in sosta;Rettilineo;Una carreggiata a doppio senso;Bagnato (pioggia);Asfaltata;Verticale ed orizzontale;Pioggia in atto;Normale;Buona;;0;0;0;1;12.5773;41.8824;-1;2;Autovettura privata;Sosta;;;;;;;
5101725;7;11/10/2020 04:45:00;Strada Urbana;VIALE ALESSANDRINO;in corrispondenza;;del civico n.;596;;Veicolo in marcia contro veicoli in sosta;Rettilineo;Una carreggiata a doppio senso;Bagnato (pioggia);Asfaltata;Verticale ed orizzontale;Pioggia in atto;Normale;Buona;;0;0;0;1;12.5773;41.8824;-1;3;Autovettura privata;Sosta;;;;;;;
5101725;7;11/10/2020 04:45:00;Strada Urbana;VIALE ALESSANDRINO;in corrispondenza;;del civico n.;596;;Veicolo in marcia contro veicoli in sosta;Rettilineo;Una carreggiata a doppio senso;Bagnato (pioggia);Asfaltata;Verticale ed orizzontale;Pioggia in atto;Normale;Buona;;0;0;0;1;12.5773;41.8824;-1;4;Autovettura privata;Sosta;;;;;;;
5101735;2;12/10/2020 10:30:00;Strada Urbana;VIALE PARIOLI;all'intersezione semaforizzata con;VIALE DELLA MOSCHEA;VIALE DELLA MOSCHEA;;;Tamponamento;Intersezione semaforizzata;Una carreggiata a doppio senso;Bagnato (pioggia);Asfaltata;Verticale ed orizzontale;Pioggia in atto;Intenso;Buona;;1;0;0;2;12.4874;41.9258;-1;1;Autovettura privata;In marcia / fermata / arresto;Conducente;F;Illeso;0;;Non accertato;Inesploso
5101735;2;12/10/2020 10:30:00;Strada Urbana;VIALE PARIOLI;all'intersezione semaforizzata con;VIALE DELLA MOSCHEA;VIALE DELLA MOSCHEA;;;Tamponamento;Intersezione semaforizzata;Una carreggiata a doppio senso;Bagnato (pioggia);Asfaltata;Verticale ed orizzontale;Pioggia in atto;Intenso;Buona;;1;0;0;2;12.4874;41.9258;-1;1;Autovettura privata;In marcia / fermata / arresto;Passeggero;F;Illeso;0;;Non accertato;Inesploso
5101735;2;12/10/2020 10:30:00;Strada Urbana;VIALE PARIOLI;all'intersezione semaforizzata con;VIALE DELLA MOSCHEA;VIALE DELLA MOSCHEA;;;Tamponamento;Intersezione semaforizzata;Una carreggiata a doppio senso;Bagnato (pioggia);Asfaltata;Verticale ed orizzontale;Pioggia in atto;Intenso;Buona;;1;0;0;2;12.4874;41.9258;-1;2;Motociclo a solo;In marcia / fermata / arresto;Conducente;F;Rimandato;0;NON DECEDUTO;Non accertato;
5101894;15;12/10/2020 08:30:00;Strada Urbana;VIA DELLA CASETTA MATTEI;all'intersezione con;VIA DEGLI ANTELMINELLI;VIA DEGLI ANTELMINELLI;;;Scontro frontale/laterale SX fra veicoli in marcia;Intersezione non regolata/non segnalata;Una carreggiata a doppio senso;Bagnato (umidit� in atto);Asfaltata;Verticale ed orizzontale;Nuvoloso;Normale;Buona;;1;0;0;1;12.4196;41.8579;-1;1;Autovettura privata;In marcia / fermata / arresto;Conducente;M;Illeso;0;;Non accertato;Inesploso
5101894;15;12/10/2020 08:30:00;Strada Urbana;VIA DELLA CASETTA MATTEI;all'intersezione con;VIA DEGLI ANTELMINELLI;VIA DEGLI ANTELMINELLI;;;Scontro frontale/laterale SX fra veicoli in marcia;Intersezione non regolata/non segnalata;Una carreggiata a doppio senso;Bagnato (umidit� in atto);Asfaltata;Verticale ed orizzontale;Nuvoloso;Normale;Buona;;1;0;0;1;12.4196;41.8579;-1;2;Autovettura privata;In marcia / fermata / arresto;Conducente;F;Rimandato;0;NON DECEDUTO;Non accertato;Inesploso
5101906;15;12/10/2020 12:10:00;Strada Urbana;VIALE GUGLIELMO MARCONI;in prossimit�;;del civico n.;138;;Tamponamento Multiplo;Rettilineo;Due carreggiate;Asciutto;Asfaltata;Verticale ed orizzontale;Nuvoloso;Intenso;Sufficiente;;0;0;0;5;12.4684;41.8665;-1;1;Autovettura privata;In marcia / fermata / arresto;Conducente;M;Illeso;0;;Non accertato;Inesploso
5101906;15;12/10/2020 12:10:00;Strada Urbana;VIALE GUGLIELMO MARCONI;in prossimit�;;del civico n.;138;;Tamponamento Multiplo;Rettilineo;Due carreggiate;Asciutto;Asfaltata;Verticale ed orizzontale;Nuvoloso;Intenso;Sufficiente;;0;0;0;5;12.4684;41.8665;-1;2;Autovettura privata;In marcia / fermata / arresto;Conducente;F;Illeso;0;;Non accertato;Inesploso
5101906;15;12/10/2020 12:10:00;Strada Urbana;VIALE GUGLIELMO MARCONI;in prossimit�;;del civico n.;138;;Tamponamento Multiplo;Rettilineo;Due carreggiate;Asciutto;Asfaltata;Verticale ed orizzontale;Nuvoloso;Intenso;Sufficiente;;0;0;0;5;12.4684;41.8665;-1;3;Autovettura privata;In marcia / fermata / arresto;Conducente;M;Illeso;0;;Non accertato;Inesploso
5101906;15;12/10/2020 12:10:00;Strada Urbana;VIALE GUGLIELMO MARCONI;in prossimit�;;del civico n.;138;;Tamponamento Multiplo;Rettilineo;Due carreggiate;Asciutto;Asfaltata;Verticale ed orizzontale;Nuvoloso;Intenso;Sufficiente;;0;0;0;5;12.4684;41.8665;-1;3;Autovettura privata;In marcia / fermata / arresto;Passeggero;F;Illeso;0;;Non accertato;Inesploso
5101906;15;12/10/2020 12:10:00;Strada Urbana;VIALE GUGLIELMO MARCONI;in prossimit�;;del civico n.;138;;Tamponamento Multiplo;Rettilineo;Due carreggiate;Asciutto;Asfaltata;Verticale ed orizzontale;Nuvoloso;Intenso;Sufficiente;;0;0;0;5;12.4684;41.8665;-1;3;Autovettura privata;In marcia / fermata / arresto;Passeggero;F;Illeso;0;;Non accertato;Inesploso
5101961;12;12/10/2020 09:40:00;Strada Urbana;VIALE AMERICA;in corrispondenza;;del civico n.;311;;Investimento di pedone;Rettilineo;Una carreggiata a doppio senso;Bagnato (pioggia);Asfaltata;Verticale ed orizzontale;Pioggia in atto;Normale;Buona;;1;0;0;1;12.4711;41.8288;-1;;;;Pedone;M;Rimandato;0;NON DECEDUTO;;
5101961;12;12/10/2020 09:40:00;Strada Urbana;VIALE AMERICA;in corrispondenza;;del civico n.;311;;Investimento di pedone;Rettilineo;Una carreggiata a doppio senso;Bagnato (pioggia);Asfaltata;Verticale ed orizzontale;Pioggia in atto;Normale;Buona;;1;0;0;1;12.4711;41.8288;-1;1;Autovettura privata;In marcia / fermata / arresto;Conducente;M;Illeso;0;;Utilizzato;Inesploso
5101966;15;02/10/2020 19:40:00;Strada Urbana;VIA ANTONIO PACINOTTI;da specificare;;;;fronte civico 29;Veicolo in marcia contro ostacolo fisso;Rettilineo;Una carreggiata a doppio senso;Asciutto;Asfaltata;Verticale ed orizzontale;Vento forte;Normale;Buona;;0;0;0;1;12.4675;41.871;-1;1;Autovettura privata;In marcia / fermata / arresto;Conducente;F;Illeso;0;;Non accertato;Inesploso
5102043;12;11/10/2020 21:30:00;Strada Urbana;VIA FRANCESCO BARTOLOMEO RASTRELLI;in corrispondenza;;del civico n.;45;;Veicolo in marcia contro veicolo in sosta;Rettilineo;Una carreggiata a senso unico di marcia;Asciutto;Asfaltata;Verticale;Sereno;Scarso;Buona;;0;0;0;1;12.4356;41.7907;0;1;Autovettura privata;Sosta;;;;;;;
5102043;12;11/10/2020 21:30:00;Strada Urbana;VIA FRANCESCO BARTOLOMEO RASTRELLI;in corrispondenza;;del civico n.;45;;Veicolo in marcia contro veicolo in sosta;Rettilineo;Una carreggiata a senso unico di marcia;Asciutto;Asfaltata;Verticale;Sereno;Scarso;Buona;;0;0;0;1;12.4356;41.7907;0;2;Autovettura privata;In marcia / fermata / arresto;Conducente;F;Illeso;0;;Non accertato;Inesploso
5102113;17;12/10/2020 08:35:00;Strada Urbana;VIALE GIULIO CESARE;all'intersezione semaforizzata con;VIA CARLO ALBERTO DALLA CHIESA;VIA CARLO ALBERTO DALLA CHIESA;;;Tamponamento;Intersezione semaforizzata;Pi� di due carreggiate;Asciutto;Asfaltata;Verticale ed orizzontale;Nuvoloso;Normale;Buona;;0;0;0;2;12.4627;41.9105;-1;1;Autovettura privata;In marcia / fermata / arresto;Conducente;M;Illeso;0;;;
5102113;17;12/10/2020 08:35:00;Strada Urbana;VIALE GIULIO CESARE;all'intersezione semaforizzata con;VIA CARLO ALBERTO DALLA CHIESA;VIA CARLO ALBERTO DALLA CHIESA;;;Tamponamento;Intersezione semaforizzata;Pi� di due carreggiate;Asciutto;Asfaltata;Verticale ed orizzontale;Nuvoloso;Normale;Buona;;0;0;0;2;12.4627;41.9105;-1;2;Motociclo a solo;In marcia / fermata / arresto;Conducente;M;Illeso;0;;;
5102215;19;12/10/2020 10:15:00;Strada Urbana;VIA DELLA PINETA SACCHETTI;all'intersezione con;LARGO FRANCESCO VITO;LARGO FRANCESCO VITO;;;Tamponamento;Incrocio;Una carreggiata a senso unico di marcia;Asciutto;Asfaltata;Verticale ed orizzontale;Nuvoloso;Normale;Buona;;0;0;0;6;12.425;41.924;-1;1;Autovettura privata;In marcia / fermata / arresto;Conducente;M;Illeso;0;;;
5102215;19;12/10/2020 10:15:00;Strada Urbana;VIA DELLA PINETA SACCHETTI;all'intersezione con;LARGO FRANCESCO VITO;LARGO FRANCESCO VITO;;;Tamponamento;Incrocio;Una carreggiata a senso unico di marcia;Asciutto;Asfaltata;Verticale ed orizzontale;Nuvoloso;Normale;Buona;;0;0;0;6;12.425;41.924;-1;1;Autovettura privata;In marcia / fermata / arresto;Passeggero;M;Illeso;0;;;
5102215;19;12/10/2020 10:15:00;Strada Urbana;VIA DELLA PINETA SACCHETTI;all'intersezione con;LARGO FRANCESCO VITO;LARGO FRANCESCO VITO;;;Tamponamento;Incrocio;Una carreggiata a senso unico di marcia;Asciutto;Asfaltata;Verticale ed orizzontale;Nuvoloso;Normale;Buona;;0;0;0;6;12.425;41.924;-1;1;Autovettura privata;In marcia / fermata / arresto;Passeggero;F;Illeso;0;;;
5102215;19;12/10/2020 10:15:00;Strada Urbana;VIA DELLA PINETA SACCHETTI;all'intersezione con;LARGO FRANCESCO VITO;LARGO FRANCESCO VITO;;;Tamponamento;Incrocio;Una carreggiata a senso unico di marcia;Asciutto;Asfaltata;Verticale ed orizzontale;Nuvoloso;Normale;Buona;;0;0;0;6;12.425;41.924;-1;1;Autovettura privata;In marcia / fermata / arresto;Passeggero;M;Illeso;0;;;
5102215;19;12/10/2020 10:15:00;Strada Urbana;VIA DELLA PINETA SACCHETTI;all'intersezione con;LARGO FRANCESCO VITO;LARGO FRANCESCO VITO;;;Tamponamento;Incrocio;Una carreggiata a senso unico di marcia;Asciutto;Asfaltata;Verticale ed orizzontale;Nuvoloso;Normale;Buona;;0;0;0;6;12.425;41.924;-1;1;Autovettura privata;In marcia / fermata / arresto;Passeggero;F;Illeso;0;;;
5102215;19;12/10/2020 10:15:00;Strada Urbana;VIA DELLA PINETA SACCHETTI;all'intersezione con;LARGO FRANCESCO VITO;LARGO FRANCESCO VITO;;;Tamponamento;Incrocio;Una carreggiata a senso unico di marcia;Asciutto;Asfaltata;Verticale ed orizzontale;Nuvoloso;Normale;Buona;;0;0;0;6;12.425;41.924;-1;2;Autovettura privata;In marcia / fermata / arresto;Conducente;F;Illeso;0;;;
5102227;13;12/10/2020 14:30:00;Strada Urbana;VIA OSTIENSE;da specificare;;;;parcheggio stazione Casal Bernocchi;Tamponamento;Pendenza;Una carreggiata a doppio senso;Bagnato (pioggia);Asfaltata;Verticale;Pioggia in atto;Scarso;Sufficiente;;0;0;0;4;12.376;41.7891;-1;1;Autocarro inferiore 35 q.;In marcia / fermata / arresto;Conducente;M;Illeso;0;;Non accertato;
5102227;13;12/10/2020 14:30:00;Strada Urbana;VIA OSTIENSE;da specificare;;;;parcheggio stazione Casal Bernocchi;Tamponamento;Pendenza;Una carreggiata a doppio senso;Bagnato (pioggia);Asfaltata;Verticale;Pioggia in atto;Scarso;Sufficiente;;0;0;0;4;12.376;41.7891;-1;1;Autocarro inferiore 35 q.;In marcia / fermata / arresto;Passeggero;M;Illeso;0;;Non accertato;Inesploso
5102227;13;12/10/2020 14:30:00;Strada Urbana;VIA OSTIENSE;da specificare;;;;parcheggio stazione Casal Bernocchi;Tamponamento;Pendenza;Una carreggiata a doppio senso;Bagnato (pioggia);Asfaltata;Verticale;Pioggia in atto;Scarso;Sufficiente;;0;0;0;4;12.376;41.7891;-1;2;Autovettura privata;In marcia / fermata / arresto;Conducente;M;Illeso;0;;Non accertato;
5102227;13;12/10/2020 14:30:00;Strada Urbana;VIA OSTIENSE;da specificare;;;;parcheggio stazione Casal Bernocchi;Tamponamento;Pendenza;Una carreggiata a doppio senso;Bagnato (pioggia);Asfaltata;Verticale;Pioggia in atto;Scarso;Sufficiente;;0;0;0;4;12.376;41.7891;-1;2;Autovettura privata;In marcia / fermata / arresto;Passeggero;M;Illeso;0;;;
5102326;13;12/10/2020 08:35:00;Strada Urbana;VIA DI DRAGONE;all'intersezione con;VIA RENATO MASSA;VIA RENATO MASSA;;;Investimento di pedone;Incrocio;Una carreggiata a doppio senso;Asciutto;Asfaltata;Verticale ed orizzontale;Nuvoloso;Intenso;Buona;;0;0;0;2;12.3326;41.7834;0;;;;Pedone;F;Illeso;0;;;
5102326;13;12/10/2020 08:35:00;Strada Urbana;VIA DI DRAGONE;all'intersezione con;VIA RENATO MASSA;VIA RENATO MASSA;;;Investimento di pedone;Incrocio;Una carreggiata a doppio senso;Asciutto;Asfaltata;Verticale ed orizzontale;Nuvoloso;Intenso;Buona;;0;0;0;2;12.3326;41.7834;0;1;Autovettura privata;In marcia / fermata / arresto;Conducente;M;Illeso;0;;Non accertato;Inesploso
5102331;16;10/10/2020 19:40:00;;VIA SILVESTRI;in prossimit�;;del palo luce n.;F.38;;Veicolo in marcia contro ostacolo fisso;;;;;;;;;;1;0;0;0;12.4324;41.8778;0;1;Motociclo a solo;In marcia / fermata / arresto;Conducente;M;Rimandato;0;NON DECEDUTO;;
5102343;16;12/10/2020 08:30:00;Strada Urbana;VIA EDOARDO JENNER;in prossimit�;;del civico n.;2/4;;Veicolo in marcia contro veicolo arresto;Rettilineo;Una carreggiata a doppio senso;Asciutto;Asfaltata;Verticale ed orizzontale;Nuvoloso;Intenso;Buona;;2;0;0;0;12.4458;41.8748;-1;1;Motociclo a solo;In marcia / fermata / arresto;Conducente;F;Rimandato;0;NON DECEDUTO;Non accertato;
5102343;16;12/10/2020 08:30:00;Strada Urbana;VIA EDOARDO JENNER;in prossimit�;;del civico n.;2/4;;Veicolo in marcia contro veicolo arresto;Rettilineo;Una carreggiata a doppio senso;Asciutto;Asfaltata;Verticale ed orizzontale;Nuvoloso;Intenso;Buona;;2;0;0;0;12.4458;41.8748;-1;2;Motociclo a solo;In marcia / fermata / arresto;Conducente;M;Rimandato;0;NON DECEDUTO;Non accertato;
5102394;13;12/10/2020 15:30:00;Strada Urbana;VIA DI SAPONARA;all'intersezione con;VIA DEL FOSSO DI DRAGONCELLO;VIA DEL FOSSO DI DRAGONCELLO;;;Scontro frontale/laterale SX fra veicoli in marcia;Incrocio;Una carreggiata a doppio senso;Bagnato (pioggia);Asfaltata;Assente;Pioggia in atto;Normale;Buona;;0;0;0;3;12.3519;41.7766;-1;1;Autovettura privata;In marcia / fermata / arresto;Conducente;M;Illeso;0;;Non accertato;Esploso
5102394;13;12/10/2020 15:30:00;Strada Urbana;VIA DI SAPONARA;all'intersezione con;VIA DEL FOSSO DI DRAGONCELLO;VIA DEL FOSSO DI DRAGONCELLO;;;Scontro frontale/laterale SX fra veicoli in marcia;Incrocio;Una carreggiata a doppio senso;Bagnato (pioggia);Asfaltata;Assente;Pioggia in atto;Normale;Buona;;0;0;0;3;12.3519;41.7766;-1;2;Autocarro inferiore 35 q.;In marcia / fermata / arresto;Conducente;M;Illeso;0;;Non accertato;Inesistente
5102394;13;12/10/2020 15:30:00;Strada Urbana;VIA DI SAPONARA;all'intersezione con;VIA DEL FOSSO DI DRAGONCELLO;VIA DEL FOSSO DI DRAGONCELLO;;;Scontro frontale/laterale SX fra veicoli in marcia;Incrocio;Una carreggiata a doppio senso;Bagnato (pioggia);Asfaltata;Assente;Pioggia in atto;Normale;Buona;;0;0;0;3;12.3519;41.7766;-1;2;Autocarro inferiore 35 q.;In marcia / fermata / arresto;Passeggero;M;Illeso;0;;Non accertato;Inesistente
5102396;16;12/10/2020 10:10:00;Strada Urbana;VIA EDOARDO JENNER;da specificare;;;;in corrispondenza del fronte civico 2;Veicolo in marcia contro ostacolo accidentale;Rettilineo;Una carreggiata a doppio senso;Bagnato (pioggia);Asfaltata;Verticale ed orizzontale;Pioggia in atto;Normale;Buona;;0;0;0;1;12.4447;41.8724;-1;1;Autovettura privata;Sosta;;;;;;;
5102396;16;12/10/2020 10:10:00;Strada Urbana;VIA EDOARDO JENNER;da specificare;;;;in corrispondenza del fronte civico 2;Veicolo in marcia contro ostacolo accidentale;Rettilineo;Una carreggiata a doppio senso;Bagnato (pioggia);Asfaltata;Verticale ed orizzontale;Pioggia in atto;Normale;Buona;;0;0;0;1;12.4447;41.8724;-1;2;Autovettura privata;In marcia / fermata / arresto;Conducente;F;Illeso;0;;Non accertato;Inesploso