Protocollo;Gruppo;DataOraIncidente;Localizzazione1;STRADA1;Localizzazione2;STRADA2;Strada02;Chilometrica;DaSpecificare;NaturaIncidente;particolaritastrade;TipoStrada;FondoStradale;Pavimentazione;Segnaletica;CondizioneAtmosferica;Traffico;Visibilita;Illuminazione;NUM_FERITI;NUM_RISERVATA;NUM_MORTI;NUM_ILLESI;Longitudine;Latitudine;Confermato;Progressivo;TipoVeicolo;StatoVeicolo;TipoPersona;Sesso;Tipolesione;Deceduto;DecedutoDopo;CinturaCascoUtilizzato;Airbag;
5102412;13;12/10/2020 14:25:00;Strada Urbana;VIA DELLE CANARIE;all'intersezione con;VIA DELLE BALENIERE;VIA DELLE BALENIERE;;;Scontro frontale/laterale DX fra veicoli in marcia;Incrocio;Una carreggiata a doppio senso;Bagnato (pioggia);Asfaltata;Verticale;Pioggia in atto;Normale;Buona;;1;0;0;1;12.2805;41.7398;-1;1;Autovettura privata;In marcia / fermata / arresto;Conducente;F;Illeso;0;;Non accertato;Inesploso
5102412;13;12/10/2020 14:25:00;Strada Urbana;VIA DELLE CANARIE;all'intersezione con;VIA DELLE BALENIERE;VIA DELLE BALENIERE;;;Scontro frontale/laterale DX fra veicoli in marcia;Incrocio;Una carreggiata a doppio senso;Bagnato (pioggia);Asfaltata;Verticale;Pioggia in atto;Normale;Buona;;1;0;0;1;12.2805;41.7398;-1;2;Autovettura privata;In marcia / fermata / arresto;Conducente;F;Rimandato;0;NON DECEDUTO;Non accertato;Inesploso
5102415;16;12/10/2020 11:10:00;Strada Urbana;VIA BERNARDINO PASSERI;da specificare;;;;in prossimit� di Via Ettore Rolli;Scontro frontale/laterale SX fra veicoli in marcia;Rettilineo;Una carreggiata a doppio senso;Asciutto;Asfaltata;Assente;Nuvoloso;Normale;Buona;;0;0;0;2;12.4687;41.8755;-1;1;Autovettura privata;In marcia / fermata / arresto;Conducente;F;Illeso;0;;Non accertato;
5102415;16;12/10/2020 11:10:00;Strada Urbana;VIA BERNARDINO PASSERI;da specificare;;;;in prossimit� di Via Ettore Rolli;Scontro frontale/laterale SX fra veicoli in marcia;Rettilineo;Una carreggiata a doppio senso;Asciutto;Asfaltata;Assente;Nuvoloso;Normale;Buona;;0;0;0;2;12.4687;41.8755;-1;2;Autovettura privata;In marcia / fermata / arresto;Conducente;M;Illeso;0;;Non accertato;
5102726;15;12/10/2020 19:50:00;Strada Urbana;VIALE GUGLIELMO MARCONI;in corrispondenza;;del civico n.;87;;Scontro laterale fra veicoli in marcia;Rettilineo;Due carreggiate;Bagnato (pioggia);Asfaltata;Verticale ed orizzontale;Pioggia in atto;Scarso;Buona;;1;0;0;1;12.4685;41.8677;-1;1;Autovettura privata;In marcia / fermata / arresto;Conducente;F;Rimandato;0;NON DECEDUTO;Non accertato;Inesploso
5102726;15;12/10/2020 19:50:00;Strada Urbana;VIALE GUGLIELMO MARCONI;in corrispondenza;;del civico n.;87;;Scontro laterale fra veicoli in marcia;Rettilineo;Due carreggiate;Bagnato (pioggia);Asfaltata;Verticale ed orizzontale;Pioggia in atto;Scarso;Buona;;1;0;0;1;12.4685;41.8677;-1;2;Autovettura privata;In marcia / fermata / arresto;Conducente;M;Illeso;0;;Non accertato;Inesploso
5102728;10;12/10/2020 15:50:00;Strada Urbana;VIA ANAGNINA;all'intersezione semaforizzata con;VIA BELLICIA;VIA BELLICIA;;;Veicolo in marcia contro ostacolo fisso;Intersezione semaforizzata;Due carreggiate;Bagnato (pioggia);Asfaltata;Verticale ed orizzontale;Pioggia in atto;Normale;Sufficiente;;2;0;0;0;12.6071;41.8227;-1;1;Autovettura privata;In marcia / fermata / arresto;Conducente;M;Rimandato;0;NON DECEDUTO;Non accertato;Inesploso
5102728;10;12/10/2020 15:50:00;Strada Urbana;VIA ANAGNINA;all'intersezione semaforizzata con;VIA BELLICIA;VIA BELLICIA;;;Veicolo in marcia contro ostacolo fisso;Intersezione semaforizzata;Due carreggiate;Bagnato (pioggia);Asfaltata;Verticale ed orizzontale;Pioggia in atto;Normale;Sufficiente;;2;0;0;0;12.6071;41.8227;-1;1;Autovettura privata;In marcia / fermata / arresto;Passeggero;M;Rimandato;0;NON DECEDUTO;Non accertato;Inesploso
5102729;11;10/10/2020 16:05:00;Strada Urbana;VIA DEI GRANAI DI NERVA;all'intersezione con;VIA FAUSTO COPPI;VIA FAUSTO COPPI;;;Scontro frontale/laterale SX fra veicoli in marcia;Incrocio;Una carreggiata a senso unico di marcia;Asciutto;Asfaltata;Verticale ed orizzontale;Sereno;Normale;Buona;;1;0;0;1;12.5089;41.8338;-1;1;Autovettura privata;In marcia / fermata / arresto;Conducente;M;Rimandato;0;NON DECEDUTO;;
5102729;11;10/10/2020 16:05:00;Strada Urbana;VIA DEI GRANAI DI NERVA;all'intersezione con;VIA FAUSTO COPPI;VIA FAUSTO COPPI;;;Scontro frontale/laterale SX fra veicoli in marcia;Incrocio;Una carreggiata a senso unico di marcia;Asciutto;Asfaltata;Verticale ed orizzontale;Sereno;Normale;Buona;;1;0;0;1;12.5089;41.8338;-1;2;Autovettura privata;In marcia / fermata / arresto;Conducente;M;Illeso;0;;;
5102731;7;12/10/2020 08:40:00;Strada Urbana;VIA COLLATINA;all'intersezione con;VIA DELLA RUSTICA;VIA DELLA RUSTICA;;;Scontro frontale/laterale DX fra veicoli in marcia;Intersezione stradale segnalata;Una carreggiata a doppio senso;Asciutto;Asfaltata;Verticale ed orizzontale;Nuvoloso;Normale;Buona;;1;0;0;2;12.5937;41.9045;-1;1;Autovettura privata;In marcia / fermata / arresto;Conducente;M;Illeso;0;;;
5102731;7;12/10/2020 08:40:00;Strada Urbana;VIA COLLATINA;all'intersezione con;VIA DELLA RUSTICA;VIA DELLA RUSTICA;;;Scontro frontale/laterale DX fra veicoli in marcia;Intersezione stradale segnalata;Una carreggiata a doppio senso;Asciutto;Asfaltata;Verticale ed orizzontale;Nuvoloso;Normale;Buona;;1;0;0;2;12.5937;41.9045;-1;1;Autovettura privata;In marcia / fermata / arresto;Passeggero;M;Illeso;0;;;
5102731;7;12/10/2020 08:40:00;Strada Urbana;VIA COLLATINA;all'intersezione con;VIA DELLA RUSTICA;VIA DELLA RUSTICA;;;Scontro frontale/laterale DX fra veicoli in marcia;Intersezione stradale segnalata;Una carreggiata a doppio senso;Asciutto;Asfaltata;Verticale ed orizzontale;Nuvoloso;Normale;Buona;;1;0;0;2;12.5937;41.9045;-1;2;Motociclo a solo;In marcia / fermata / arresto;Conducente;F;Rimandato;0;NON DECEDUTO;;
5102737;11;12/10/2020 17:15:00;Strada Urbana;VIALE GUGLIELMO MARCONI;all'intersezione semaforizzata con;VIA VALCO DI S. PAOLO;VIA VALCO DI S. PAOLO;;;Scontro frontale/laterale DX fra veicoli in marcia;Intersezione semaforizzata;Due carreggiate;Bagnato (pioggia);Asfaltata;Verticale ed orizzontale;Sereno;Normale;Buona;;3;0;0;0;12.4734;41.8524;-1;1;Autovettura privata;In marcia / fermata / arresto;Conducente;F;Rimandato;0;NON DECEDUTO;Non accertato;
5102737;11;12/10/2020 17:15:00;Strada Urbana;VIALE GUGLIELMO MARCONI;all'intersezione semaforizzata con;VIA VALCO DI S. PAOLO;VIA VALCO DI S. PAOLO;;;Scontro frontale/laterale DX fra veicoli in marcia;Intersezione semaforizzata;Due carreggiate;Bagnato (pioggia);Asfaltata;Verticale ed orizzontale;Sereno;Normale;Buona;;3;0;0;0;12.4734;41.8524;-1;2;Autovettura privata;In marcia / fermata / arresto;Conducente;F;Rimandato;0;NON DECEDUTO;Non accertato;
5102737;11;12/10/2020 17:15:00;Strada Urbana;VIALE GUGLIELMO MARCONI;all'intersezione semaforizzata con;VIA VALCO DI S. PAOLO;VIA VALCO DI S. PAOLO;;;Scontro frontale/laterale DX fra veicoli in marcia;Intersezione semaforizzata;Due carreggiate;Bagnato (pioggia);Asfaltata;Verticale ed orizzontale;Sereno;Normale;Buona;;3;0;0;0;12.4734;41.8524;-1;2;Autovettura privata;In marcia / fermata / arresto;Passeggero;F;Rimandato;0;NON DECEDUTO;Non accertato;
5102754;10;12/10/2020 16:00:00;Strada Urbana;VIA EMANUELE CARNEVALE;in corrispondenza;;del civico n.;75;;Investimento di pedone;Rettilineo;Una carreggiata a doppio senso;Bagnato (pioggia);Asfaltata;Verticale ed orizzontale;Pioggia in atto;Normale;Buona;;1;0;0;2;12.6033;41.8497;-1;;;;Pedone;M;Rimandato;0;NON DECEDUTO;;
5102754;10;12/10/2020 16:00:00;Strada Urbana;VIA EMANUELE CARNEVALE;in corrispondenza;;del civico n.;75;;Investimento di pedone;Rettilineo;Una carreggiata a doppio senso;Bagnato (pioggia);Asfaltata;Verticale ed orizzontale;Pioggia in atto;Normale;Buona;;1;0;0;2;12.6033;41.8497;-1;1;Autovettura privata;In marcia / fermata / arresto;Conducente;M;Illeso;0;;;
5102754;10;12/10/2020 16:00:00;Strada Urbana;VIA EMANUELE CARNEVALE;in corrispondenza;;del civico n.;75;;Investimento di pedone;Rettilineo;Una carreggiata a doppio senso;Bagnato (pioggia);Asfaltata;Verticale ed orizzontale;Pioggia in atto;Normale;Buona;;1;0;0;2;12.6033;41.8497;-1;1;Autovettura privata;In marcia / fermata / arresto;Passeggero;M;Illeso;0;;;
5102764;8;12/10/2020 15:20:00;Strada Urbana;VIA BORGHESIANA;all'intersezione con;VIA ROCCALUMERA;VIA ROCCALUMERA;;;Scontro frontale/laterale DX fra veicoli in marcia;Incrocio;Una carreggiata a doppio senso;Asciutto;Asfaltata;Verticale ed orizzontale;Nuvoloso;Normale;Buona;;0;0;0;3;12.6724;41.8765;-1;1;Autovettura privata;In marcia / fermata / arresto;Conducente;M;Illeso;0;;Non accertato;Inesploso
5102764;8;12/10/2020 15:20:00;Strada Urbana;VIA BORGHESIANA;all'intersezione con;VIA ROCCALUMERA;VIA ROCCALUMERA;;;Scontro frontale/laterale DX fra veicoli in marcia;Incrocio;Una carreggiata a doppio senso;Asciutto;Asfaltata;Verticale ed orizzontale;Nuvoloso;Normale;Buona;;0;0;0;3;12.6724;41.8765;-1;2;Autovettura privata;In marcia / fermata / arresto;Conducente;M;Illeso;0;;Non accertato;Inesploso
5102764;8;12/10/2020 15:20:00;Strada Urbana;VIA BORGHESIANA;all'intersezione con;VIA ROCCALUMERA;VIA ROCCALUMERA;;;Scontro frontale/laterale DX fra veicoli in marcia;Incrocio;Una carreggiata a doppio senso;Asciutto;Asfaltata;Verticale ed orizzontale;Nuvoloso;Normale;Buona;;0;0;0;3;12.6724;41.8765;-1;2;Autovettura privata;In marcia / fermata / arresto;Passeggero;F;Illeso;0;;Non accertato;Inesploso
5102770;8;12/10/2020 11:05:00;Strada Urbana;VIA DI TOR BELLA MONACA;in prossimit�;;del civico n.;427;;Tamponamento;Rettilineo;Una carreggiata a senso unico di marcia;Bagnato (umidit� in atto);Asfaltata;Verticale ed orizzontale;Sereno;Normale;Buona;;0;0;0;3;12.6319;41.8727;-1;1;Autovettura privata;In marcia / fermata / arresto;Conducente;M;Illeso;0;;Non accertato;Inesploso
5102770;8;12/10/2020 11:05:00;Strada Urbana;VIA DI TOR BELLA MONACA;in prossimit�;;del civico n.;427;;Tamponamento;Rettilineo;Una carreggiata a senso unico di marcia;Bagnato (umidit� in atto);Asfaltata;Verticale ed orizzontale;Sereno;Normale;Buona;;0;0;0;3;12.6319;41.8727;-1;2;Autovettura privata;In marcia / fermata / arresto;Conducente;M;Illeso;0;;Non accertato;Inesploso
5102770;8;12/10/2020 11:05:00;Strada Urbana;VIA DI TOR BELLA MONACA;in prossimit�;;del civico n.;427;;Tamponamento;Rettilineo;Una carreggiata a senso unico di marcia;Bagnato (umidit� in atto);Asfaltata;Verticale ed orizzontale;Sereno;Normale;Buona;;0;0;0;3;12.6319;41.8727;-1;2;Autovettura privata;In marcia / fermata / arresto;Passeggero;M;Illeso;0;;Non accertato;Inesploso
5102774;15;12/10/2020 18:00:00;Strada Urbana;VIA DELLA MAGLIANA;da specificare;;;;prossimit� rampa GRA;Tamponamento;Rettilineo;Una carreggiata a doppio senso;Bagnato (umidit� in atto);Asfaltata;Orizzontale;Nuvoloso;Normale;Buona;;0;0;0;2;12.4196;41.8317;-1;1;Autovettura privata;In marcia / fermata / arresto;Conducente;F;Illeso;0;;Non accertato;Inesploso
5102774;15;12/10/2020 18:00:00;Strada Urbana;VIA DELLA MAGLIANA;da specificare;;;;prossimit� rampa GRA;Tamponamento;Rettilineo;Una carreggiata a doppio senso;Bagnato (umidit� in atto);Asfaltata;Orizzontale;Nuvoloso;Normale;Buona;;0;0;0;2;12.4196;41.8317;-1;2;Autovettura privata;In marcia / fermata / arresto;Conducente;M;Illeso;0;;Non accertato;Inesploso
5102775;8;12/10/2020 10:00:00;Strada Urbana;VIALE DEI ROMANISTI;all'intersezione con;VIA DI TORRE SPACCATA;VIA DI TORRE SPACCATA;;;Scontro frontale/laterale DX fra veicoli in marcia;Incrocio;Una carreggiata a doppio senso;Asciutto;Asfaltata;Verticale ed orizzontale;Nuvoloso;Intenso;Buona;;0;0;0;3;12.5864;41.8653;-1;1;Autovettura privata;In marcia / fermata / arresto;Conducente;M;Illeso;0;;Non accertato;Inesploso
5102775;8;12/10/2020 10:00:00;Strada Urbana;VIALE DEI ROMANISTI;all'intersezione con;VIA DI TORRE SPACCATA;VIA DI TORRE SPACCATA;;;Scontro frontale/laterale DX fra veicoli in marcia;Incrocio;Una carreggiata a doppio senso;Asciutto;Asfaltata;Verticale ed orizzontale;Nuvoloso;Intenso;Buona;;0;0;0;3;12.5864;41.8653;-1;1;Autovettura privata;In marcia / fermata / arresto;Passeggero;F;Illeso;0;;;
5102775;8;12/10/2020 10:00:00;Strada Urbana;VIALE DEI ROMANISTI;all'intersezione con;VIA DI TORRE SPACCATA;VIA DI TORRE SPACCATA;;;Scontro frontale/laterale DX fra veicoli in marcia;Incrocio;Una carreggiata a doppio senso;Asciutto;Asfaltata;Verticale ed orizzontale;Nuvoloso;Intenso;Buona;;0;0;0;3;12.5864;41.8653;-1;2;Autovettura privata;In marcia / fermata / arresto;Conducente;M;Illeso;0;;Non accertato;Inesploso
5102779;8;12/10/2020 17:00:00;Strada Urbana;VIA DI TOR BELLA MONACA;da specificare;;;;direzione G.R.A. altezza VIALE ANDERLONI;Veicolo in marcia contro ostacolo accidentale;Rettilineo;Due carreggiate;Bagnato (pioggia);Asfaltata;Assente;Pioggia in atto;Normale;Buona;;0;0;0;1;12.6281;41.8764;-1;1;Autovettura privata;In marcia / fermata / arresto;Conducente;M;Illeso;0;;Non accertato;Inesploso
5102780;10;12/10/2020 16:20:00;Strada Urbana;VIALE LUIGI SCHIAVONETTI;in corrispondenza;;del civico n.;294;;Ribaltamento senza urto contro ostacolo fisso;Curva a visuale libera;Una carreggiata a senso unico di marcia;Bagnato (pioggia);Asfaltata;Verticale ed orizzontale;Pioggia in atto;Normale;Buona;;1;0;0;1;12.6185;41.8449;-1;1;Autovettura privata;In marcia / fermata / arresto;Conducente;F;Rimandato;0;NON DECEDUTO;Non accertato;Inesploso
5102780;10;12/10/2020 16:20:00;Strada Urbana;VIALE LUIGI SCHIAVONETTI;in corrispondenza;;del civico n.;294;;Ribaltamento senza urto contro ostacolo fisso;Curva a visuale libera;Una carreggiata a senso unico di marcia;Bagnato (pioggia);Asfaltata;Verticale ed orizzontale;Pioggia in atto;Normale;Buona;;1;0;0;1;12.6185;41.8449;-1;1;Autovettura privata;In marcia / fermata / arresto;Passeggero;F;Illeso;0;;Non accertato;Inesploso
5102781;8;12/10/2020 10:40:00;Strada Urbana;VIA CASILINA;in prossimit�;;del civico n.;1585;;Tamponamento;Rettilineo;Una carreggiata a senso unico di marcia;Asciutto;Asfaltata;Orizzontale;Nuvoloso;Normale;Buona;;0;0;0;4;12.6343;41.8635;-1;1;Autovettura privata;In marcia / fermata / arresto;Conducente;M;Illeso;0;;Non accertato;Inesploso
5102781;8;12/10/2020 10:40:00;Strada Urbana;VIA CASILINA;in prossimit�;;del civico n.;1585;;Tamponamento;Rettilineo;Una carreggiata a senso unico di marcia;Asciutto;Asfaltata;Orizzontale;Nuvoloso;Normale;Buona;;0;0;0;4;12.6343;41.8635;-1;1;Autovettura privata;In marcia / fermata / arresto;Passeggero;F;Illeso;0;;Non accertato;Inesploso
5102781;8;12/10/2020 10:40:00;Strada Urbana;VIA CASILINA;in prossimit�;;del civico n.;1585;;Tamponamento;Rettilineo;Una carreggiata a senso unico di marcia;Asciutto;Asfaltata;Orizzontale;Nuvoloso;Normale;Buona;;0;0;0;4;12.6343;41.8635;-1;1;Autovettura privata;In marcia / fermata / arresto;Passeggero;M;Illeso;0;;Non accertato;Inesploso
5102781;8;12/10/2020 10:40:00;Strada Urbana;VIA CASILINA;in prossimit�;;del civico n.;1585;;Tamponamento;Rettilineo;Una carreggiata a senso unico di marcia;Asciutto;Asfaltata;Orizzontale;Nuvoloso;Normale;Buona;;0;0;0;4;12.6343;41.8635;-1;2;Autovettura privata;In marcia / fermata / arresto;Conducente;F;Illeso;0;;Non accertato;Inesploso
5102793;8;12/10/2020 15:15:00;Strada Urbana;VIA DI TOR BELLA MONACA;da specificare;;;;altezza area di servizio REPSOL direzione G.R.A.;Veicolo in marcia contro ostacolo accidentale;Rettilineo;Due carreggiate;Bagnato (umidit� in atto);Asfaltata;Assente;Nuvoloso;Scarso;Buona;;0;0;0;1;12.6281;41.8764;-1;1;Autovettura privata;In marcia / fermata / arresto;Conducente;M;Illeso;0;;;
5102801;9;12/10/2020 17:00:00;Strada Urbana;VIA AMULIO;in corrispondenza;;del civico n.;5;;Veicolo in marcia contro veicolo in sosta;Rettilineo;Una carreggiata a doppio senso;Asciutto;Asfaltata;Verticale ed orizzontale;Nuvoloso;Intenso;Sufficiente;;0;0;0;2;12.5314;41.8719;-1;1;Autovettura privata;In marcia / fermata / arresto;Conducente;M;Illeso;0;;Non accertato;Inesploso
5102801;9;12/10/2020 17:00:00;Strada Urbana;VIA AMULIO;in corrispondenza;;del civico n.;5;;Veicolo in marcia contro veicolo in sosta;Rettilineo;Una carreggiata a doppio senso;Asciutto;Asfaltata;Verticale ed orizzontale;Nuvoloso;Intenso;Sufficiente;;0;0;0;2;12.5314;41.8719;-1;2;Autovettura privata;Sosta;Passeggero;M;Illeso;0;;Non accertato;Inesploso
5102816;11;12/10/2020 19:30:00;Strada Urbana;VIA CRISTOFORO COLOMBO;da specificare;;;;laterale direzione eur altezza palo acea 326;Scontro laterale fra veicoli in marcia;Rettilineo;Pi� di due carreggiate;Asciutto;Asfaltata;Verticale ed orizzontale;Nuvoloso;Normale;Buona;;0;0;0;3;12.4993;41.8598;-1;1;Autocarro inferiore 35 q.;In marcia / fermata / arresto;Conducente;M;Illeso;0;;Non accertato;
5102816;11;12/10/2020 19:30:00;Strada Urbana;VIA CRISTOFORO COLOMBO;da specificare;;;;laterale direzione eur altezza palo acea 326;Scontro laterale fra veicoli in marcia;Rettilineo;Pi� di due carreggiate;Asciutto;Asfaltata;Verticale ed orizzontale;Nuvoloso;Normale;Buona;;0;0;0;3;12.4993;41.8598;-1;2;Autovettura privata;In marcia / fermata / arresto;Conducente;M;Illeso;0;;Non accertato;
5102816;11;12/10/2020 19:30:00;Strada Urbana;VIA CRISTOFORO COLOMBO;da specificare;;;;laterale direzione eur altezza palo acea 326;Scontro laterale fra veicoli in marcia;Rettilineo;Pi� di due carreggiate;Asciutto;Asfaltata;Verticale ed orizzontale;Nuvoloso;Normale;Buona;;0;0;0;3;12.4993;41.8598;-1;3;Autovettura privata;In marcia / fermata / arresto;Conducente;F;Illeso;0;;Non accertato;
5102818;7;12/10/2020 10:20:00;Strada Urbana;VIA DI TOR SAPIENZA;in corrispondenza;;del civico n.;1;;Scontro laterale fra veicoli in marcia;Rettilineo;Una carreggiata a doppio senso;Asciutto;Asfaltata;Orizzontale;Nuvoloso;Intenso;Buona;;0;0;0;2;12.5901;41.903;-1;1;Autovettura privata;In marcia / fermata / arresto;Conducente;M;Illeso;0;;;
5102818;7;12/10/2020 10:20:00;Strada Urbana;VIA DI TOR SAPIENZA;in corrispondenza;;del civico n.;1;;Scontro laterale fra veicoli in marcia;Rettilineo;Una carreggiata a doppio senso;Asciutto;Asfaltata;Orizzontale;Nuvoloso;Intenso;Buona;;0;0;0;2;12.5901;41.903;-1;2;Autovettura privata;In marcia / fermata / arresto;Conducente;M;Illeso;0;;;
5102832;8;12/10/2020 20:25:00;Strada Urbana;VIA FERNANDO CONTI;all'intersezione con;VIA MICHELE BUONORI;VIA MICHELE BUONORI;;;Scontro laterale fra veicoli in marcia;Incrocio;Una carreggiata a doppio senso;Bagnato (umidit� in atto);Asfaltata;Verticale ed orizzontale;Nuvoloso;Scarso;Sufficiente;;3;0;0;0;12.6324;41.8682;-1;1;Autovettura di polizia;In marcia / fermata / arresto;Conducente;F;Rimandato;0;NON DECEDUTO;;
5102832;8;12/10/2020 20:25:00;Strada Urbana;VIA FERNANDO CONTI;all'intersezione con;VIA MICHELE BUONORI;VIA MICHELE BUONORI;;;Scontro laterale fra veicoli in marcia;Incrocio;Una carreggiata a doppio senso;Bagnato (umidit� in atto);Asfaltata;Verticale ed orizzontale;Nuvoloso;Scarso;Sufficiente;;3;0;0;0;12.6324;41.8682;-1;1;Autovettura di polizia;In marcia / fermata / arresto;Passeggero;M;Rimandato;0;NON DECEDUTO;;
5102832;8;12/10/2020 20:25:00;Strada Urbana;VIA FERNANDO CONTI;all'intersezione con;VIA MICHELE BUONORI;VIA MICHELE BUONORI;;;Scontro laterale fra veicoli in marcia;Incrocio;Una carreggiata a doppio senso;Bagnato (umidit� in atto);Asfaltata;Verticale ed orizzontale;Nuvoloso;Scarso;Sufficiente;;3;0;0;0;12.6324;41.8682;-1;2;Autovettura privata;In marcia / fermata / arresto;Conducente;F;Rimandato;0;NON DECEDUTO;;
5102848;17;12/10/2020 18:25:00;Strada Urbana;VIALE DELLE MEDAGLIE D'ORO;all'intersezione con;LARGO GIUSEPPE DI MONTEZEMOLO;LARGO GIUSEPPE DI MONTEZEMOLO;;;Scontro frontale/laterale DX fra veicoli in marcia;Intersezione non regolata/non segnalata;Una carreggiata a doppio senso;Asciutto;Asfaltata;Verticale ed orizzontale;Nuvoloso;Intenso;Sufficiente;;1;0;0;1;12.4474;41.9101;-1;1;Motociclo a solo;In marcia / fermata / arresto;Conducente;M;Rimandato;0;NON DECEDUTO;Non accertato;
5102848;17;12/10/2020 18:25:00;Strada Urbana;VIALE DELLE MEDAGLIE D'ORO;all'intersezione con;LARGO GIUSEPPE DI MONTEZEMOLO;LARGO GIUSEPPE DI MONTEZEMOLO;;;Scontro frontale/laterale DX fra veicoli in marcia;Intersezione non regolata/non segnalata;Una carreggiata a doppio senso;Asciutto;Asfaltata;Verticale ed orizzontale;Nuvoloso;Intenso;Sufficiente;;1;0;0;1;12.4474;41.9101;-1;2;Autovettura privata;In marcia / fermata / arresto;Conducente;F;Illeso;0;;;
5102849;19;13/10/2020 00:35:00;Strada Urbana;VIA SIMONE MOSCA;all'intersezione con;VIA DI TORREVECCHIA;VIA DI TORREVECCHIA;;;Scontro frontale/laterale DX fra veicoli in marcia;Incrocio;Una carreggiata a senso unico di marcia;Asciutto;Asfaltata;Verticale ed orizzontale;Sereno;Scarso;Sufficiente;;0;0;0;7;12.4173;41.929;-1;1;Autovettura privata;In marcia / fermata / arresto;Conducente;M;Illeso;0;;;Inesploso
5102849;19;13/10/2020 00:35:00;Strada Urbana;VIA SIMONE MOSCA;all'intersezione con;VIA DI TORREVECCHIA;VIA DI TORREVECCHIA;;;Scontro frontale/laterale DX fra veicoli in marcia;Incrocio;Una carreggiata a senso unico di marcia;Asciutto;Asfaltata;Verticale ed orizzontale;Sereno;Scarso;Sufficiente;;0;0;0;7;12.4173;41.929;-1;1;Autovettura privata;In marcia / fermata / arresto;Passeggero;M;Illeso;0;;;
5102849;19;13/10/2020 00:35:00;Strada Urbana;VIA SIMONE MOSCA;all'intersezione con;VIA DI TORREVECCHIA;VIA DI TORREVECCHIA;;;Scontro frontale/laterale DX fra veicoli in marcia;Incrocio;Una carreggiata a senso unico di marcia;Asciutto;Asfaltata;Verticale ed orizzontale;Sereno;Scarso;Sufficiente;;0;0;0;7;12.4173;41.929;-1;1;Autovettura privata;In marcia / fermata / arresto;Passeggero;F;Illeso;0;;;
5102849;19;13/10/2020 00:35:00;Strada Urbana;VIA SIMONE MOSCA;all'intersezione con;VIA DI TORREVECCHIA;VIA DI TORREVECCHIA;;;Scontro frontale/laterale DX fra veicoli in marcia;Incrocio;Una carreggiata a senso unico di marcia;Asciutto;Asfaltata;Verticale ed orizzontale;Sereno;Scarso;Sufficiente;;0;0;0;7;12.4173;41.929;-1;2;Autovettura privata;In marcia / fermata / arresto;Conducente;F;Illeso;0;;;
5102849;19;13/10/2020 00:35:00;Strada Urbana;VIA SIMONE MOSCA;all'intersezione con;VIA DI TORREVECCHIA;VIA DI TORREVECCHIA;;;Scontro frontale/laterale DX fra veicoli in marcia;Incrocio;Una carreggiata a senso unico di marcia;Asciutto;Asfaltata;Verticale ed orizzontale;Sereno;Scarso;Sufficiente;;0;0;0;7;12.4173;41.929;-1;2;Autovettura privata;In marcia / fermata / arresto;Passeggero;F;Illeso;0;;;
5102849;19;13/10/2020 00:35:00;Strada Urbana;VIA SIMONE MOSCA;all'intersezione con;VIA DI TORREVECCHIA;VIA DI TORREVECCHIA;;;Scontro frontale/laterale DX fra veicoli in marcia;Incrocio;Una carreggiata a senso unico di marcia;Asciutto;Asfaltata;Verticale ed orizzontale;Sereno;Scarso;Sufficiente;;0;0;0;7;12.4173;41.929;-1;2;Autovettura privata;In marcia / fermata / arresto;Passeggero;M;Illeso;0;;;
5102853;5;12/10/2020 11:05:00;Strada Urbana;VIA TIBURTINA;da specificare;;;;IN PROSSIMITA' DI VIA MOROLO;Scontro laterale fra veicoli in marcia;Rettilineo;Una carreggiata a doppio senso;Asciutto;Asfaltata;Verticale ed orizzontale;Nuvoloso;Normale;Buona;;0;0;0;3;12.6191;41.9375;-1;1;Autovettura privata;In marcia / fermata / arresto;Conducente;F;Illeso;0;;Non accertato;Inesploso
5102853;5;12/10/2020 11:05:00;Strada Urbana;VIA TIBURTINA;da specificare;;;;IN PROSSIMITA' DI VIA MOROLO;Scontro laterale fra veicoli in marcia;Rettilineo;Una carreggiata a doppio senso;Asciutto;Asfaltata;Verticale ed orizzontale;Nuvoloso;Normale;Buona;;0;0;0;3;12.6191;41.9375;-1;1;Autovettura privata;In marcia / fermata / arresto;Passeggero;M;Illeso;0;;Non accertato;Inesploso
5102853;5;12/10/2020 11:05:00;Strada Urbana;VIA TIBURTINA;da specificare;;;;IN PROSSIMITA' DI VIA MOROLO;Scontro laterale fra veicoli in marcia;Rettilineo;Una carreggiata a doppio senso;Asciutto;Asfaltata;Verticale ed orizzontale;Nuvoloso;Normale;Buona;;0;0;0;3;12.6191;41.9375;-1;2;Autoarticolato;In marcia / fermata / arresto;Conducente;M;Illeso;0;;Non accertato;Inesploso
5102860;8;13/10/2020 00:40:00;Strada Urbana;VIA LUDOVICO DE SIMONI;in corrispondenza;;del civico n.;7;;Veicolo in marcia contro veicolo fermo;Curva a visuale libera;Una carreggiata a senso unico di marcia;Bagnato (umidit� in atto);Asfaltata;Verticale ed orizzontale;Nuvoloso;Scarso;Sufficiente;;0;0;0;1;12.5755;41.8671;-1;1;Autovettura privata;In marcia / fermata / arresto;Conducente;F;Illeso;0;;Non accertato;Inesploso
5102860;8;13/10/2020 00:40:00;Strada Urbana;VIA LUDOVICO DE SIMONI;in corrispondenza;;del civico n.;7;;Veicolo in marcia contro veicolo fermo;Curva a visuale libera;Una carreggiata a senso unico di marcia;Bagnato (umidit� in atto);Asfaltata;Verticale ed orizzontale;Nuvoloso;Scarso;Sufficiente;;0;0;0;1;12.5755;41.8671;-1;2;Autovettura privata;In marcia / fermata / arresto;;;;;;;