Protocollo;Gruppo;DataOraIncidente;Localizzazione1;STRADA1;Localizzazione2;STRADA2;Strada02;Chilometrica;DaSpecificare;NaturaIncidente;particolaritastrade;TipoStrada;FondoStradale;Pavimentazione;Segnaletica;CondizioneAtmosferica;Traffico;Visibilita;Illuminazione;NUM_FERITI;NUM_RISERVATA;NUM_MORTI;NUM_ILLESI;Longitudine;Latitudine;Confermato;Progressivo;TipoVeicolo;StatoVeicolo;TipoPersona;Sesso;Tipolesione;Deceduto;DecedutoDopo;CinturaCascoUtilizzato;Airbag;
5104455;8;13/10/2020 09:30:00;Strada Urbana;VIA DI CARCARICOLA;in corrispondenza;;del civico n.;1;;Scontro laterale fra veicoli in marcia;Rettilineo;Una carreggiata a doppio senso;Asciutto;Asfaltata;Assente;Sereno;Scarso;Buona;;0;0;0;2;12.612;41.863;-1;2;Autovettura privata;In marcia / fermata / arresto;Conducente;M;Illeso;0;;;
5104457;8;13/10/2020 12:00:00;Strada Urbana;VIA DEGAS;in prossimit�;;del civico n.;77;;Investimento di pedone;Rettilineo;Una carreggiata a doppio senso;Asciutto;Asfaltata;Orizzontale;Sereno;Normale;Buona;;1;0;0;1;12.6574;41.8573;-1;;;;Pedone;M;Rifiuta cure immediate;0;NON DECEDUTO;;
5104457;8;13/10/2020 12:00:00;Strada Urbana;VIA DEGAS;in prossimit�;;del civico n.;77;;Investimento di pedone;Rettilineo;Una carreggiata a doppio senso;Asciutto;Asfaltata;Orizzontale;Sereno;Normale;Buona;;1;0;0;1;12.6574;41.8573;-1;1;Autovettura privata;In marcia / fermata / arresto;Conducente;M;Illeso;0;;Non accertato;Inesploso
5104458;8;13/10/2020 12:00:00;Provinciale entro l'abitato;VIA PRENESTINA;da specificare;;;;fronte civ. 1262;Scontro frontale/laterale DX fra veicoli in marcia;Rettilineo;Una carreggiata a doppio senso;Asciutto;Asfaltata;Assente;Sereno;Normale;Buona;;0;0;0;2;12.6175;41.8933;-1;1;Autovettura privata;In marcia / fermata / arresto;Conducente;M;Illeso;0;;;
5104458;8;13/10/2020 12:00:00;Provinciale entro l'abitato;VIA PRENESTINA;da specificare;;;;fronte civ. 1262;Scontro frontale/laterale DX fra veicoli in marcia;Rettilineo;Una carreggiata a doppio senso;Asciutto;Asfaltata;Assente;Sereno;Normale;Buona;;0;0;0;2;12.6175;41.8933;-1;2;Autovettura privata;In marcia / fermata / arresto;Conducente;M;Illeso;0;;;
5104461;8;13/10/2020 12:50:00;Strada Urbana;VIA WALTER TOBAGI;all'intersezione semaforizzata con;VIA DELL'USIGNOLO;VIA DELL'USIGNOLO;;;Scontro laterale fra veicoli in marcia;Intersezione semaforizzata;Una carreggiata a doppio senso;Asciutto;Asfaltata;Verticale ed orizzontale;Sereno;Scarso;Buona;;0;0;0;2;12.5973;41.8753;-1;1;Autovettura privata;In marcia / fermata / arresto;Conducente;M;Illeso;0;;;
5104461;8;13/10/2020 12:50:00;Strada Urbana;VIA WALTER TOBAGI;all'intersezione semaforizzata con;VIA DELL'USIGNOLO;VIA DELL'USIGNOLO;;;Scontro laterale fra veicoli in marcia;Intersezione semaforizzata;Una carreggiata a doppio senso;Asciutto;Asfaltata;Verticale ed orizzontale;Sereno;Scarso;Buona;;0;0;0;2;12.5973;41.8753;-1;2;Autocarro inferiore 35 q.;In marcia / fermata / arresto;Conducente;M;Illeso;0;;;
5104462;8;13/10/2020 17:30:00;Strada Urbana;VIA DEL TORRACCIO;in prossimit�;;del civico n.;176;;Infortunio per sola frenata improvvisa;Rettilineo;Una carreggiata a doppio senso;Asciutto;Asfaltata;Assente;Sereno;Normale;Buona;;1;0;0;1;12.6528;41.8516;-1;1;Autovettura privata;In marcia / fermata / arresto;Conducente;M;Illeso;0;;Non accertato;Inesploso
5104462;8;13/10/2020 17:30:00;Strada Urbana;VIA DEL TORRACCIO;in prossimit�;;del civico n.;176;;Infortunio per sola frenata improvvisa;Rettilineo;Una carreggiata a doppio senso;Asciutto;Asfaltata;Assente;Sereno;Normale;Buona;;1;0;0;1;12.6528;41.8516;-1;2;Motociclo a solo;In marcia / fermata / arresto;Conducente;M;Rifiuta cure immediate;0;NON DECEDUTO;Non accertato;
5104463;8;13/10/2020 19:30:00;Strada Urbana;VIA ARISTIDE STADERINI;all'intersezione con;VIA CARLO BUTTARELLI;VIA CARLO BUTTARELLI;;;Veicolo in marcia contro veicolo arresto;Incrocio;Una carreggiata a senso unico di marcia;Asciutto;Asfaltata;Verticale ed orizzontale;Sereno;Normale;Buona;;0;0;0;2;12.5872;41.8918;-1;1;Autovettura privata;In marcia / fermata / arresto;Conducente;M;Illeso;0;;;
5104463;8;13/10/2020 19:30:00;Strada Urbana;VIA ARISTIDE STADERINI;all'intersezione con;VIA CARLO BUTTARELLI;VIA CARLO BUTTARELLI;;;Veicolo in marcia contro veicolo arresto;Incrocio;Una carreggiata a senso unico di marcia;Asciutto;Asfaltata;Verticale ed orizzontale;Sereno;Normale;Buona;;0;0;0;2;12.5872;41.8918;-1;2;Trattore stradale;In marcia / fermata / arresto;Conducente;M;Illeso;0;;;
5104586;12;13/10/2020 07:20:00;Strada Urbana;VIA LAURENTINA;da specificare;;;;PROSSIMITA' CIV.885 (DIR. ROMA CENTRO);Tamponamento Multiplo;Rettilineo;Due carreggiate;Asciutto;Asfaltata;Verticale ed orizzontale;Nuvoloso;Intenso;Buona;;0;0;0;6;12.4811;41.8005;-1;1;Autovettura privata;In marcia / fermata / arresto;Conducente;F;Illeso;0;;Non accertato;Inesploso
5104586;12;13/10/2020 07:20:00;Strada Urbana;VIA LAURENTINA;da specificare;;;;PROSSIMITA' CIV.885 (DIR. ROMA CENTRO);Tamponamento Multiplo;Rettilineo;Due carreggiate;Asciutto;Asfaltata;Verticale ed orizzontale;Nuvoloso;Intenso;Buona;;0;0;0;6;12.4811;41.8005;-1;2;Autovettura privata;In marcia / fermata / arresto;Conducente;M;Illeso;0;;Non accertato;Inesploso
5104586;12;13/10/2020 07:20:00;Strada Urbana;VIA LAURENTINA;da specificare;;;;PROSSIMITA' CIV.885 (DIR. ROMA CENTRO);Tamponamento Multiplo;Rettilineo;Due carreggiate;Asciutto;Asfaltata;Verticale ed orizzontale;Nuvoloso;Intenso;Buona;;0;0;0;6;12.4811;41.8005;-1;2;Autovettura privata;In marcia / fermata / arresto;Passeggero;M;Illeso;0;;Non accertato;Inesploso
5104586;12;13/10/2020 07:20:00;Strada Urbana;VIA LAURENTINA;da specificare;;;;PROSSIMITA' CIV.885 (DIR. ROMA CENTRO);Tamponamento Multiplo;Rettilineo;Due carreggiate;Asciutto;Asfaltata;Verticale ed orizzontale;Nuvoloso;Intenso;Buona;;0;0;0;6;12.4811;41.8005;-1;2;Autovettura privata;In marcia / fermata / arresto;Passeggero;M;Illeso;0;;Non accertato;Inesploso
5104586;12;13/10/2020 07:20:00;Strada Urbana;VIA LAURENTINA;da specificare;;;;PROSSIMITA' CIV.885 (DIR. ROMA CENTRO);Tamponamento Multiplo;Rettilineo;Due carreggiate;Asciutto;Asfaltata;Verticale ed orizzontale;Nuvoloso;Intenso;Buona;;0;0;0;6;12.4811;41.8005;-1;2;Autovettura privata;In marcia / fermata / arresto;Passeggero;M;Illeso;0;;Non accertato;Inesistente
5104586;12;13/10/2020 07:20:00;Strada Urbana;VIA LAURENTINA;da specificare;;;;PROSSIMITA' CIV.885 (DIR. ROMA CENTRO);Tamponamento Multiplo;Rettilineo;Due carreggiate;Asciutto;Asfaltata;Verticale ed orizzontale;Nuvoloso;Intenso;Buona;;0;0;0;6;12.4811;41.8005;-1;3;Autovettura privata;In marcia / fermata / arresto;Conducente;M;Illeso;0;;Non accertato;Inesploso
5104611;12;13/10/2020 09:50:00;Strada Urbana;VIA ALFONSINE;in prossimit�;;del civico n.;112;;Tamponamento Multiplo;Rettilineo;Una carreggiata a doppio senso;Asciutto;Asfaltata;Verticale ed orizzontale;Sereno;Normale;Buona;;0;0;0;3;12.4244;41.7887;-1;1;Autovettura privata;In marcia / fermata / arresto;Conducente;M;Illeso;0;;Utilizzato;Inesploso
5104611;12;13/10/2020 09:50:00;Strada Urbana;VIA ALFONSINE;in prossimit�;;del civico n.;112;;Tamponamento Multiplo;Rettilineo;Una carreggiata a doppio senso;Asciutto;Asfaltata;Verticale ed orizzontale;Sereno;Normale;Buona;;0;0;0;3;12.4244;41.7887;-1;2;Autovettura privata;In marcia / fermata / arresto;Conducente;M;Illeso;0;;Utilizzato;Esploso
5104611;12;13/10/2020 09:50:00;Strada Urbana;VIA ALFONSINE;in prossimit�;;del civico n.;112;;Tamponamento Multiplo;Rettilineo;Una carreggiata a doppio senso;Asciutto;Asfaltata;Verticale ed orizzontale;Sereno;Normale;Buona;;0;0;0;3;12.4244;41.7887;-1;3;Autovettura privata;In marcia / fermata / arresto;Conducente;M;Illeso;0;;Non accertato;Inesploso
5104613;15;13/10/2020 16:30:00;Strada Urbana;VIA PORTUENSE;in corrispondenza;;del civico n.;700;;Infortunio per sola frenata improvvisa;Curva a visuale libera;Due carreggiate;Asciutto;Asfaltata;Orizzontale;Sereno;Intenso;Buona;;1;0;0;1;12.4356;41.8524;-1;1;Ciclomotore;In marcia / fermata / arresto;Conducente;F;Rimandato;0;NON DECEDUTO;Non accertato;
5104613;15;13/10/2020 16:30:00;Strada Urbana;VIA PORTUENSE;in corrispondenza;;del civico n.;700;;Infortunio per sola frenata improvvisa;Curva a visuale libera;Due carreggiate;Asciutto;Asfaltata;Orizzontale;Sereno;Intenso;Buona;;1;0;0;1;12.4356;41.8524;-1;2;Autovettura privata;In marcia / fermata / arresto;Conducente;F;Illeso;0;;Non accertato;Inesploso
5104622;11;13/10/2020 20:15:00;Strada Urbana;VIA DI FIORANELLO;da specificare;;;;in prossimit� di via della Marrana di Santa Fresca;Tamponamento;Curva senza visuale libera;Una carreggiata a doppio senso;Asciutto;Asfaltata;Assente;Sereno;Scarso;Insufficiente;;1;0;0;1;12.5626;41.7826;-1;1;Autocarro inferiore 35 q.;In marcia / fermata / arresto;Conducente;M;Illeso;0;;Non accertato;
5104622;11;13/10/2020 20:15:00;Strada Urbana;VIA DI FIORANELLO;da specificare;;;;in prossimit� di via della Marrana di Santa Fresca;Tamponamento;Curva senza visuale libera;Una carreggiata a doppio senso;Asciutto;Asfaltata;Assente;Sereno;Scarso;Insufficiente;;1;0;0;1;12.5626;41.7826;-1;2;Autovettura privata;In marcia / fermata / arresto;Conducente;M;Rimandato;0;NON DECEDUTO;;
5104641;15;13/10/2020 08:30:00;Strada Urbana;VIA ARISTIDE FACCIOLI;in prossimit�;;del civico n.;78;;Scontro frontale fra veicoli in marcia;Curva a visuale libera;Una carreggiata a doppio senso;Asciutto;Asfaltata;Assente;Sereno;Scarso;Buona;;0;0;0;2;12.4013;41.8247;-1;1;Autovettura privata;In marcia / fermata / arresto;Conducente;M;Illeso;0;;Non accertato;Inesploso
5104641;15;13/10/2020 08:30:00;Strada Urbana;VIA ARISTIDE FACCIOLI;in prossimit�;;del civico n.;78;;Scontro frontale fra veicoli in marcia;Curva a visuale libera;Una carreggiata a doppio senso;Asciutto;Asfaltata;Assente;Sereno;Scarso;Buona;;0;0;0;2;12.4013;41.8247;-1;2;Autovettura privata;In marcia / fermata / arresto;Conducente;M;Illeso;0;;Non accertato;Inesploso
5104646;5;13/10/2020 18:00:00;Strada Urbana;VIA TIBURTINA;in prossimit�;;del civico n.;632;;Tamponamento;Rettilineo;Due carreggiate;Asciutto;Asfaltata;Verticale ed orizzontale;Sereno;Normale;Buona;;0;0;0;2;12.5467;41.9093;-1;1;Autovettura privata;In marcia / fermata / arresto;Conducente;F;Illeso;0;;Non accertato;Inesploso
5104646;5;13/10/2020 18:00:00;Strada Urbana;VIA TIBURTINA;in prossimit�;;del civico n.;632;;Tamponamento;Rettilineo;Due carreggiate;Asciutto;Asfaltata;Verticale ed orizzontale;Sereno;Normale;Buona;;0;0;0;2;12.5467;41.9093;-1;2;Autovettura privata;In marcia / fermata / arresto;Conducente;M;Illeso;0;;Non accertato;Inesploso
5104648;20;13/10/2020 07:40:00;Strada Urbana;VIALE DI TOR DI QUINTO;da specificare;;;;altezza via Lupi direzione GRA;Tamponamento;Rettilineo;Una carreggiata a doppio senso;Asciutto;Asfaltata;Verticale ed orizzontale;Sereno;Intenso;Buona;;0;0;0;2;12.4723;41.9376;-1;1;Autovettura privata;In marcia / fermata / arresto;Conducente;M;Illeso;0;;Non accertato;
5104648;20;13/10/2020 07:40:00;Strada Urbana;VIALE DI TOR DI QUINTO;da specificare;;;;altezza via Lupi direzione GRA;Tamponamento;Rettilineo;Una carreggiata a doppio senso;Asciutto;Asfaltata;Verticale ed orizzontale;Sereno;Intenso;Buona;;0;0;0;2;12.4723;41.9376;-1;2;Quadriciclo leggero;In marcia / fermata / arresto;Conducente;F;Illeso;0;;Non accertato;
5104666;11;13/10/2020 10:20:00;Strada Urbana;VIA LEON PANCALDO;in corrispondenza;;del civico n.;64;;Scontro laterale fra veicoli in marcia;Rettilineo;Una carreggiata a doppio senso;Asciutto;Asfaltata;Verticale ed orizzontale;Sereno;Normale;Buona;;1;0;0;1;12.5012;41.8608;-1;1;Autovettura privata;In marcia / fermata / arresto;Conducente;F;Illeso;0;;Non accertato;
5104666;11;13/10/2020 10:20:00;Strada Urbana;VIA LEON PANCALDO;in corrispondenza;;del civico n.;64;;Scontro laterale fra veicoli in marcia;Rettilineo;Una carreggiata a doppio senso;Asciutto;Asfaltata;Verticale ed orizzontale;Sereno;Normale;Buona;;1;0;0;1;12.5012;41.8608;-1;2;Motociclo a solo;In marcia / fermata / arresto;Conducente;M;Rimandato;0;NON DECEDUTO;;
5104666;11;13/10/2020 10:20:00;Strada Urbana;VIA LEON PANCALDO;in corrispondenza;;del civico n.;64;;Scontro laterale fra veicoli in marcia;Rettilineo;Una carreggiata a doppio senso;Asciutto;Asfaltata;Verticale ed orizzontale;Sereno;Normale;Buona;;1;0;0;1;12.5012;41.8608;-1;3;Autovettura privata;Sosta;;;;;;;
5104666;11;13/10/2020 10:20:00;Strada Urbana;VIA LEON PANCALDO;in corrispondenza;;del civico n.;64;;Scontro laterale fra veicoli in marcia;Rettilineo;Una carreggiata a doppio senso;Asciutto;Asfaltata;Verticale ed orizzontale;Sereno;Normale;Buona;;1;0;0;1;12.5012;41.8608;-1;4;Autovettura privata;Sosta;;;;;;;
5104669;9;14/10/2020 00:25:00;Strada Urbana;VIA ALLUMIERE;in corrispondenza;;del civico n.;15;;Scontro laterale fra veicoli in marcia;Rettilineo;Una carreggiata a senso unico di marcia;Asciutto;Asfaltata;Verticale ed orizzontale;Nuvoloso;Scarso;Sufficiente;;0;0;0;2;12.5323;41.8648;-1;1;Autovettura privata;In marcia / fermata / arresto;Conducente;M;Illeso;0;;Non accertato;Inesploso
5104669;9;14/10/2020 00:25:00;Strada Urbana;VIA ALLUMIERE;in corrispondenza;;del civico n.;15;;Scontro laterale fra veicoli in marcia;Rettilineo;Una carreggiata a senso unico di marcia;Asciutto;Asfaltata;Verticale ed orizzontale;Nuvoloso;Scarso;Sufficiente;;0;0;0;2;12.5323;41.8648;-1;2;Autobus urbano;In marcia / fermata / arresto;Conducente;M;Illeso;0;;Non accertato;Inesistente
5104676;10;13/10/2020 19:30:00;Strada Urbana;VIA DEL QUADRARO;in prossimit�;;del civico n.;108;;Veicolo in marcia che urta buche nella carreggiata;Rettilineo;Una carreggiata a doppio senso;Asciutto;Asfaltata;Assente;Sereno;Normale;Insufficiente;;0;0;0;3;12.5491;41.8543;-1;1;Autovettura privata;In marcia / fermata / arresto;Conducente;M;Illeso;0;;Non accertato;Inesploso
5104676;10;13/10/2020 19:30:00;Strada Urbana;VIA DEL QUADRARO;in prossimit�;;del civico n.;108;;Veicolo in marcia che urta buche nella carreggiata;Rettilineo;Una carreggiata a doppio senso;Asciutto;Asfaltata;Assente;Sereno;Normale;Insufficiente;;0;0;0;3;12.5491;41.8543;-1;1;Autovettura privata;In marcia / fermata / arresto;Passeggero;M;Illeso;0;;Non accertato;Inesploso
5104691;9;13/10/2020 19:00:00;Strada Urbana;VIA DELLE CAPANNELLE;all'intersezione con;VIA DEL CALICE;VIA DEL CALICE;;;Veicolo in marcia contro veicolo arresto;Intersezione stradale segnalata;Due carreggiate;Asciutto;Asfaltata;Verticale ed orizzontale;Sereno;Scarso;Sufficiente;;1;0;0;2;12.5659;41.8289;-1;1;Autovettura privata;In marcia / fermata / arresto;Conducente;M;Illeso;0;;Non accertato;Inesploso
5104691;9;13/10/2020 19:00:00;Strada Urbana;VIA DELLE CAPANNELLE;all'intersezione con;VIA DEL CALICE;VIA DEL CALICE;;;Veicolo in marcia contro veicolo arresto;Intersezione stradale segnalata;Due carreggiate;Asciutto;Asfaltata;Verticale ed orizzontale;Sereno;Scarso;Sufficiente;;1;0;0;2;12.5659;41.8289;-1;1;Autovettura privata;In marcia / fermata / arresto;Passeggero;F;Illeso;0;;Non accertato;Inesploso
5104691;9;13/10/2020 19:00:00;Strada Urbana;VIA DELLE CAPANNELLE;all'intersezione con;VIA DEL CALICE;VIA DEL CALICE;;;Veicolo in marcia contro veicolo arresto;Intersezione stradale segnalata;Due carreggiate;Asciutto;Asfaltata;Verticale ed orizzontale;Sereno;Scarso;Sufficiente;;1;0;0;2;12.5659;41.8289;-1;2;Motociclo a solo;In marcia / fermata / arresto;Conducente;M;Rimandato;0;NON DECEDUTO;;
5104693;5;13/10/2020 19:05:00;Strada Urbana;VIA DI GROTTA DI GREGNA;all'intersezione con;VIA COLLATINA;VIA COLLATINA;;;Scontro laterale fra veicoli in marcia;Incrocio;Una carreggiata a doppio senso;Asciutto;Asfaltata;Verticale ed orizzontale;Sereno;Normale;Buona;;0;0;0;2;12.5675;41.9008;-1;1;Autovettura privata;In marcia / fermata / arresto;Conducente;M;Illeso;0;;Non accertato;Inesploso
5104693;5;13/10/2020 19:05:00;Strada Urbana;VIA DI GROTTA DI GREGNA;all'intersezione con;VIA COLLATINA;VIA COLLATINA;;;Scontro laterale fra veicoli in marcia;Incrocio;Una carreggiata a doppio senso;Asciutto;Asfaltata;Verticale ed orizzontale;Sereno;Normale;Buona;;0;0;0;2;12.5675;41.9008;-1;2;Autovettura privata;In marcia / fermata / arresto;Conducente;M;Illeso;0;;Non accertato;Inesploso
5104697;12;13/10/2020 14:20:00;Strada Urbana;VIALE DI VAL FIORITA;all'intersezione con;VIA CESARE FRUGONI;VIA CESARE FRUGONI;;;Scontro laterale fra veicoli in marcia;Incrocio;Due carreggiate;Asciutto;Asfaltata;Verticale ed orizzontale;Nuvoloso;Normale;Buona;;0;0;0;4;12.4644;41.8394;-1;1;Autovettura privata;In marcia / fermata / arresto;Conducente;M;Illeso;0;;Non accertato;Inesploso
5104697;12;13/10/2020 14:20:00;Strada Urbana;VIALE DI VAL FIORITA;all'intersezione con;VIA CESARE FRUGONI;VIA CESARE FRUGONI;;;Scontro laterale fra veicoli in marcia;Incrocio;Due carreggiate;Asciutto;Asfaltata;Verticale ed orizzontale;Nuvoloso;Normale;Buona;;0;0;0;4;12.4644;41.8394;-1;2;Autovettura privata;In marcia / fermata / arresto;Conducente;F;Illeso;0;;Utilizzato;Inesploso
5104697;12;13/10/2020 14:20:00;Strada Urbana;VIALE DI VAL FIORITA;all'intersezione con;VIA CESARE FRUGONI;VIA CESARE FRUGONI;;;Scontro laterale fra veicoli in marcia;Incrocio;Due carreggiate;Asciutto;Asfaltata;Verticale ed orizzontale;Nuvoloso;Normale;Buona;;0;0;0;4;12.4644;41.8394;-1;2;Autovettura privata;In marcia / fermata / arresto;Passeggero;F;Illeso;0;;Non accertato;Inesploso
5104697;12;13/10/2020 14:20:00;Strada Urbana;VIALE DI VAL FIORITA;all'intersezione con;VIA CESARE FRUGONI;VIA CESARE FRUGONI;;;Scontro laterale fra veicoli in marcia;Incrocio;Due carreggiate;Asciutto;Asfaltata;Verticale ed orizzontale;Nuvoloso;Normale;Buona;;0;0;0;4;12.4644;41.8394;-1;2;Autovettura privata;In marcia / fermata / arresto;Passeggero;M;Illeso;0;;Non accertato;
5104701;20;13/10/2020 11:25:00;Strada Urbana;VIALE DI TOR DI QUINTO;da specificare;;;;in corrispondenza del palo luce 89 direz. centro;Tamponamento;Rettilineo;Pi� di due carreggiate;Asciutto;Asfaltata;Verticale ed orizzontale;Sereno;Normale;Buona;;0;0;0;2;12.4842;41.9427;-1;1;Autovettura privata;In marcia / fermata / arresto;Conducente;M;Illeso;0;;Non accertato;
5104701;20;13/10/2020 11:25:00;Strada Urbana;VIALE DI TOR DI QUINTO;da specificare;;;;in corrispondenza del palo luce 89 direz. centro;Tamponamento;Rettilineo;Pi� di due carreggiate;Asciutto;Asfaltata;Verticale ed orizzontale;Sereno;Normale;Buona;;0;0;0;2;12.4842;41.9427;-1;2;Autocarro inferiore 35 q.;In marcia / fermata / arresto;Conducente;M;Illeso;0;;Non accertato;
5104702;12;13/10/2020 19:00:00;Strada Urbana;VIA CRISTOFORO COLOMBO;da specificare;;;;alt. Km 16,00 dir Ostia;Tamponamento Multiplo;Rettilineo;Due carreggiate;Asciutto;Asfaltata;Verticale ed orizzontale;Nebbia;Intenso;Buona;;0;0;0;3;12.4326;41.7928;-1;1;Autovettura privata;In marcia / fermata / arresto;Conducente;M;Illeso;0;;;
5104702;12;13/10/2020 19:00:00;Strada Urbana;VIA CRISTOFORO COLOMBO;da specificare;;;;alt. Km 16,00 dir Ostia;Tamponamento Multiplo;Rettilineo;Due carreggiate;Asciutto;Asfaltata;Verticale ed orizzontale;Nebbia;Intenso;Buona;;0;0;0;3;12.4326;41.7928;-1;2;Autovettura privata;In marcia / fermata / arresto;Conducente;F;Illeso;0;;;
5104702;12;13/10/2020 19:00:00;Strada Urbana;VIA CRISTOFORO COLOMBO;da specificare;;;;alt. Km 16,00 dir Ostia;Tamponamento Multiplo;Rettilineo;Due carreggiate;Asciutto;Asfaltata;Verticale ed orizzontale;Nebbia;Intenso;Buona;;0;0;0;3;12.4326;41.7928;-1;3;Autovettura privata;In marcia / fermata / arresto;Conducente;M;Illeso;0;;;
5104707;20;13/10/2020 12:25:00;Strada Urbana;LUNGOTEVERE MARESCIALLO DIAZ;da specificare;;;;dir. GRA altezza largo Diaz;Tamponamento;Rettilineo;Due carreggiate;Asciutto;Asfaltata;Orizzontale;Sereno;Normale;Buona;;0;0;0;2;12.462;41.9339;-1;1;Autovettura privata;In marcia / fermata / arresto;Conducente;M;Illeso;0;;Non accertato;Inesistente
5104707;20;13/10/2020 12:25:00;Strada Urbana;LUNGOTEVERE MARESCIALLO DIAZ;da specificare;;;;dir. GRA altezza largo Diaz;Tamponamento;Rettilineo;Due carreggiate;Asciutto;Asfaltata;Orizzontale;Sereno;Normale;Buona;;0;0;0;2;12.462;41.9339;-1;2;Autovettura privata;In marcia / fermata / arresto;Conducente;F;Illeso;0;;Non accertato;Inesploso
5104725;12;13/10/2020 09:20:00;Strada Urbana;VIALE CRISTOFORO COLOMBO;all'intersezione semaforizzata con;PIAZZALE DELLE NAZIONI UNITE;PIAZZALE DELLE NAZIONI UNITE;;;Scontro laterale fra veicoli in marcia;Intersezione semaforizzata;Pi� di due carreggiate;Asciutto;Asfaltata;Verticale ed orizzontale;Sereno;Normale;Buona;;0;0;0;3;12.4721;41.8358;-1;1;Autovettura privata;In marcia / fermata / arresto;Conducente;F;Illeso;0;;Utilizzato;Inesploso
5104725;12;13/10/2020 09:20:00;Strada Urbana;VIALE CRISTOFORO COLOMBO;all'intersezione semaforizzata con;PIAZZALE DELLE NAZIONI UNITE;PIAZZALE DELLE NAZIONI UNITE;;;Scontro laterale fra veicoli in marcia;Intersezione semaforizzata;Pi� di due carreggiate;Asciutto;Asfaltata;Verticale ed orizzontale;Sereno;Normale;Buona;;0;0;0;3;12.4721;41.8358;-1;1;Autovettura privata;In marcia / fermata / arresto;Passeggero;M;Illeso;0;;Utilizzato;Inesploso
5104725;12;13/10/2020 09:20:00;Strada Urbana;VIALE CRISTOFORO COLOMBO;all'intersezione semaforizzata con;PIAZZALE DELLE NAZIONI UNITE;PIAZZALE DELLE NAZIONI UNITE;;;Scontro laterale fra veicoli in marcia;Intersezione semaforizzata;Pi� di due carreggiate;Asciutto;Asfaltata;Verticale ed orizzontale;Sereno;Normale;Buona;;0;0;0;3;12.4721;41.8358;-1;2;Motociclo a solo;In marcia / fermata / arresto;Conducente;M;Illeso;0;;Utilizzato;
5104729;5;13/10/2020 06:50:00;Strada Urbana;VIALE PALMIRO TOGLIATTI;all'intersezione semaforizzata con;VIALE BATTISTA BARDANZELLU;VIALE BATTISTA BARDANZELLU;;;Tamponamento;Incrocio;Due carreggiate;Asciutto;Asfaltata;Verticale ed orizzontale;Sereno;Normale;Sufficiente;;0;0;0;3;12.5706;41.9139;-1;1;Autovettura privata;In marcia / fermata / arresto;Conducente;M;Illeso;0;;Non accertato;Inesploso
5104729;5;13/10/2020 06:50:00;Strada Urbana;VIALE PALMIRO TOGLIATTI;all'intersezione semaforizzata con;VIALE BATTISTA BARDANZELLU;VIALE BATTISTA BARDANZELLU;;;Tamponamento;Incrocio;Due carreggiate;Asciutto;Asfaltata;Verticale ed orizzontale;Sereno;Normale;Sufficiente;;0;0;0;3;12.5706;41.9139;-1;1;Autovettura privata;In marcia / fermata / arresto;Passeggero;M;Illeso;0;;Non accertato;Inesploso
5104729;5;13/10/2020 06:50:00;Strada Urbana;VIALE PALMIRO TOGLIATTI;all'intersezione semaforizzata con;VIALE BATTISTA BARDANZELLU;VIALE BATTISTA BARDANZELLU;;;Tamponamento;Incrocio;Due carreggiate;Asciutto;Asfaltata;Verticale ed orizzontale;Sereno;Normale;Sufficiente;;0;0;0;3;12.5706;41.9139;-1;2;Autovettura privata;In marcia / fermata / arresto;Conducente;M;Illeso;0;;Non accertato;Esploso
5104747;19;13/10/2020 13:00:00;Strada Urbana;PIAZZA DELLA BALDUINA;da specificare;;;;pross. fronte civico 67;Veicolo in marcia contro ostacolo fisso;Rotatoria;Una carreggiata a senso unico di marcia;Asciutto;Asfaltata;Orizzontale;Sereno;Normale;Buona;;0;0;0;1;12.4417;41.9193;-1;1;Autovettura privata;In marcia / fermata / arresto;Conducente;M;Illeso;0;;Non accertato;Inesploso
5104748;12;13/10/2020 16:15:00;Strada Urbana;VIA CORRADO GOVONI;all'intersezione con;VIALE IGNAZIO SILONE;VIALE IGNAZIO SILONE;;;Tamponamento;Incrocio;Una carreggiata a senso unico di marcia;Asciutto;Asfaltata;Verticale ed orizzontale;Sereno;Normale;Buona;;0;0;0;3;12.4753;41.8133;-1;1;Autovettura privata;In marcia / fermata / arresto;Conducente;M;Illeso;0;;Utilizzato;Inesploso
5104748;12;13/10/2020 16:15:00;Strada Urbana;VIA CORRADO GOVONI;all'intersezione con;VIALE IGNAZIO SILONE;VIALE IGNAZIO SILONE;;;Tamponamento;Incrocio;Una carreggiata a senso unico di marcia;Asciutto;Asfaltata;Verticale ed orizzontale;Sereno;Normale;Buona;;0;0;0;3;12.4753;41.8133;-1;1;Autovettura privata;In marcia / fermata / arresto;Passeggero;F;Illeso;0;;Utilizzato;Inesploso
5104748;12;13/10/2020 16:15:00;Strada Urbana;VIA CORRADO GOVONI;all'intersezione con;VIALE IGNAZIO SILONE;VIALE IGNAZIO SILONE;;;Tamponamento;Incrocio;Una carreggiata a senso unico di marcia;Asciutto;Asfaltata;Verticale ed orizzontale;Sereno;Normale;Buona;;0;0;0;3;12.4753;41.8133;-1;2;Autovettura privata;In marcia / fermata / arresto;Conducente;M;Illeso;0;;Utilizzato;Inesploso