Protocollo;Gruppo;DataOraIncidente;Localizzazione1;STRADA1;Localizzazione2;STRADA2;Strada02;Chilometrica;DaSpecificare;NaturaIncidente;particolaritastrade;TipoStrada;FondoStradale;Pavimentazione;Segnaletica;CondizioneAtmosferica;Traffico;Visibilita;Illuminazione;NUM_FERITI;NUM_RISERVATA;NUM_MORTI;NUM_ILLESI;Longitudine;Latitudine;Confermato;Progressivo;TipoVeicolo;StatoVeicolo;TipoPersona;Sesso;Tipolesione;Deceduto;DecedutoDopo;CinturaCascoUtilizzato;Airbag;
5104978;3;13/10/2020 10:24:00;Strada Urbana;VIA DEL VERANO;da specificare;;;;fronte civ. 69;Veicolo in marcia contro veicolo in sosta;Rettilineo;Una carreggiata a doppio senso;Asciutto;Asfaltata;Verticale ed orizzontale;Sereno;Scarso;Buona;;0;0;0;0;12.5205;41.9001;-1;2;Autocarro inferiore 35 q.;Allontanatosi;;;;;;;
5104994;3;12/10/2020 17:45:00;Strada Urbana;PIAZZA BOLOGNA;in prossimit�;;del civico n.;39;;Scontro laterale fra veicoli in marcia;Rotatoria;Una carreggiata a senso unico di marcia;Asciutto;Asfaltata;Verticale ed orizzontale;Nuvoloso;Normale;Buona;;0;0;0;1;12.52;41.9138;-1;1;Autovettura privata;In marcia / fermata / arresto;Conducente;M;Illeso;0;;;
5104994;3;12/10/2020 17:45:00;Strada Urbana;PIAZZA BOLOGNA;in prossimit�;;del civico n.;39;;Scontro laterale fra veicoli in marcia;Rotatoria;Una carreggiata a senso unico di marcia;Asciutto;Asfaltata;Verticale ed orizzontale;Nuvoloso;Normale;Buona;;0;0;0;1;12.52;41.9138;-1;2;Autovettura privata;Allontanatosi;;;;;;;
5105009;3;12/10/2020 18:00:00;Strada Urbana;VIA TIBURTINA;da specificare;;;;dir.ne GRA pross.t� Ponte di Portonaccio;Investimento di pedone;Rettilineo;Una carreggiata a doppio senso;Bagnato (pioggia);Asfaltata;Verticale ed orizzontale;Nuvoloso;Normale;Sufficiente;;1;0;0;1;12.5351;41.9066;-1;;;;Pedone;M;Rimandato;0;NON DECEDUTO;;
5105009;3;12/10/2020 18:00:00;Strada Urbana;VIA TIBURTINA;da specificare;;;;dir.ne GRA pross.t� Ponte di Portonaccio;Investimento di pedone;Rettilineo;Una carreggiata a doppio senso;Bagnato (pioggia);Asfaltata;Verticale ed orizzontale;Nuvoloso;Normale;Sufficiente;;1;0;0;1;12.5351;41.9066;-1;1;Autovettura privata;In marcia / fermata / arresto;Conducente;M;Illeso;0;;Non accertato;Inesploso
5105013;1;13/10/2020 00:01:00;Strada Urbana;VIA DEI LATERANI;in prossimit�;;del palo luce n.;5;;Veicolo in marcia contro veicoli in sosta;Rettilineo;Una carreggiata a senso unico di marcia;Asciutto;Asfaltata;Assente;Sereno;Intenso;Buona;;0;0;0;1;12.5031;41.8841;-1;1;Autovettura privata;In marcia / fermata / arresto;Conducente;M;Illeso;0;;;
5105013;1;13/10/2020 00:01:00;Strada Urbana;VIA DEI LATERANI;in prossimit�;;del palo luce n.;5;;Veicolo in marcia contro veicoli in sosta;Rettilineo;Una carreggiata a senso unico di marcia;Asciutto;Asfaltata;Assente;Sereno;Intenso;Buona;;0;0;0;1;12.5031;41.8841;-1;2;Autovettura privata;Sosta;;;;;;;
5105013;1;13/10/2020 00:01:00;Strada Urbana;VIA DEI LATERANI;in prossimit�;;del palo luce n.;5;;Veicolo in marcia contro veicoli in sosta;Rettilineo;Una carreggiata a senso unico di marcia;Asciutto;Asfaltata;Assente;Sereno;Intenso;Buona;;0;0;0;1;12.5031;41.8841;-1;3;Autocarro inferiore 35 q.;Sosta;;;;;;;
5105013;1;13/10/2020 00:01:00;Strada Urbana;VIA DEI LATERANI;in prossimit�;;del palo luce n.;5;;Veicolo in marcia contro veicoli in sosta;Rettilineo;Una carreggiata a senso unico di marcia;Asciutto;Asfaltata;Assente;Sereno;Intenso;Buona;;0;0;0;1;12.5031;41.8841;-1;4;Autovettura privata;Allontanatosi;;;;;;;
5105080;13;13/10/2020 06:05:00;Strada Urbana;VIA NINO TARANTO;da specificare;;;;fronte civico 25;Veicolo in marcia che urta buche nella carreggiata;Rettilineo;Una carreggiata a senso unico di marcia;Asciutto;Con buche;Verticale ed orizzontale;Sereno;Scarso;Sufficiente;;0;0;0;1;12.3955;41.7896;0;1;Autobus urbano;In marcia / fermata / arresto;Conducente;M;Illeso;0;;Non accertato;
5105083;4;11/10/2020 17:00:00;Strada Urbana;VIADOTTO GIOVANNI GRONCHI;da specificare;;;;DIR. BUFALOTTA PROX RAMPA IMMISSIONE DA VIA TALLI;Veicolo in marcia contro ostacolo fisso;Curva a visuale libera;Due carreggiate;Bagnato (umidit� in atto);Asfaltata;Verticale ed orizzontale;Nuvoloso;Normale;Buona;;1;0;0;2;12.5345;41.9592;-1;1;Autovettura privata;In marcia / fermata / arresto;Conducente;M;Illeso;0;;Non accertato;Inesploso
5105083;4;11/10/2020 17:00:00;Strada Urbana;VIADOTTO GIOVANNI GRONCHI;da specificare;;;;DIR. BUFALOTTA PROX RAMPA IMMISSIONE DA VIA TALLI;Veicolo in marcia contro ostacolo fisso;Curva a visuale libera;Due carreggiate;Bagnato (umidit� in atto);Asfaltata;Verticale ed orizzontale;Nuvoloso;Normale;Buona;;1;0;0;2;12.5345;41.9592;-1;1;Autovettura privata;In marcia / fermata / arresto;Passeggero;F;Illeso;0;;Non accertato;Inesploso
5105083;4;11/10/2020 17:00:00;Strada Urbana;VIADOTTO GIOVANNI GRONCHI;da specificare;;;;DIR. BUFALOTTA PROX RAMPA IMMISSIONE DA VIA TALLI;Veicolo in marcia contro ostacolo fisso;Curva a visuale libera;Due carreggiate;Bagnato (umidit� in atto);Asfaltata;Verticale ed orizzontale;Nuvoloso;Normale;Buona;;1;0;0;2;12.5345;41.9592;-1;1;Autovettura privata;In marcia / fermata / arresto;Passeggero;M;Rimandato;0;NON DECEDUTO;Non accertato;Inesploso
5105123;1;14/10/2020 02:45:00;Strada Urbana;VIA MARMORATA;in corrispondenza;;del civico n.;133;;Veicolo in marcia contro ostacolo fisso;Rettilineo;Pi� di due carreggiate;Bagnato (pioggia);Asfaltata;Verticale ed orizzontale;Pioggia in atto;Scarso;Sufficiente;;0;0;0;1;;;0;1;Autovettura privata;In marcia / fermata / arresto;Conducente;M;Illeso;0;;;
5105131;7;14/10/2020 07:50:00;Strada Urbana;VIALE PALMIRO TOGLIATTI;in prossimit�;;del civico n.;724;;Scontro frontale/laterale SX fra veicoli in marcia;Rettilineo;Due carreggiate;Bagnato (pioggia);Asfaltata;Verticale ed orizzontale;Pioggia in atto;Normale;Buona;;1;0;0;1;12.5733;41.8819;-1;1;Autovettura privata;In marcia / fermata / arresto;Conducente;M;Illeso;0;;Non accertato;Inesploso
5105131;7;14/10/2020 07:50:00;Strada Urbana;VIALE PALMIRO TOGLIATTI;in prossimit�;;del civico n.;724;;Scontro frontale/laterale SX fra veicoli in marcia;Rettilineo;Due carreggiate;Bagnato (pioggia);Asfaltata;Verticale ed orizzontale;Pioggia in atto;Normale;Buona;;1;0;0;1;12.5733;41.8819;-1;2;Ciclomotore;In marcia / fermata / arresto;Conducente;M;Ricoverato;0;NON DECEDUTO;Non accertato;
5105136;4;11/10/2020 01:30:00;Strada Urbana;VIA CONCESIO;in corrispondenza;;del civico n.;48;;Scontro frontale/laterale DX fra veicoli in marcia;Rettilineo;Una carreggiata a doppio senso;Asciutto;Asfaltata;Verticale ed orizzontale;Sereno;Normale;Buona;;3;0;0;2;12.486;42.0045;-1;1;Autovettura privata;In marcia / fermata / arresto;Conducente;M;Rimandato;0;NON DECEDUTO;;
5105136;4;11/10/2020 01:30:00;Strada Urbana;VIA CONCESIO;in corrispondenza;;del civico n.;48;;Scontro frontale/laterale DX fra veicoli in marcia;Rettilineo;Una carreggiata a doppio senso;Asciutto;Asfaltata;Verticale ed orizzontale;Sereno;Normale;Buona;;3;0;0;2;12.486;42.0045;-1;2;Autovettura privata;In marcia / fermata / arresto;Conducente;M;Illeso;0;;;
5105136;4;11/10/2020 01:30:00;Strada Urbana;VIA CONCESIO;in corrispondenza;;del civico n.;48;;Scontro frontale/laterale DX fra veicoli in marcia;Rettilineo;Una carreggiata a doppio senso;Asciutto;Asfaltata;Verticale ed orizzontale;Sereno;Normale;Buona;;3;0;0;2;12.486;42.0045;-1;2;Autovettura privata;In marcia / fermata / arresto;Passeggero;F;Illeso;0;;;
5105136;4;11/10/2020 01:30:00;Strada Urbana;VIA CONCESIO;in corrispondenza;;del civico n.;48;;Scontro frontale/laterale DX fra veicoli in marcia;Rettilineo;Una carreggiata a doppio senso;Asciutto;Asfaltata;Verticale ed orizzontale;Sereno;Normale;Buona;;3;0;0;2;12.486;42.0045;-1;3;Autovettura privata;In marcia / fermata / arresto;Conducente;M;Rimandato;0;NON DECEDUTO;;
5105136;4;11/10/2020 01:30:00;Strada Urbana;VIA CONCESIO;in corrispondenza;;del civico n.;48;;Scontro frontale/laterale DX fra veicoli in marcia;Rettilineo;Una carreggiata a doppio senso;Asciutto;Asfaltata;Verticale ed orizzontale;Sereno;Normale;Buona;;3;0;0;2;12.486;42.0045;-1;3;Autovettura privata;In marcia / fermata / arresto;Passeggero;F;Rimandato;0;NON DECEDUTO;;
5105166;13;13/10/2020 15:50:00;Strada Urbana;VIALE DEI ROMAGNOLI;in prossimit�;;del civico n.;931;;Tamponamento Multiplo;Rettilineo;Una carreggiata a doppio senso;Asciutto;Asfaltata;Verticale ed orizzontale;Sereno;Normale;Buona;;0;0;0;3;12.3102;41.7641;-1;1;Autovettura privata;In marcia / fermata / arresto;Conducente;M;Illeso;0;;Non accertato;
5105166;13;13/10/2020 15:50:00;Strada Urbana;VIALE DEI ROMAGNOLI;in prossimit�;;del civico n.;931;;Tamponamento Multiplo;Rettilineo;Una carreggiata a doppio senso;Asciutto;Asfaltata;Verticale ed orizzontale;Sereno;Normale;Buona;;0;0;0;3;12.3102;41.7641;-1;2;Autovettura privata;In marcia / fermata / arresto;Conducente;M;Illeso;0;;Non accertato;
5105166;13;13/10/2020 15:50:00;Strada Urbana;VIALE DEI ROMAGNOLI;in prossimit�;;del civico n.;931;;Tamponamento Multiplo;Rettilineo;Una carreggiata a doppio senso;Asciutto;Asfaltata;Verticale ed orizzontale;Sereno;Normale;Buona;;0;0;0;3;12.3102;41.7641;-1;3;Autovettura privata;In marcia / fermata / arresto;Conducente;M;Illeso;0;;Non accertato;
5105191;13;13/10/2020 19:15:00;Strada Urbana;VIA DI MACCHIA SAPONARA;da specificare;;;;fronte civico 66;Scontro frontale/laterale DX fra veicoli in marcia;Rettilineo;Una carreggiata a doppio senso;Asciutto;Asfaltata;Orizzontale;Sereno;Normale;Buona;;0;0;0;2;12.3531;41.7747;-1;1;Autovettura privata;In marcia / fermata / arresto;Conducente;F;Illeso;0;;;
5105191;13;13/10/2020 19:15:00;Strada Urbana;VIA DI MACCHIA SAPONARA;da specificare;;;;fronte civico 66;Scontro frontale/laterale DX fra veicoli in marcia;Rettilineo;Una carreggiata a doppio senso;Asciutto;Asfaltata;Orizzontale;Sereno;Normale;Buona;;0;0;0;2;12.3531;41.7747;-1;2;Autovettura privata;In marcia / fermata / arresto;Conducente;M;Illeso;0;;;
5105192;1;09/10/2020;Strada Urbana;PIAZZA DI PORTA S. PAOLO;da specificare;;;;fronte stazione Metro;Tamponamento;Rettilineo;Una carreggiata a senso unico di marcia;Asciutto;Asfaltata;Assente;Sereno;Normale;Sufficiente;;0;0;0;2;12.4819;41.877;-1;1;Autovettura privata;In marcia / fermata / arresto;Conducente;M;Illeso;0;;Non accertato;
5105192;1;09/10/2020;Strada Urbana;PIAZZA DI PORTA S. PAOLO;da specificare;;;;fronte stazione Metro;Tamponamento;Rettilineo;Una carreggiata a senso unico di marcia;Asciutto;Asfaltata;Assente;Sereno;Normale;Sufficiente;;0;0;0;2;12.4819;41.877;-1;2;Autovettura privata;In marcia / fermata / arresto;Conducente;M;Illeso;0;;Non accertato;
5105200;1;14/10/2020 08:10:00;Strada Urbana;VIA MARSALA;in prossimit�;;del palo luce n.;7;;Scontro frontale/laterale DX fra veicoli in marcia;Rettilineo;Una carreggiata a doppio senso;Bagnato (pioggia);In cubetti di porfido;Verticale ed orizzontale;Pioggia in atto;Normale;Buona;;0;0;0;2;12.5046;41.901;-1;1;Autovettura privata;In marcia / fermata / arresto;Conducente;M;Illeso;0;;;
5105200;1;14/10/2020 08:10:00;Strada Urbana;VIA MARSALA;in prossimit�;;del palo luce n.;7;;Scontro frontale/laterale DX fra veicoli in marcia;Rettilineo;Una carreggiata a doppio senso;Bagnato (pioggia);In cubetti di porfido;Verticale ed orizzontale;Pioggia in atto;Normale;Buona;;0;0;0;2;12.5046;41.901;-1;2;Autovettura privata;In marcia / fermata / arresto;Conducente;M;Illeso;0;;;
5105201;4;11/10/2020 20:15:00;Strada Urbana;VIALE GINO CERVI;all'intersezione con;VIA TITO SCHIPA;VIA TITO SCHIPA;;;Scontro laterale fra veicoli in marcia;Incrocio;Due carreggiate;Bagnato (umidit� in atto);Asfaltata;Verticale ed orizzontale;Nuvoloso;Normale;Buona;;0;0;0;2;12.5326;41.9629;-1;1;Autovettura privata;In marcia / fermata / arresto;Conducente;M;Illeso;0;;Non utilizzato;Inesploso
5105201;4;11/10/2020 20:15:00;Strada Urbana;VIALE GINO CERVI;all'intersezione con;VIA TITO SCHIPA;VIA TITO SCHIPA;;;Scontro laterale fra veicoli in marcia;Incrocio;Due carreggiate;Bagnato (umidit� in atto);Asfaltata;Verticale ed orizzontale;Nuvoloso;Normale;Buona;;0;0;0;2;12.5326;41.9629;-1;2;Autovettura privata;In marcia / fermata / arresto;Conducente;M;Illeso;0;;Non accertato;Inesploso
5105260;8;14/10/2020 07:45:00;Strada Urbana;VIA GIARRE;all'intersezione con;VIA LENTINI;VIA LENTINI;;;Scontro frontale/laterale SX fra veicoli in marcia;Incrocio;Una carreggiata a senso unico di marcia;Bagnato (pioggia);Asfaltata;Verticale;Nuvoloso;Normale;Buona;;1;0;0;0;12.6711;41.857;-1;1;Autovettura privata;In marcia / fermata / arresto;Conducente;M;Rifiuta cure immediate;0;NON DECEDUTO;;
5105260;8;14/10/2020 07:45:00;Strada Urbana;VIA GIARRE;all'intersezione con;VIA LENTINI;VIA LENTINI;;;Scontro frontale/laterale SX fra veicoli in marcia;Incrocio;Una carreggiata a senso unico di marcia;Bagnato (pioggia);Asfaltata;Verticale;Nuvoloso;Normale;Buona;;1;0;0;0;12.6711;41.857;-1;2;Autovettura privata;In marcia / fermata / arresto;;;;;;;
5105267;4;11/10/2020 20:50:00;Strada Urbana;VIA TONALE;all'intersezione con;VIA MONTE S. VICINO;VIA MONTE S. VICINO;;;Scontro laterale fra veicoli in marcia;Incrocio;Una carreggiata a doppio senso;Asciutto;Asfaltata;Assente;Nuvoloso;Normale;Buona;;0;0;0;2;12.533;41.9492;-1;1;Autovettura privata;In marcia / fermata / arresto;Conducente;M;Illeso;0;;;
5105267;4;11/10/2020 20:50:00;Strada Urbana;VIA TONALE;all'intersezione con;VIA MONTE S. VICINO;VIA MONTE S. VICINO;;;Scontro laterale fra veicoli in marcia;Incrocio;Una carreggiata a doppio senso;Asciutto;Asfaltata;Assente;Nuvoloso;Normale;Buona;;0;0;0;2;12.533;41.9492;-1;2;Autovettura privata;In marcia / fermata / arresto;Conducente;M;Illeso;0;;;
5105282;1;14/10/2020 09:10:00;Strada Urbana;VICO JUGARIO;all'intersezione con;VIA DEL TEATRO DI MARCELLO;VIA DEL TEATRO DI MARCELLO;;;Tamponamento;Intersezione semaforizzata;Una carreggiata a doppio senso;Bagnato (pioggia);In cubetti di porfido;Verticale ed orizzontale;Nuvoloso;Normale;Sufficiente;;1;0;0;1;12.4811;41.891;-1;1;Autovettura privata;In marcia / fermata / arresto;Conducente;M;Rimandato;0;NON DECEDUTO;;
5105282;1;14/10/2020 09:10:00;Strada Urbana;VICO JUGARIO;all'intersezione con;VIA DEL TEATRO DI MARCELLO;VIA DEL TEATRO DI MARCELLO;;;Tamponamento;Intersezione semaforizzata;Una carreggiata a doppio senso;Bagnato (pioggia);In cubetti di porfido;Verticale ed orizzontale;Nuvoloso;Normale;Sufficiente;;1;0;0;1;12.4811;41.891;-1;2;Autovettura privata;In marcia / fermata / arresto;Conducente;M;Illeso;0;;;
5105290;13;14/10/2020 06:48:00;Strada Urbana;VIADOTTO ZELIA NUTTALL;da specificare;;;;rampa discesa sulla Via Ostiense direzione Roma;Veicolo in marcia contro ostacolo accidentale;Rettilineo;Una carreggiata a senso unico di marcia;Asciutto;Con buche;Verticale ed orizzontale;Nuvoloso;Normale;Insufficiente;;0;0;0;1;12.3365;41.7746;-1;1;Autovettura privata;In marcia / fermata / arresto;Conducente;M;Illeso;0;;Non accertato;Inesploso
5105335;4;13/10/2020 16:30:00;Strada Urbana;VIA DEI PRATI FISCALI;in prossimit�;;del civico n.;401;;Veicolo in marcia contro ostacolo fisso;Rettilineo;Due carreggiate;Asciutto;Asfaltata;Orizzontale;Sereno;Normale;Sufficiente;;0;0;0;4;12.5102;41.9423;-1;1;Autovettura privata;In marcia / fermata / arresto;Conducente;F;Illeso;0;;Non accertato;Esploso
5105335;4;13/10/2020 16:30:00;Strada Urbana;VIA DEI PRATI FISCALI;in prossimit�;;del civico n.;401;;Veicolo in marcia contro ostacolo fisso;Rettilineo;Due carreggiate;Asciutto;Asfaltata;Orizzontale;Sereno;Normale;Sufficiente;;0;0;0;4;12.5102;41.9423;-1;1;Autovettura privata;In marcia / fermata / arresto;Passeggero;F;Illeso;0;;Non accertato;Inesploso
5105335;4;13/10/2020 16:30:00;Strada Urbana;VIA DEI PRATI FISCALI;in prossimit�;;del civico n.;401;;Veicolo in marcia contro ostacolo fisso;Rettilineo;Due carreggiate;Asciutto;Asfaltata;Orizzontale;Sereno;Normale;Sufficiente;;0;0;0;4;12.5102;41.9423;-1;1;Autovettura privata;In marcia / fermata / arresto;Passeggero;M;Illeso;0;;;
5105335;4;13/10/2020 16:30:00;Strada Urbana;VIA DEI PRATI FISCALI;in prossimit�;;del civico n.;401;;Veicolo in marcia contro ostacolo fisso;Rettilineo;Due carreggiate;Asciutto;Asfaltata;Orizzontale;Sereno;Normale;Sufficiente;;0;0;0;4;12.5102;41.9423;-1;1;Autovettura privata;In marcia / fermata / arresto;Passeggero;M;Illeso;0;;;
5105340;7;13/10/2020 13:00:00;Strada Urbana;VIA CASILINA;in corrispondenza;;del civico n.;517;;Veicolo in marcia contro ostacolo accidentale;Rettilineo;Due carreggiate;Asciutto;Asfaltata;Assente;Sereno;Scarso;Buona;;2;0;0;0;12.5439;41.8796;-1;1;Motociclo a solo;In marcia / fermata / arresto;Conducente;M;Rimandato;0;NON DECEDUTO;;
5105340;7;13/10/2020 13:00:00;Strada Urbana;VIA CASILINA;in corrispondenza;;del civico n.;517;;Veicolo in marcia contro ostacolo accidentale;Rettilineo;Due carreggiate;Asciutto;Asfaltata;Assente;Sereno;Scarso;Buona;;2;0;0;0;12.5439;41.8796;-1;1;Motociclo a solo;In marcia / fermata / arresto;Passeggero;F;Rimandato;0;NON DECEDUTO;;
5105370;7;14/10/2020 00:45:00;Strada Urbana;VIALE DELLA PRIMAVERA;in corrispondenza;;del civico n.;304;;Investimento di pedone;Rettilineo;Due carreggiate;Asciutto;Asfaltata;Verticale ed orizzontale;Nuvoloso;Scarso;Sufficiente;;1;0;0;0;12.5588;41.8785;0;;;;Pedone;M;Rimandato;0;NON DECEDUTO;;
5105370;7;14/10/2020 00:45:00;Strada Urbana;VIALE DELLA PRIMAVERA;in corrispondenza;;del civico n.;304;;Investimento di pedone;Rettilineo;Due carreggiate;Asciutto;Asfaltata;Verticale ed orizzontale;Nuvoloso;Scarso;Sufficiente;;1;0;0;0;12.5588;41.8785;0;1;Autovettura privata;Allontanatosi;;;;;;;
5105380;9;14/10/2020 10:20:00;Strada Urbana;VIA APPIA NUOVA;in corrispondenza;;del civico n.;448;;Investimento di pedone;Rettilineo;Due carreggiate;Bagnato (pioggia);Asfaltata;Verticale ed orizzontale;Nuvoloso;Intenso;Buona;;1;0;0;2;12.5227;41.8744;-1;;;;Pedone;M;Rimandato;0;NON DECEDUTO;;
5105380;9;14/10/2020 10:20:00;Strada Urbana;VIA APPIA NUOVA;in corrispondenza;;del civico n.;448;;Investimento di pedone;Rettilineo;Due carreggiate;Bagnato (pioggia);Asfaltata;Verticale ed orizzontale;Nuvoloso;Intenso;Buona;;1;0;0;2;12.5227;41.8744;-1;1;Autovettura privata;In marcia / fermata / arresto;Conducente;M;Illeso;0;;;
5105380;9;14/10/2020 10:20:00;Strada Urbana;VIA APPIA NUOVA;in corrispondenza;;del civico n.;448;;Investimento di pedone;Rettilineo;Due carreggiate;Bagnato (pioggia);Asfaltata;Verticale ed orizzontale;Nuvoloso;Intenso;Buona;;1;0;0;2;12.5227;41.8744;-1;1;Autovettura privata;In marcia / fermata / arresto;Passeggero;M;Illeso;0;;Non accertato;Inesploso
5105382;4;13/10/2020 23:50:00;Strada Urbana;VIA MONTE CERVIALTO;all'intersezione con;VIA ALESSANDRO FORTIS;VIA ALESSANDRO FORTIS;;;Scontro frontale/laterale DX fra veicoli in marcia;Intersezione semaforizzata;Una carreggiata a doppio senso;Asciutto;Asfaltata;Verticale ed orizzontale;Nuvoloso;Scarso;Buona;;0;0;0;2;12.5232;41.9541;-1;1;Autovettura privata;In marcia / fermata / arresto;Conducente;F;Illeso;0;;Non accertato;Inesploso
5105382;4;13/10/2020 23:50:00;Strada Urbana;VIA MONTE CERVIALTO;all'intersezione con;VIA ALESSANDRO FORTIS;VIA ALESSANDRO FORTIS;;;Scontro frontale/laterale DX fra veicoli in marcia;Intersezione semaforizzata;Una carreggiata a doppio senso;Asciutto;Asfaltata;Verticale ed orizzontale;Nuvoloso;Scarso;Buona;;0;0;0;2;12.5232;41.9541;-1;2;Autovettura privata;In marcia / fermata / arresto;Conducente;F;Illeso;0;;Non accertato;Inesploso
5105411;3;13/10/2020 19:10:00;Strada Urbana;PIAZZA BOLOGNA;da specificare;;;;altezza fronte Lorenzo il Magnifico;Veicolo in marcia contro ostacolo accidentale;Rotatoria;Una carreggiata a senso unico di marcia;Asciutto;Asfaltata;Verticale ed orizzontale;Sereno;Normale;Sufficiente;;0;0;0;2;12.5212;41.9134;-1;1;Autovettura privata;In marcia / fermata / arresto;Conducente;M;Illeso;0;;;
5105411;3;13/10/2020 19:10:00;Strada Urbana;PIAZZA BOLOGNA;da specificare;;;;altezza fronte Lorenzo il Magnifico;Veicolo in marcia contro ostacolo accidentale;Rotatoria;Una carreggiata a senso unico di marcia;Asciutto;Asfaltata;Verticale ed orizzontale;Sereno;Normale;Sufficiente;;0;0;0;2;12.5212;41.9134;-1;1;Autovettura privata;In marcia / fermata / arresto;Passeggero;F;Illeso;0;;;
5105431;3;13/10/2020 17:45:00;Strada Urbana;VIALE DEL POLICLINICO;in prossimit�;;del civico n.;151;;Veicolo in marcia contro veicolo in sosta;Rettilineo;Pi� di due carreggiate;Asciutto;Asfaltata;Verticale ed orizzontale;Sereno;Normale;Buona;;0;0;0;2;12.5087;41.9084;-1;1;Autovettura privata;In marcia / fermata / arresto;Conducente;F;Illeso;0;;;
5105431;3;13/10/2020 17:45:00;Strada Urbana;VIALE DEL POLICLINICO;in prossimit�;;del civico n.;151;;Veicolo in marcia contro veicolo in sosta;Rettilineo;Pi� di due carreggiate;Asciutto;Asfaltata;Verticale ed orizzontale;Sereno;Normale;Buona;;0;0;0;2;12.5087;41.9084;-1;1;Autovettura privata;In marcia / fermata / arresto;Passeggero;F;Illeso;0;;;
5105431;3;13/10/2020 17:45:00;Strada Urbana;VIALE DEL POLICLINICO;in prossimit�;;del civico n.;151;;Veicolo in marcia contro veicolo in sosta;Rettilineo;Pi� di due carreggiate;Asciutto;Asfaltata;Verticale ed orizzontale;Sereno;Normale;Buona;;0;0;0;2;12.5087;41.9084;-1;2;Autovettura privata;Sosta;;;;;;;
5105457;4;14/10/2020 00:40:00;Strada Urbana;VIALE TITINA DE FILIPPO;all'intersezione con;VIA TINA PICA;VIA TINA PICA;;;Veicolo in marcia contro ostacolo fisso;Intersezione stradale segnalata;Due carreggiate;Asciutto;Asfaltata;Orizzontale;Sereno;Scarso;Buona;;0;0;0;2;12.5165;41.9667;-1;1;Autovettura privata;In marcia / fermata / arresto;Conducente;F;Illeso;0;;Non accertato;Inesploso
5105457;4;14/10/2020 00:40:00;Strada Urbana;VIALE TITINA DE FILIPPO;all'intersezione con;VIA TINA PICA;VIA TINA PICA;;;Veicolo in marcia contro ostacolo fisso;Intersezione stradale segnalata;Due carreggiate;Asciutto;Asfaltata;Orizzontale;Sereno;Scarso;Buona;;0;0;0;2;12.5165;41.9667;-1;1;Autovettura privata;In marcia / fermata / arresto;Passeggero;F;Illeso;0;;Non accertato;Inesploso
5105470;2;13/10/2020 10:20:00;Strada Urbana;VIALE TIZIANO;da specificare;;;;altezza via D.Pietri.;Tamponamento;Rettilineo;Due carreggiate;Asciutto;Asfaltata;Verticale ed orizzontale;Sereno;Normale;Buona;;0;0;0;2;12.4705;41.9266;-1;1;Autovettura privata;In marcia / fermata / arresto;Conducente;M;Illeso;0;;Non accertato;Inesploso
5105470;2;13/10/2020 10:20:00;Strada Urbana;VIALE TIZIANO;da specificare;;;;altezza via D.Pietri.;Tamponamento;Rettilineo;Due carreggiate;Asciutto;Asfaltata;Verticale ed orizzontale;Sereno;Normale;Buona;;0;0;0;2;12.4705;41.9266;-1;2;Autovettura privata;In marcia / fermata / arresto;Conducente;F;Illeso;0;;Non accertato;Inesploso
5105480;2;13/10/2020 11:20:00;Strada Urbana;VIA TEMBIEN;all'intersezione con;VIA TRIPOLI;VIA TRIPOLI;;;Scontro frontale/laterale SX fra veicoli in marcia;Incrocio;Una carreggiata a doppio senso;Asciutto;Asfaltata;Verticale ed orizzontale;Sereno;Normale;Buona;;0;0;0;2;12.5253;41.9293;-1;1;Motociclo a solo;In marcia / fermata / arresto;Conducente;M;Illeso;0;;Non accertato;
5105480;2;13/10/2020 11:20:00;Strada Urbana;VIA TEMBIEN;all'intersezione con;VIA TRIPOLI;VIA TRIPOLI;;;Scontro frontale/laterale SX fra veicoli in marcia;Incrocio;Una carreggiata a doppio senso;Asciutto;Asfaltata;Verticale ed orizzontale;Sereno;Normale;Buona;;0;0;0;2;12.5253;41.9293;-1;2;Autovettura privata;In marcia / fermata / arresto;Conducente;F;Illeso;0;;Non accertato;Inesploso
5105488;2;13/10/2020 12:30:00;Strada Urbana;VIALE LIBIA;in prossimit�;;del civico n.;16;;Veicolo in marcia contro veicolo in sosta;Rettilineo;Una carreggiata a senso unico di marcia;Asciutto;Asfaltata;Verticale ed orizzontale;Sereno;Normale;Buona;;0;0;0;0;12.5166;41.9297;-1;1;Motociclo a solo;Sosta;;;;;;;
5105491;2;13/10/2020 16:00:00;Strada Urbana;VIA DEI GIORDANI;all'intersezione con;VIA DI TRASONE;VIA DI TRASONE;;;Scontro frontale/laterale DX fra veicoli in marcia;Incrocio;Una carreggiata a senso unico di marcia;Asciutto;Asfaltata;Verticale;Sereno;Intenso;Buona;;0;0;0;2;12.5105;41.9286;-1;1;Autovettura privata;In marcia / fermata / arresto;Conducente;M;Illeso;0;;Non accertato;Inesploso
5105491;2;13/10/2020 16:00:00;Strada Urbana;VIA DEI GIORDANI;all'intersezione con;VIA DI TRASONE;VIA DI TRASONE;;;Scontro frontale/laterale DX fra veicoli in marcia;Incrocio;Una carreggiata a senso unico di marcia;Asciutto;Asfaltata;Verticale;Sereno;Intenso;Buona;;0;0;0;2;12.5105;41.9286;-1;2;Autovettura privata;In marcia / fermata / arresto;Conducente;M;Illeso;0;;Non accertato;Inesploso