Protocollo;Gruppo;DataOraIncidente;Localizzazione1;STRADA1;Localizzazione2;STRADA2;Strada02;Chilometrica;DaSpecificare;NaturaIncidente;particolaritastrade;TipoStrada;FondoStradale;Pavimentazione;Segnaletica;CondizioneAtmosferica;Traffico;Visibilita;Illuminazione;NUM_FERITI;NUM_RISERVATA;NUM_MORTI;NUM_ILLESI;Longitudine;Latitudine;Confermato;Progressivo;TipoVeicolo;StatoVeicolo;TipoPersona;Sesso;Tipolesione;Deceduto;DecedutoDopo;CinturaCascoUtilizzato;Airbag;
5109839;13;16/10/2020 15:00:00;Strada Urbana;VIA GIULIO MINERVINI;all'intersezione con;VIA MAURO CRISTOFANI;VIA MAURO CRISTOFANI;;;Scontro frontale/laterale SX fra veicoli in marcia;Incrocio;Una carreggiata a doppio senso;Bagnato (pioggia);Asfaltata;Assente;Nuvoloso;Normale;Buona;;0;0;0;2;12.3115;41.7721;-1;2;Autovettura privata;In marcia / fermata / arresto;Conducente;M;Illeso;0;;Non accertato;Inesploso
5109879;9;16/10/2020 14:30:00;Strada Urbana;VIA IMERA;in prossimit�;;del civico n.;2;;Veicolo in marcia contro veicolo in sosta;Rettilineo;Una carreggiata a doppio senso;Bagnato (umidit� in atto);Asfaltata;Verticale ed orizzontale;Nuvoloso;Normale;Buona;;0;0;0;1;12.511;41.8793;-1;1;Autovettura privata;Sosta;;;;;;;
5109879;9;16/10/2020 14:30:00;Strada Urbana;VIA IMERA;in prossimit�;;del civico n.;2;;Veicolo in marcia contro veicolo in sosta;Rettilineo;Una carreggiata a doppio senso;Bagnato (umidit� in atto);Asfaltata;Verticale ed orizzontale;Nuvoloso;Normale;Buona;;0;0;0;1;12.511;41.8793;-1;2;Autovettura privata;In marcia / fermata / arresto;Conducente;M;Illeso;0;;Non accertato;Inesploso
5110336;11;16/10/2020 10:00:00;Strada Urbana;VIALE PICO DELLA MIRANDOLA;da specificare;;;;Altezza Mercato ;Tamponamento;Rettilineo;Due carreggiate;Bagnato (pioggia);Asfaltata;Verticale ed orizzontale;Nuvoloso;Normale;Buona;;0;0;0;2;12.486;41.8463;-1;1;Autovettura privata;In marcia / fermata / arresto;Conducente;F;Illeso;0;;Non accertato;
5110336;11;16/10/2020 10:00:00;Strada Urbana;VIALE PICO DELLA MIRANDOLA;da specificare;;;;Altezza Mercato ;Tamponamento;Rettilineo;Due carreggiate;Bagnato (pioggia);Asfaltata;Verticale ed orizzontale;Nuvoloso;Normale;Buona;;0;0;0;2;12.486;41.8463;-1;2;Autovettura privata;In marcia / fermata / arresto;Conducente;F;Illeso;0;;Non accertato;
5110339;13;16/10/2020 10:10:00;Strada Urbana;VIA DI CASTEL FUSANO;da specificare;;;;prossimit� Via Ostiense;Scontro laterale fra veicoli in marcia;Rettilineo;Due carreggiate;Bagnato (umidit� in atto);Asfaltata;Verticale ed orizzontale;Nuvoloso;Intenso;Buona;;0;0;0;3;12.3049;41.7582;-1;1;Autovettura privata;In marcia / fermata / arresto;Conducente;M;Illeso;0;;;
5110339;13;16/10/2020 10:10:00;Strada Urbana;VIA DI CASTEL FUSANO;da specificare;;;;prossimit� Via Ostiense;Scontro laterale fra veicoli in marcia;Rettilineo;Due carreggiate;Bagnato (umidit� in atto);Asfaltata;Verticale ed orizzontale;Nuvoloso;Intenso;Buona;;0;0;0;3;12.3049;41.7582;-1;1;Autovettura privata;In marcia / fermata / arresto;Passeggero;M;Illeso;0;;Non accertato;Inesploso
5110339;13;16/10/2020 10:10:00;Strada Urbana;VIA DI CASTEL FUSANO;da specificare;;;;prossimit� Via Ostiense;Scontro laterale fra veicoli in marcia;Rettilineo;Due carreggiate;Bagnato (umidit� in atto);Asfaltata;Verticale ed orizzontale;Nuvoloso;Intenso;Buona;;0;0;0;3;12.3049;41.7582;-1;2;Autovettura privata;In marcia / fermata / arresto;Conducente;F;Illeso;0;;Non accertato;Inesploso
5110343;13;16/10/2020 12:00:00;Strada Urbana;VIA MASSIMO TROISI;all'intersezione con;VIA PAOLO STOPPA;VIA PAOLO STOPPA;;;Scontro laterale fra veicoli in marcia;Incrocio;Una carreggiata a senso unico di marcia;Asciutto;Asfaltata;Verticale ed orizzontale;Nuvoloso;Scarso;Buona;;0;0;0;3;12.3946;41.7866;-1;1;Autovettura privata;In marcia / fermata / arresto;Conducente;M;Illeso;0;;;
5110343;13;16/10/2020 12:00:00;Strada Urbana;VIA MASSIMO TROISI;all'intersezione con;VIA PAOLO STOPPA;VIA PAOLO STOPPA;;;Scontro laterale fra veicoli in marcia;Incrocio;Una carreggiata a senso unico di marcia;Asciutto;Asfaltata;Verticale ed orizzontale;Nuvoloso;Scarso;Buona;;0;0;0;3;12.3946;41.7866;-1;2;Autocarro inferiore 35 q.;In marcia / fermata / arresto;Conducente;M;Illeso;0;;;
5110343;13;16/10/2020 12:00:00;Strada Urbana;VIA MASSIMO TROISI;all'intersezione con;VIA PAOLO STOPPA;VIA PAOLO STOPPA;;;Scontro laterale fra veicoli in marcia;Incrocio;Una carreggiata a senso unico di marcia;Asciutto;Asfaltata;Verticale ed orizzontale;Nuvoloso;Scarso;Buona;;0;0;0;3;12.3946;41.7866;-1;2;Autocarro inferiore 35 q.;In marcia / fermata / arresto;Passeggero;M;Illeso;0;;;
5110344;13;16/10/2020 08:30:00;Strada Urbana;VIA STEFANO ASSEMANI;all'intersezione con;VIA DI ACILIA;VIA DI ACILIA;;;Scontro frontale/laterale SX fra veicoli in marcia;Incrocio;Due carreggiate;Bagnato (umidit� in atto);Asfaltata;Verticale ed orizzontale;Nuvoloso;Intenso;Buona;;0;0;0;4;12.365;41.7777;-1;1;Autovettura privata;In marcia / fermata / arresto;Conducente;M;Illeso;0;;;
5110344;13;16/10/2020 08:30:00;Strada Urbana;VIA STEFANO ASSEMANI;all'intersezione con;VIA DI ACILIA;VIA DI ACILIA;;;Scontro frontale/laterale SX fra veicoli in marcia;Incrocio;Due carreggiate;Bagnato (umidit� in atto);Asfaltata;Verticale ed orizzontale;Nuvoloso;Intenso;Buona;;0;0;0;4;12.365;41.7777;-1;2;Autovettura privata;In marcia / fermata / arresto;Conducente;F;Illeso;0;;;
5110344;13;16/10/2020 08:30:00;Strada Urbana;VIA STEFANO ASSEMANI;all'intersezione con;VIA DI ACILIA;VIA DI ACILIA;;;Scontro frontale/laterale SX fra veicoli in marcia;Incrocio;Due carreggiate;Bagnato (umidit� in atto);Asfaltata;Verticale ed orizzontale;Nuvoloso;Intenso;Buona;;0;0;0;4;12.365;41.7777;-1;2;Autovettura privata;In marcia / fermata / arresto;Passeggero;F;Illeso;0;;;
5110344;13;16/10/2020 08:30:00;Strada Urbana;VIA STEFANO ASSEMANI;all'intersezione con;VIA DI ACILIA;VIA DI ACILIA;;;Scontro frontale/laterale SX fra veicoli in marcia;Incrocio;Due carreggiate;Bagnato (umidit� in atto);Asfaltata;Verticale ed orizzontale;Nuvoloso;Intenso;Buona;;0;0;0;4;12.365;41.7777;-1;2;Autovettura privata;In marcia / fermata / arresto;Passeggero;M;Illeso;0;;;
5110347;13;16/10/2020 21:00:00;Strada Urbana;VIA CAPO PASSERO;all'intersezione con;VIA FEDERICO PAOLINI;VIA FEDERICO PAOLINI;;;Scontro laterale fra veicoli in marcia;Incrocio;Due carreggiate;Bagnato (pioggia);Asfaltata;Verticale ed orizzontale;Nuvoloso;Normale;Sufficiente;;0;0;0;2;12.2902;41.735;0;1;Autovettura privata;In marcia / fermata / arresto;Conducente;M;Illeso;0;;;
5110347;13;16/10/2020 21:00:00;Strada Urbana;VIA CAPO PASSERO;all'intersezione con;VIA FEDERICO PAOLINI;VIA FEDERICO PAOLINI;;;Scontro laterale fra veicoli in marcia;Incrocio;Due carreggiate;Bagnato (pioggia);Asfaltata;Verticale ed orizzontale;Nuvoloso;Normale;Sufficiente;;0;0;0;2;12.2902;41.735;0;2;Velocipede;In marcia / fermata / arresto;Conducente;M;Illeso;0;;Esente;
5110350;13;16/10/2020 17:00:00;Strada Urbana;VIA FABIANO LANDI;all'intersezione con;VIA COSTANTINO BESCHI;VIA COSTANTINO BESCHI;;;Scontro frontale/laterale SX fra veicoli in marcia;Incrocio;Una carreggiata a doppio senso;Bagnato (pioggia);Asfaltata;Verticale ed orizzontale;Nuvoloso;Normale;Buona;;0;0;0;2;12.3743;41.7863;0;1;Autovettura privata;In marcia / fermata / arresto;Conducente;M;Illeso;0;;;
5110350;13;16/10/2020 17:00:00;Strada Urbana;VIA FABIANO LANDI;all'intersezione con;VIA COSTANTINO BESCHI;VIA COSTANTINO BESCHI;;;Scontro frontale/laterale SX fra veicoli in marcia;Incrocio;Una carreggiata a doppio senso;Bagnato (pioggia);Asfaltata;Verticale ed orizzontale;Nuvoloso;Normale;Buona;;0;0;0;2;12.3743;41.7863;0;2;Autovettura privata;In marcia / fermata / arresto;Conducente;M;Illeso;0;;;
5110376;11;17/10/2020 04:10:00;Strada Urbana;VIA DELLE SETTE CHIESE;da specificare;;;;PALO ACEA N.2;Veicolo in marcia contro veicolo in sosta;Rettilineo;Una carreggiata a senso unico di marcia;Bagnato (pioggia);In cubetti di porfido;Assente;Pioggia in atto;Scarso;Buona;;0;0;0;0;12.4941;41.8601;-1;1;Autovettura privata;In marcia / fermata / arresto;;;;;;;
5110376;11;17/10/2020 04:10:00;Strada Urbana;VIA DELLE SETTE CHIESE;da specificare;;;;PALO ACEA N.2;Veicolo in marcia contro veicolo in sosta;Rettilineo;Una carreggiata a senso unico di marcia;Bagnato (pioggia);In cubetti di porfido;Assente;Pioggia in atto;Scarso;Buona;;0;0;0;0;12.4941;41.8601;-1;2;Autovettura privata;Sosta;;;;;;;
5110382;1;17/10/2020 01:45:00;Strada Urbana;VIA MARMORATA;in corrispondenza;;del civico n.;133;;Veicolo in marcia contro veicoli in sosta;Rettilineo;Una carreggiata a doppio senso;Bagnato (pioggia);Asfaltata;Verticale ed orizzontale;Pioggia in atto;Scarso;Sufficiente;;0;0;0;1;12.4774;41.881;-1;1;Autovettura privata;In marcia / fermata / arresto;Conducente;M;Illeso;0;;Non accertato;Esploso
5110382;1;17/10/2020 01:45:00;Strada Urbana;VIA MARMORATA;in corrispondenza;;del civico n.;133;;Veicolo in marcia contro veicoli in sosta;Rettilineo;Una carreggiata a doppio senso;Bagnato (pioggia);Asfaltata;Verticale ed orizzontale;Pioggia in atto;Scarso;Sufficiente;;0;0;0;1;12.4774;41.881;-1;2;Autovettura privata;Sosta;;;;;;;
5110412;20;16/10/2020 22:15:00;Strada Urbana;VIALE DI TOR DI QUINTO;in corrispondenza;;del civico n.;64;;Scontro frontale/laterale SX fra veicoli in marcia;Rettilineo;Una carreggiata a doppio senso;Bagnato (pioggia);Asfaltata;Orizzontale;Nuvoloso;Scarso;Sufficiente;;0;0;0;5;12.4786;41.9383;-1;1;Autovettura privata;In marcia / fermata / arresto;Conducente;F;Illeso;0;;Utilizzato;Inesploso
5110412;20;16/10/2020 22:15:00;Strada Urbana;VIALE DI TOR DI QUINTO;in corrispondenza;;del civico n.;64;;Scontro frontale/laterale SX fra veicoli in marcia;Rettilineo;Una carreggiata a doppio senso;Bagnato (pioggia);Asfaltata;Orizzontale;Nuvoloso;Scarso;Sufficiente;;0;0;0;5;12.4786;41.9383;-1;1;Autovettura privata;In marcia / fermata / arresto;Passeggero;F;Illeso;0;;Non accertato;Inesistente
5110412;20;16/10/2020 22:15:00;Strada Urbana;VIALE DI TOR DI QUINTO;in corrispondenza;;del civico n.;64;;Scontro frontale/laterale SX fra veicoli in marcia;Rettilineo;Una carreggiata a doppio senso;Bagnato (pioggia);Asfaltata;Orizzontale;Nuvoloso;Scarso;Sufficiente;;0;0;0;5;12.4786;41.9383;-1;1;Autovettura privata;In marcia / fermata / arresto;Passeggero;F;Illeso;0;;Non accertato;Inesploso
5110412;20;16/10/2020 22:15:00;Strada Urbana;VIALE DI TOR DI QUINTO;in corrispondenza;;del civico n.;64;;Scontro frontale/laterale SX fra veicoli in marcia;Rettilineo;Una carreggiata a doppio senso;Bagnato (pioggia);Asfaltata;Orizzontale;Nuvoloso;Scarso;Sufficiente;;0;0;0;5;12.4786;41.9383;-1;2;Autovettura privata;In marcia / fermata / arresto;Conducente;F;Illeso;0;;Non accertato;Inesploso
5110412;20;16/10/2020 22:15:00;Strada Urbana;VIALE DI TOR DI QUINTO;in corrispondenza;;del civico n.;64;;Scontro frontale/laterale SX fra veicoli in marcia;Rettilineo;Una carreggiata a doppio senso;Bagnato (pioggia);Asfaltata;Orizzontale;Nuvoloso;Scarso;Sufficiente;;0;0;0;5;12.4786;41.9383;-1;2;Autovettura privata;In marcia / fermata / arresto;Passeggero;F;Illeso;0;;Non accertato;Inesploso
5110416;10;16/10/2020 17:40:00;Strada Urbana;CIRCONVALLAZIONE TUSCOLANA;all'intersezione con;VIA QUINTILIO VARO;VIA QUINTILIO VARO;;;Infortunio per sola frenata improvvisa;Incrocio;Due carreggiate;Bagnato (pioggia);Asfaltata;Verticale ed orizzontale;Nuvoloso;Intenso;Buona;;1;0;0;1;12.5684;41.8516;-1;1;Autovettura privata;In marcia / fermata / arresto;Conducente;M;Illeso;0;;Non accertato;Inesploso
5110416;10;16/10/2020 17:40:00;Strada Urbana;CIRCONVALLAZIONE TUSCOLANA;all'intersezione con;VIA QUINTILIO VARO;VIA QUINTILIO VARO;;;Infortunio per sola frenata improvvisa;Incrocio;Due carreggiate;Bagnato (pioggia);Asfaltata;Verticale ed orizzontale;Nuvoloso;Intenso;Buona;;1;0;0;1;12.5684;41.8516;-1;2;Motociclo a solo;In marcia / fermata / arresto;Conducente;M;Rimandato;0;NON DECEDUTO;Non accertato;
5110424;1;16/10/2020 16:35:00;Strada Urbana;VIA MASTRO GIORGIO;all'intersezione con;VIA ALESSANDRO VOLTA;VIA ALESSANDRO VOLTA;;;Scontro frontale/laterale DX fra veicoli in marcia;Incrocio;Una carreggiata a senso unico di marcia;Bagnato (umidit� in atto);Asfaltata;Verticale ed orizzontale;Nuvoloso;Normale;Buona;;0;0;0;3;12.4773;41.8786;-1;1;Autovettura privata;In marcia / fermata / arresto;Conducente;F;Illeso;0;;Non accertato;Inesploso
5110424;1;16/10/2020 16:35:00;Strada Urbana;VIA MASTRO GIORGIO;all'intersezione con;VIA ALESSANDRO VOLTA;VIA ALESSANDRO VOLTA;;;Scontro frontale/laterale DX fra veicoli in marcia;Incrocio;Una carreggiata a senso unico di marcia;Bagnato (umidit� in atto);Asfaltata;Verticale ed orizzontale;Nuvoloso;Normale;Buona;;0;0;0;3;12.4773;41.8786;-1;2;Autovettura privata;In marcia / fermata / arresto;Conducente;F;Illeso;0;;Non accertato;Inesploso
5110424;1;16/10/2020 16:35:00;Strada Urbana;VIA MASTRO GIORGIO;all'intersezione con;VIA ALESSANDRO VOLTA;VIA ALESSANDRO VOLTA;;;Scontro frontale/laterale DX fra veicoli in marcia;Incrocio;Una carreggiata a senso unico di marcia;Bagnato (umidit� in atto);Asfaltata;Verticale ed orizzontale;Nuvoloso;Normale;Buona;;0;0;0;3;12.4773;41.8786;-1;2;Autovettura privata;In marcia / fermata / arresto;Passeggero;M;Illeso;0;;Non accertato;Inesploso
5110428;10;16/10/2020 18:30:00;Strada Urbana;VIA LUCREZIA ROMANA;all'intersezione con;VIA ENRICO SCHLIEMANN;VIA ENRICO SCHLIEMANN;;;Investimento di pedone;Incrocio;Una carreggiata a senso unico di marcia;Bagnato (pioggia);Asfaltata;Verticale ed orizzontale;Nuvoloso;Scarso;Sufficiente;;1;0;0;1;12.5845;41.826;-1;;;;Pedone;F;Rimandato;0;NON DECEDUTO;;
5110428;10;16/10/2020 18:30:00;Strada Urbana;VIA LUCREZIA ROMANA;all'intersezione con;VIA ENRICO SCHLIEMANN;VIA ENRICO SCHLIEMANN;;;Investimento di pedone;Incrocio;Una carreggiata a senso unico di marcia;Bagnato (pioggia);Asfaltata;Verticale ed orizzontale;Nuvoloso;Scarso;Sufficiente;;1;0;0;1;12.5845;41.826;-1;1;Autovettura privata;In marcia / fermata / arresto;Conducente;M;Illeso;0;;Non accertato;Inesploso
5110464;1;16/10/2020 10:30:00;Strada Urbana;PIAZZALE OSTIENSE;da specificare;;;;.;Scontro frontale/laterale DX fra veicoli in marcia;Rettilineo;Pi� di due carreggiate;Bagnato (pioggia);Asfaltata;Verticale ed orizzontale;Nuvoloso;Normale;Buona;;1;0;0;1;12.4819;41.8763;-1;1;Autovettura privata;In marcia / fermata / arresto;Conducente;M;Illeso;0;;;
5110464;1;16/10/2020 10:30:00;Strada Urbana;PIAZZALE OSTIENSE;da specificare;;;;.;Scontro frontale/laterale DX fra veicoli in marcia;Rettilineo;Pi� di due carreggiate;Bagnato (pioggia);Asfaltata;Verticale ed orizzontale;Nuvoloso;Normale;Buona;;1;0;0;1;12.4819;41.8763;-1;2;Motociclo a solo;In marcia / fermata / arresto;Conducente;M;Rimandato;0;NON DECEDUTO;;
5110517;1;16/10/2020 13:00:00;Strada Urbana;PIAZZA DI PORTA CAPENA;all'intersezione semaforizzata con;VIA DI S. GREGORIO;VIA DI S. GREGORIO;;;Scontro laterale fra veicoli in marcia;Intersezione semaforizzata;Una carreggiata a senso unico di marcia;Asciutto;Asfaltata;Verticale ed orizzontale;Nuvoloso;Normale;Buona;;0;0;0;3;12.4894;41.8848;-1;1;Autovettura privata;In marcia / fermata / arresto;Conducente;F;Illeso;0;;Non accertato;Inesploso
5110517;1;16/10/2020 13:00:00;Strada Urbana;PIAZZA DI PORTA CAPENA;all'intersezione semaforizzata con;VIA DI S. GREGORIO;VIA DI S. GREGORIO;;;Scontro laterale fra veicoli in marcia;Intersezione semaforizzata;Una carreggiata a senso unico di marcia;Asciutto;Asfaltata;Verticale ed orizzontale;Nuvoloso;Normale;Buona;;0;0;0;3;12.4894;41.8848;-1;1;Autovettura privata;In marcia / fermata / arresto;Passeggero;M;Illeso;0;;Non accertato;Inesploso
5110517;1;16/10/2020 13:00:00;Strada Urbana;PIAZZA DI PORTA CAPENA;all'intersezione semaforizzata con;VIA DI S. GREGORIO;VIA DI S. GREGORIO;;;Scontro laterale fra veicoli in marcia;Intersezione semaforizzata;Una carreggiata a senso unico di marcia;Asciutto;Asfaltata;Verticale ed orizzontale;Nuvoloso;Normale;Buona;;0;0;0;3;12.4894;41.8848;-1;2;Autovettura pubblica;In marcia / fermata / arresto;Conducente;M;Illeso;0;;Non accertato;Inesploso
5110557;8;15/10/2020 18:30:00;Strada Urbana;VIA DELLA RISERVA NUOVA;in prossimit�;;del civico n.;20;;Scontro laterale fra veicoli in marcia;Rettilineo;Una carreggiata a doppio senso;Asciutto;Asfaltata;Orizzontale;Nuvoloso;Normale;Buona;;0;0;0;3;12.6806;41.8916;-1;1;Autovettura privata;In marcia / fermata / arresto;Conducente;M;Illeso;0;;;
5110557;8;15/10/2020 18:30:00;Strada Urbana;VIA DELLA RISERVA NUOVA;in prossimit�;;del civico n.;20;;Scontro laterale fra veicoli in marcia;Rettilineo;Una carreggiata a doppio senso;Asciutto;Asfaltata;Orizzontale;Nuvoloso;Normale;Buona;;0;0;0;3;12.6806;41.8916;-1;1;Autovettura privata;In marcia / fermata / arresto;Passeggero;M;Illeso;0;;;
5110557;8;15/10/2020 18:30:00;Strada Urbana;VIA DELLA RISERVA NUOVA;in prossimit�;;del civico n.;20;;Scontro laterale fra veicoli in marcia;Rettilineo;Una carreggiata a doppio senso;Asciutto;Asfaltata;Orizzontale;Nuvoloso;Normale;Buona;;0;0;0;3;12.6806;41.8916;-1;2;Ciclomotore;In marcia / fermata / arresto;Conducente;M;Illeso;0;;;
5110560;8;16/10/2020 09:00:00;Strada Urbana;VIALE DUILIO CAMBELLOTTI;da specificare;;;;dir. v.le oxford alt. sottopassaggio metro C;Veicolo in marcia contro ostacolo fisso;Curva senza visuale libera;Due carreggiate;Asciutto;Asfaltata;Verticale ed orizzontale;Nuvoloso;Normale;Buona;;0;0;0;1;12.6297;41.8674;-1;1;Autovettura privata;In marcia / fermata / arresto;Conducente;F;Illeso;0;;Non accertato;
5110561;8;16/10/2020 09:05:00;Strada Urbana;VIALE DUILIO CAMBELLOTTI;da specificare;;;;altezza sottopassaggio metro C;Veicolo in marcia contro ostacolo fisso;Curva a visuale libera;Una carreggiata a senso unico di marcia;Bagnato (umidit� in atto);Asfaltata;Verticale;Nuvoloso;Scarso;Buona;;0;0;0;1;12.6297;41.8674;-1;1;Autovettura privata;In marcia / fermata / arresto;Conducente;F;Illeso;0;;;
5110562;8;16/10/2020 09:20:00;Strada Urbana;VIA BORGHESIANA;all'intersezione con;VIA TORREGROTTA;VIA TORREGROTTA;;;Scontro laterale fra veicoli in marcia;Incrocio;Una carreggiata a doppio senso;Bagnato (pioggia);Asfaltata;Verticale ed orizzontale;Nuvoloso;Normale;Buona;;0;0;0;2;12.6724;41.8765;-1;1;Autovettura privata;In marcia / fermata / arresto;Conducente;F;Illeso;0;;Non accertato;Inesploso
5110562;8;16/10/2020 09:20:00;Strada Urbana;VIA BORGHESIANA;all'intersezione con;VIA TORREGROTTA;VIA TORREGROTTA;;;Scontro laterale fra veicoli in marcia;Incrocio;Una carreggiata a doppio senso;Bagnato (pioggia);Asfaltata;Verticale ed orizzontale;Nuvoloso;Normale;Buona;;0;0;0;2;12.6724;41.8765;-1;2;Autovettura privata;In marcia / fermata / arresto;Conducente;M;Illeso;0;;;Inesploso
5110567;8;16/10/2020 13:40:00;Strada Urbana;VIA CASILINA;all'intersezione con;VIA DI VERMICINO;VIA DI VERMICINO;;;Scontro frontale/laterale DX fra veicoli in marcia;Intersezione semaforizzata;Una carreggiata a doppio senso;Asciutto;Asfaltata;Verticale ed orizzontale;Nuvoloso;Intenso;Buona;;0;0;0;3;12.6695;41.864;-1;1;Autovettura privata;In marcia / fermata / arresto;Conducente;F;Illeso;0;;Non accertato;Inesploso
5110567;8;16/10/2020 13:40:00;Strada Urbana;VIA CASILINA;all'intersezione con;VIA DI VERMICINO;VIA DI VERMICINO;;;Scontro frontale/laterale DX fra veicoli in marcia;Intersezione semaforizzata;Una carreggiata a doppio senso;Asciutto;Asfaltata;Verticale ed orizzontale;Nuvoloso;Intenso;Buona;;0;0;0;3;12.6695;41.864;-1;2;Autovettura privata;In marcia / fermata / arresto;Conducente;F;Illeso;0;;Non accertato;Inesploso
5110567;8;16/10/2020 13:40:00;Strada Urbana;VIA CASILINA;all'intersezione con;VIA DI VERMICINO;VIA DI VERMICINO;;;Scontro frontale/laterale DX fra veicoli in marcia;Intersezione semaforizzata;Una carreggiata a doppio senso;Asciutto;Asfaltata;Verticale ed orizzontale;Nuvoloso;Intenso;Buona;;0;0;0;3;12.6695;41.864;-1;2;Autovettura privata;In marcia / fermata / arresto;Passeggero;F;Illeso;0;;Non accertato;Inesploso
5110572;8;16/10/2020 15:50:00;Strada Urbana;VIA CARLANTONIO GRUE;in prossimit�;;del civico n.;48;;Veicolo in marcia contro veicolo in sosta;Rettilineo;Una carreggiata a senso unico di marcia;Bagnato (pioggia);Asfaltata;Verticale;Sereno;Scarso;Buona;;0;0;0;0;12.6191;41.8722;-1;1;Autocarro inferiore 35 q.;Allontanatosi;;;;;;;
5110572;8;16/10/2020 15:50:00;Strada Urbana;VIA CARLANTONIO GRUE;in prossimit�;;del civico n.;48;;Veicolo in marcia contro veicolo in sosta;Rettilineo;Una carreggiata a senso unico di marcia;Bagnato (pioggia);Asfaltata;Verticale;Sereno;Scarso;Buona;;0;0;0;0;12.6191;41.8722;-1;2;Autovettura privata;Sosta;;;;;;;
5110583;8;16/10/2020 17:40:00;Strada Urbana;VIA DI TORRENOVA;all'intersezione con;VIA CASILINA;VIA CASILINA;;;Scontro laterale fra veicoli in marcia;Intersezione stradale segnalata;Una carreggiata a doppio senso;Bagnato (pioggia);Asfaltata;Verticale ed orizzontale;Nuvoloso;Normale;Buona;;0;0;0;2;12.6192;41.863;-1;1;Autovettura privata;In marcia / fermata / arresto;Conducente;F;Illeso;0;;Non accertato;Inesploso
5110583;8;16/10/2020 17:40:00;Strada Urbana;VIA DI TORRENOVA;all'intersezione con;VIA CASILINA;VIA CASILINA;;;Scontro laterale fra veicoli in marcia;Intersezione stradale segnalata;Una carreggiata a doppio senso;Bagnato (pioggia);Asfaltata;Verticale ed orizzontale;Nuvoloso;Normale;Buona;;0;0;0;2;12.6192;41.863;-1;2;Autovettura privata;In marcia / fermata / arresto;Conducente;M;Illeso;0;;Non accertato;Inesploso
5110591;8;16/10/2020 18:10:00;Strada Urbana;VIA MANDANICI;all'intersezione con;VIA ROMETTA;VIA ROMETTA;;;Scontro frontale/laterale DX fra veicoli in marcia;Incrocio;Una carreggiata a doppio senso;Bagnato (umidit� in atto);Asfaltata;Orizzontale;Nuvoloso;Normale;Buona;;2;0;0;0;12.683;41.8685;-1;1;Autovettura privata;In marcia / fermata / arresto;Conducente;F;Rifiuta cure immediate;0;NON DECEDUTO;;
5110591;8;16/10/2020 18:10:00;Strada Urbana;VIA MANDANICI;all'intersezione con;VIA ROMETTA;VIA ROMETTA;;;Scontro frontale/laterale DX fra veicoli in marcia;Incrocio;Una carreggiata a doppio senso;Bagnato (umidit� in atto);Asfaltata;Orizzontale;Nuvoloso;Normale;Buona;;2;0;0;0;12.683;41.8685;-1;2;Autovettura privata;In marcia / fermata / arresto;Conducente;M;Rifiuta cure immediate;0;NON DECEDUTO;;
5110649;4;16/10/2020 10:30:00;Strada Urbana;VIA FILOTEO ALBERINI;in prossimit�;;del civico n.;61;;Veicolo in marcia contro ostacolo accidentale;Rettilineo;Una carreggiata a doppio senso;Bagnato (pioggia);Asfaltata;Verticale ed orizzontale;Pioggia in atto;Scarso;Buona;;0;0;0;1;12.5401;41.9594;-1;1;Autovettura privata;In marcia / fermata / arresto;Conducente;M;Illeso;0;;Non accertato;Inesploso
5110656;4;16/10/2020 13:30:00;Strada Urbana;VIA AGLIANA;in prossimit�;;del civico n.;26;;Veicolo in marcia contro veicolo in sosta;Rettilineo;Una carreggiata a doppio senso;Bagnato (pioggia);Asfaltata;Verticale ed orizzontale;Nuvoloso;Normale;Buona;;0;0;0;0;12.5168;41.9584;-1;2;Autovettura privata;Sosta;;;;;;;
5110662;4;16/10/2020 19:10:00;Provinciale entro l'abitato;VIA NOMENTANA;da specificare;;;;altezza rampa immissione Tangenziale dir. Oiimpica;Investimento di pedone;Rettilineo;Due carreggiate;Bagnato (umidit� in atto);Asfaltata;Verticale ed orizzontale;Nuvoloso;Normale;Sufficiente;;1;0;0;2;12.5736;41.959;-1;;;;Pedone;F;Rimandato;0;NON DECEDUTO;;
5110662;4;16/10/2020 19:10:00;Provinciale entro l'abitato;VIA NOMENTANA;da specificare;;;;altezza rampa immissione Tangenziale dir. Oiimpica;Investimento di pedone;Rettilineo;Due carreggiate;Bagnato (umidit� in atto);Asfaltata;Verticale ed orizzontale;Nuvoloso;Normale;Sufficiente;;1;0;0;2;12.5736;41.959;-1;1;Autovettura privata;In marcia / fermata / arresto;Conducente;M;Illeso;0;;Non accertato;Inesistente
5110662;4;16/10/2020 19:10:00;Provinciale entro l'abitato;VIA NOMENTANA;da specificare;;;;altezza rampa immissione Tangenziale dir. Oiimpica;Investimento di pedone;Rettilineo;Due carreggiate;Bagnato (umidit� in atto);Asfaltata;Verticale ed orizzontale;Nuvoloso;Normale;Sufficiente;;1;0;0;2;12.5736;41.959;-1;2;Motociclo a solo;In marcia / fermata / arresto;Conducente;M;Illeso;0;;Non accertato;
5110786;13;17/10/2020 11:45:00;Strada Urbana;VIA DEI PANFILI;all'intersezione con;VIA DEI TRAGHETTI;VIA DEI TRAGHETTI;;;Investimento di pedone;Incrocio;Una carreggiata a senso unico di marcia;Asciutto;Asfaltata;Verticale ed orizzontale;Sereno;Normale;Buona;;0;0;0;4;12.2772;41.7365;0;;;;Pedone;M;Illeso;0;;;