Protocollo;Gruppo;DataOraIncidente;Localizzazione1;STRADA1;Localizzazione2;STRADA2;Strada02;Chilometrica;DaSpecificare;NaturaIncidente;particolaritastrade;TipoStrada;FondoStradale;Pavimentazione;Segnaletica;CondizioneAtmosferica;Traffico;Visibilita;Illuminazione;NUM_FERITI;NUM_RISERVATA;NUM_MORTI;NUM_ILLESI;Longitudine;Latitudine;Confermato;Progressivo;TipoVeicolo;StatoVeicolo;TipoPersona;Sesso;Tipolesione;Deceduto;DecedutoDopo;CinturaCascoUtilizzato;Airbag;
5112266;15;18/10/2020 01:15:00;Strada Urbana;PIAZZA ANTONIO MEUCCI;in prossimit�;;del civico n.;18 ;;Veicolo in marcia contro ostacolo accidentale;Rettilineo;Una carreggiata a senso unico di marcia;Asciutto;Asfaltata;Assente;Sereno;Scarso;Sufficiente;;0;0;0;2;12.4641;41.8623;-1;1;Autovettura privata;In marcia / fermata / arresto;Passeggero;F;Illeso;0;;;
5112268;15;18/10/2020 00:33:00;Strada Urbana;VIA RICCARDO LOMBARDI;da specificare;;;;prossimit� via della Magliana Nuova;Fuoriuscita dalla sede stradale;Curva a visuale libera;Una carreggiata a doppio senso;Asciutto;Asfaltata;Orizzontale;Sereno;Scarso;Buona;;0;0;0;1;12.4515;41.8437;-1;1;Autovettura privata;In marcia / fermata / arresto;Conducente;M;Illeso;0;;;Esploso
5112269;15;18/10/2020 06:40:00;Autostrada;AUTOSTRADA ROMA AEROPORTO DI FIUMICINO;da specificare;;;;prossimit� cavalcavia Isacco Newton;Veicolo in marcia contro animale;Curva senza visuale libera;Due carreggiate;Asciutto;Asfaltata;Orizzontale;Sereno;Scarso;Buona;;0;0;0;1;12.3694;41.8164;-1;1;Autovettura privata;In marcia / fermata / arresto;Conducente;M;Illeso;0;;Non accertato;Inesploso
5112270;15;18/10/2020 17:30:00;Strada Urbana;VIA DI PONTE GALERIA;da specificare;;;;a 100 mt dall'inter.ne con Via Usini;Veicolo in marcia contro ostacolo accidentale;Curva senza visuale libera;Una carreggiata a doppio senso;Asciutto;Asfaltata;Assente;Sereno;Normale;Buona;;0;0;0;3;12.3417;41.8242;-1;1;Autovettura privata;In marcia / fermata / arresto;Conducente;M;Illeso;0;;Non accertato;Inesploso
5112270;15;18/10/2020 17:30:00;Strada Urbana;VIA DI PONTE GALERIA;da specificare;;;;a 100 mt dall'inter.ne con Via Usini;Veicolo in marcia contro ostacolo accidentale;Curva senza visuale libera;Una carreggiata a doppio senso;Asciutto;Asfaltata;Assente;Sereno;Normale;Buona;;0;0;0;3;12.3417;41.8242;-1;1;Autovettura privata;In marcia / fermata / arresto;Passeggero;F;Illeso;0;;Non accertato;Inesploso
5112270;15;18/10/2020 17:30:00;Strada Urbana;VIA DI PONTE GALERIA;da specificare;;;;a 100 mt dall'inter.ne con Via Usini;Veicolo in marcia contro ostacolo accidentale;Curva senza visuale libera;Una carreggiata a doppio senso;Asciutto;Asfaltata;Assente;Sereno;Normale;Buona;;0;0;0;3;12.3417;41.8242;-1;1;Autovettura privata;In marcia / fermata / arresto;Passeggero;M;Illeso;0;;Non accertato;
5112286;12;18/10/2020 20:30:00;Strada Urbana;PIAZZALE LUIGI STURZO;in corrispondenza;;del civico n.;22;;Scontro laterale fra veicoli in marcia;Rettilineo;Una carreggiata a doppio senso;Asciutto;Asfaltata;Verticale ed orizzontale;Sereno;Scarso;Buona;;0;0;0;3;12.4678;41.8346;-1;1;Autovettura privata;In marcia / fermata / arresto;Conducente;M;Illeso;0;;Non accertato;Inesploso
5112286;12;18/10/2020 20:30:00;Strada Urbana;PIAZZALE LUIGI STURZO;in corrispondenza;;del civico n.;22;;Scontro laterale fra veicoli in marcia;Rettilineo;Una carreggiata a doppio senso;Asciutto;Asfaltata;Verticale ed orizzontale;Sereno;Scarso;Buona;;0;0;0;3;12.4678;41.8346;-1;1;Autovettura privata;In marcia / fermata / arresto;Passeggero;F;Illeso;0;;Utilizzato;Inesploso
5112286;12;18/10/2020 20:30:00;Strada Urbana;PIAZZALE LUIGI STURZO;in corrispondenza;;del civico n.;22;;Scontro laterale fra veicoli in marcia;Rettilineo;Una carreggiata a doppio senso;Asciutto;Asfaltata;Verticale ed orizzontale;Sereno;Scarso;Buona;;0;0;0;3;12.4678;41.8346;-1;2;Motociclo a solo;In marcia / fermata / arresto;Conducente;M;Illeso;0;;Non accertato;
5112425;11;17/10/2020 12:15:00;Strada Urbana;VIALE LEONARDO DA VINCI;in prossimit�;;del civico n.;75;;Tamponamento;Rettilineo;Una carreggiata a senso unico di marcia;Asciutto;Asfaltata;Verticale ed orizzontale;Sereno;Normale;Buona;;0;0;0;2;12.4811;41.8591;-1;1;Autovettura privata;In marcia / fermata / arresto;Conducente;M;Illeso;0;;;
5112425;11;17/10/2020 12:15:00;Strada Urbana;VIALE LEONARDO DA VINCI;in prossimit�;;del civico n.;75;;Tamponamento;Rettilineo;Una carreggiata a senso unico di marcia;Asciutto;Asfaltata;Verticale ed orizzontale;Sereno;Normale;Buona;;0;0;0;2;12.4811;41.8591;-1;2;Autovettura privata;In marcia / fermata / arresto;Conducente;F;Illeso;0;;;
5112453;11;17/10/2020 11:00:00;Strada Urbana;VIA CRISTOFORO COLOMBO;in prossimit�;;del palo luce n.;303;;Tamponamento;Rettilineo;Pi� di due carreggiate;Asciutto;Asfaltata;Verticale ed orizzontale;Sereno;Normale;Buona;;0;0;0;3;12.48;41.8468;-1;1;Autovettura privata;In marcia / fermata / arresto;Conducente;M;Illeso;0;;;
5112453;11;17/10/2020 11:00:00;Strada Urbana;VIA CRISTOFORO COLOMBO;in prossimit�;;del palo luce n.;303;;Tamponamento;Rettilineo;Pi� di due carreggiate;Asciutto;Asfaltata;Verticale ed orizzontale;Sereno;Normale;Buona;;0;0;0;3;12.48;41.8468;-1;2;Motociclo con passeggero;In marcia / fermata / arresto;Conducente;M;Illeso;0;;;
5112453;11;17/10/2020 11:00:00;Strada Urbana;VIA CRISTOFORO COLOMBO;in prossimit�;;del palo luce n.;303;;Tamponamento;Rettilineo;Pi� di due carreggiate;Asciutto;Asfaltata;Verticale ed orizzontale;Sereno;Normale;Buona;;0;0;0;3;12.48;41.8468;-1;2;Motociclo con passeggero;In marcia / fermata / arresto;Passeggero;F;Illeso;0;;;
5112457;11;18/10/2020 00:15:00;Strada Urbana;VIALE GUGLIELMO MARCONI;all'intersezione semaforizzata con;VIA VALCO DI S. PAOLO;VIA VALCO DI S. PAOLO;;;Scontro frontale/laterale SX fra veicoli in marcia;Intersezione semaforizzata;Due carreggiate;Asciutto;Asfaltata;Verticale ed orizzontale;Sereno;Normale;Buona;;0;0;0;4;12.4733;41.8524;-1;1;Autovettura privata;In marcia / fermata / arresto;Conducente;M;Illeso;0;;;
5112457;11;18/10/2020 00:15:00;Strada Urbana;VIALE GUGLIELMO MARCONI;all'intersezione semaforizzata con;VIA VALCO DI S. PAOLO;VIA VALCO DI S. PAOLO;;;Scontro frontale/laterale SX fra veicoli in marcia;Intersezione semaforizzata;Due carreggiate;Asciutto;Asfaltata;Verticale ed orizzontale;Sereno;Normale;Buona;;0;0;0;4;12.4733;41.8524;-1;1;Autovettura privata;In marcia / fermata / arresto;Passeggero;F;Illeso;0;;;
5112457;11;18/10/2020 00:15:00;Strada Urbana;VIALE GUGLIELMO MARCONI;all'intersezione semaforizzata con;VIA VALCO DI S. PAOLO;VIA VALCO DI S. PAOLO;;;Scontro frontale/laterale SX fra veicoli in marcia;Intersezione semaforizzata;Due carreggiate;Asciutto;Asfaltata;Verticale ed orizzontale;Sereno;Normale;Buona;;0;0;0;4;12.4733;41.8524;-1;1;Autovettura privata;In marcia / fermata / arresto;Passeggero;F;Illeso;0;;;
5112457;11;18/10/2020 00:15:00;Strada Urbana;VIALE GUGLIELMO MARCONI;all'intersezione semaforizzata con;VIA VALCO DI S. PAOLO;VIA VALCO DI S. PAOLO;;;Scontro frontale/laterale SX fra veicoli in marcia;Intersezione semaforizzata;Due carreggiate;Asciutto;Asfaltata;Verticale ed orizzontale;Sereno;Normale;Buona;;0;0;0;4;12.4733;41.8524;-1;2;Autovettura privata;In marcia / fermata / arresto;Conducente;M;Illeso;0;;;
5112458;15;18/10/2020 18:40:00;Strada Urbana;VIA DEI GROTTONI;all'intersezione semaforizzata con;VIA DELLA MAGLIANA;VIA DELLA MAGLIANA;;;Investimento di pedone;Intersezione semaforizzata;Una carreggiata a senso unico di marcia;Asciutto;Asfaltata;Verticale ed orizzontale;Sereno;Normale;Buona;;1;0;0;1;12.4573;41.8564;-1;;;;Pedone;M;Rimandato;0;NON DECEDUTO;;
5112458;15;18/10/2020 18:40:00;Strada Urbana;VIA DEI GROTTONI;all'intersezione semaforizzata con;VIA DELLA MAGLIANA;VIA DELLA MAGLIANA;;;Investimento di pedone;Intersezione semaforizzata;Una carreggiata a senso unico di marcia;Asciutto;Asfaltata;Verticale ed orizzontale;Sereno;Normale;Buona;;1;0;0;1;12.4573;41.8564;-1;1;Autovettura privata;In marcia / fermata / arresto;Conducente;F;Illeso;0;;Non accertato;
5112468;19;16/10/2020 11:20:00;Strada Urbana;VIA DI TORREVECCHIA;all'intersezione con;VIA GEROLAMO MERCURIALE;VIA GEROLAMO MERCURIALE;;;Scontro laterale fra veicoli in marcia;Incrocio;Una carreggiata a doppio senso;Asciutto;Asfaltata;Assente;Nuvoloso;Normale;Buona;;0;0;0;2;12.4148;41.926;-1;1;Autovettura privata;In marcia / fermata / arresto;Conducente;M;Illeso;0;;Non accertato;Inesploso
5112468;19;16/10/2020 11:20:00;Strada Urbana;VIA DI TORREVECCHIA;all'intersezione con;VIA GEROLAMO MERCURIALE;VIA GEROLAMO MERCURIALE;;;Scontro laterale fra veicoli in marcia;Incrocio;Una carreggiata a doppio senso;Asciutto;Asfaltata;Assente;Nuvoloso;Normale;Buona;;0;0;0;2;12.4148;41.926;-1;2;Autovettura privata;In marcia / fermata / arresto;Conducente;M;Illeso;0;;Non accertato;Inesploso
5112475;20;18/10/2020 23:15:00;Strada Urbana;VIA DELLA STORTA;all'intersezione con;VIA DI BOCCEA;VIA DI BOCCEA;;;Scontro frontale/laterale SX fra veicoli in marcia;Incrocio;Una carreggiata a doppio senso;Asciutto;Asfaltata;Verticale ed orizzontale;Sereno;Scarso;Buona;;9;0;0;0;12.3533;41.928;-1;1;Autovettura privata;In marcia / fermata / arresto;Conducente;M;Rimandato;0;NON DECEDUTO;Non accertato;Inesploso
5112475;20;18/10/2020 23:15:00;Strada Urbana;VIA DELLA STORTA;all'intersezione con;VIA DI BOCCEA;VIA DI BOCCEA;;;Scontro frontale/laterale SX fra veicoli in marcia;Incrocio;Una carreggiata a doppio senso;Asciutto;Asfaltata;Verticale ed orizzontale;Sereno;Scarso;Buona;;9;0;0;0;12.3533;41.928;-1;1;Autovettura privata;In marcia / fermata / arresto;Passeggero;F;Rifiuta cure immediate;0;NON DECEDUTO;Non accertato;Inesploso
5112475;20;18/10/2020 23:15:00;Strada Urbana;VIA DELLA STORTA;all'intersezione con;VIA DI BOCCEA;VIA DI BOCCEA;;;Scontro frontale/laterale SX fra veicoli in marcia;Incrocio;Una carreggiata a doppio senso;Asciutto;Asfaltata;Verticale ed orizzontale;Sereno;Scarso;Buona;;9;0;0;0;12.3533;41.928;-1;1;Autovettura privata;In marcia / fermata / arresto;Passeggero;F;Rimandato;0;NON DECEDUTO;Non accertato;Esploso
5112475;20;18/10/2020 23:15:00;Strada Urbana;VIA DELLA STORTA;all'intersezione con;VIA DI BOCCEA;VIA DI BOCCEA;;;Scontro frontale/laterale SX fra veicoli in marcia;Incrocio;Una carreggiata a doppio senso;Asciutto;Asfaltata;Verticale ed orizzontale;Sereno;Scarso;Buona;;9;0;0;0;12.3533;41.928;-1;1;Autovettura privata;In marcia / fermata / arresto;Passeggero;F;Ricoverato;0;NON DECEDUTO;Non accertato;Inesploso
5112475;20;18/10/2020 23:15:00;Strada Urbana;VIA DELLA STORTA;all'intersezione con;VIA DI BOCCEA;VIA DI BOCCEA;;;Scontro frontale/laterale SX fra veicoli in marcia;Incrocio;Una carreggiata a doppio senso;Asciutto;Asfaltata;Verticale ed orizzontale;Sereno;Scarso;Buona;;9;0;0;0;12.3533;41.928;-1;1;Autovettura privata;In marcia / fermata / arresto;Passeggero;F;Ricoverato;0;NON DECEDUTO;Non accertato;Inesploso
5112475;20;18/10/2020 23:15:00;Strada Urbana;VIA DELLA STORTA;all'intersezione con;VIA DI BOCCEA;VIA DI BOCCEA;;;Scontro frontale/laterale SX fra veicoli in marcia;Incrocio;Una carreggiata a doppio senso;Asciutto;Asfaltata;Verticale ed orizzontale;Sereno;Scarso;Buona;;9;0;0;0;12.3533;41.928;-1;2;Autovettura privata;In marcia / fermata / arresto;Conducente;F;Rimandato;0;NON DECEDUTO;Non accertato;Esploso
5112475;20;18/10/2020 23:15:00;Strada Urbana;VIA DELLA STORTA;all'intersezione con;VIA DI BOCCEA;VIA DI BOCCEA;;;Scontro frontale/laterale SX fra veicoli in marcia;Incrocio;Una carreggiata a doppio senso;Asciutto;Asfaltata;Verticale ed orizzontale;Sereno;Scarso;Buona;;9;0;0;0;12.3533;41.928;-1;2;Autovettura privata;In marcia / fermata / arresto;Passeggero;M;Ricoverato;0;NON DECEDUTO;Non accertato;Inesploso
5112475;20;18/10/2020 23:15:00;Strada Urbana;VIA DELLA STORTA;all'intersezione con;VIA DI BOCCEA;VIA DI BOCCEA;;;Scontro frontale/laterale SX fra veicoli in marcia;Incrocio;Una carreggiata a doppio senso;Asciutto;Asfaltata;Verticale ed orizzontale;Sereno;Scarso;Buona;;9;0;0;0;12.3533;41.928;-1;2;Autovettura privata;In marcia / fermata / arresto;Passeggero;F;Ricoverato;0;NON DECEDUTO;Non accertato;Esploso
5112475;20;18/10/2020 23:15:00;Strada Urbana;VIA DELLA STORTA;all'intersezione con;VIA DI BOCCEA;VIA DI BOCCEA;;;Scontro frontale/laterale SX fra veicoli in marcia;Incrocio;Una carreggiata a doppio senso;Asciutto;Asfaltata;Verticale ed orizzontale;Sereno;Scarso;Buona;;9;0;0;0;12.3533;41.928;-1;2;Autovettura privata;In marcia / fermata / arresto;Passeggero;M;Rimandato;0;NON DECEDUTO;Non accertato;Inesploso
5112485;19;17/10/2020 11:50:00;Strada Urbana;VIA TRIONFALE;in prossimit�;;del civico n.;8207;;Tamponamento;Rettilineo;Una carreggiata a senso unico di marcia;Asciutto;Asfaltata;Verticale ed orizzontale;Sereno;Intenso;Buona;;0;0;0;2;12.4279;41.9372;-1;1;Motociclo a solo;In marcia / fermata / arresto;Conducente;M;Illeso;0;;;
5112485;19;17/10/2020 11:50:00;Strada Urbana;VIA TRIONFALE;in prossimit�;;del civico n.;8207;;Tamponamento;Rettilineo;Una carreggiata a senso unico di marcia;Asciutto;Asfaltata;Verticale ed orizzontale;Sereno;Intenso;Buona;;0;0;0;2;12.4279;41.9372;-1;2;Autovettura privata;In marcia / fermata / arresto;Conducente;M;Illeso;0;;;
5112491;12;16/10/2020 20:15:00;Strada Urbana;LARGO MUSTAFA KEMAL ATATURK;all'intersezione con;VIALE DELLA TECNICA;VIALE DELLA TECNICA;;;Scontro frontale/laterale DX fra veicoli in marcia;Incrocio;Una carreggiata a doppio senso;Bagnato (umidit� in atto);Asfaltata;Verticale ed orizzontale;Nuvoloso;Scarso;Sufficiente;;0;0;0;3;12.4604;41.8295;-1;1;Autovettura privata;In marcia / fermata / arresto;Conducente;F;Illeso;0;;;
5112491;12;16/10/2020 20:15:00;Strada Urbana;LARGO MUSTAFA KEMAL ATATURK;all'intersezione con;VIALE DELLA TECNICA;VIALE DELLA TECNICA;;;Scontro frontale/laterale DX fra veicoli in marcia;Incrocio;Una carreggiata a doppio senso;Bagnato (umidit� in atto);Asfaltata;Verticale ed orizzontale;Nuvoloso;Scarso;Sufficiente;;0;0;0;3;12.4604;41.8295;-1;1;Autovettura privata;In marcia / fermata / arresto;Passeggero;F;Illeso;0;;;
5112491;12;16/10/2020 20:15:00;Strada Urbana;LARGO MUSTAFA KEMAL ATATURK;all'intersezione con;VIALE DELLA TECNICA;VIALE DELLA TECNICA;;;Scontro frontale/laterale DX fra veicoli in marcia;Incrocio;Una carreggiata a doppio senso;Bagnato (umidit� in atto);Asfaltata;Verticale ed orizzontale;Nuvoloso;Scarso;Sufficiente;;0;0;0;3;12.4604;41.8295;-1;2;Autovettura privata;In marcia / fermata / arresto;Conducente;M;Illeso;0;;;
5112493;8;17/10/2020 18:30:00;Strada Urbana;VIA ACQUARONI;in corrispondenza;;del palo luce n.;16;;Scontro laterale fra veicoli in marcia;Rettilineo;Una carreggiata a doppio senso;Bagnato (umidit� in atto);Asfaltata;Orizzontale;Nuvoloso;Scarso;Buona;;1;0;0;1;12.6446;41.8655;-1;1;Velocipede;In marcia / fermata / arresto;Conducente;M;Rimandato;0;NON DECEDUTO;Esente;
5112493;8;17/10/2020 18:30:00;Strada Urbana;VIA ACQUARONI;in corrispondenza;;del palo luce n.;16;;Scontro laterale fra veicoli in marcia;Rettilineo;Una carreggiata a doppio senso;Bagnato (umidit� in atto);Asfaltata;Orizzontale;Nuvoloso;Scarso;Buona;;1;0;0;1;12.6446;41.8655;-1;2;Autovettura privata;In marcia / fermata / arresto;Conducente;M;Illeso;0;;Non accertato;Inesploso
5112494;18;18/10/2020 16:50:00;Strada Urbana;VIA ALESSANDRO GUIDICCIONI;all'intersezione con;VIA GIOVANNI BATTISTA RUINO;VIA GIOVANNI BATTISTA RUINO;;;Scontro frontale/laterale SX fra veicoli in marcia;Incrocio;Una carreggiata a senso unico di marcia;Asciutto;Asfaltata;Verticale ed orizzontale;Sereno;Scarso;Buona;;0;0;0;2;12.3927;41.9026;-1;1;Autovettura privata;In marcia / fermata / arresto;Conducente;M;Illeso;0;;;
5112494;18;18/10/2020 16:50:00;Strada Urbana;VIA ALESSANDRO GUIDICCIONI;all'intersezione con;VIA GIOVANNI BATTISTA RUINO;VIA GIOVANNI BATTISTA RUINO;;;Scontro frontale/laterale SX fra veicoli in marcia;Incrocio;Una carreggiata a senso unico di marcia;Asciutto;Asfaltata;Verticale ed orizzontale;Sereno;Scarso;Buona;;0;0;0;2;12.3927;41.9026;-1;2;Autovettura privata;In marcia / fermata / arresto;Conducente;F;Illeso;0;;;
5112494;18;18/10/2020 16:50:00;Strada Urbana;VIA ALESSANDRO GUIDICCIONI;all'intersezione con;VIA GIOVANNI BATTISTA RUINO;VIA GIOVANNI BATTISTA RUINO;;;Scontro frontale/laterale SX fra veicoli in marcia;Incrocio;Una carreggiata a senso unico di marcia;Asciutto;Asfaltata;Verticale ed orizzontale;Sereno;Scarso;Buona;;0;0;0;2;12.3927;41.9026;-1;3;Autovettura privata;Sosta;;;;;;;
5112496;4;18/10/2020 08:30:00;Strada Urbana;VIA CAPO MISENO;da specificare;;;;in prossimit� di via Sacco Pastore;Veicolo in marcia contro veicolo in sosta;Rettilineo;Una carreggiata a senso unico di marcia;Asciutto;Asfaltata;Verticale ed orizzontale;Sereno;Scarso;Buona;;0;0;0;1;12.5269;41.9318;-1;1;Autovettura privata;Sosta;;;;;;;
5112496;4;18/10/2020 08:30:00;Strada Urbana;VIA CAPO MISENO;da specificare;;;;in prossimit� di via Sacco Pastore;Veicolo in marcia contro veicolo in sosta;Rettilineo;Una carreggiata a senso unico di marcia;Asciutto;Asfaltata;Verticale ed orizzontale;Sereno;Scarso;Buona;;0;0;0;1;12.5269;41.9318;-1;2;Autovettura privata;In marcia / fermata / arresto;Conducente;M;Illeso;0;;;
5112498;8;17/10/2020 04:30:00;Statale entro l'abitato;VIA CASILINA;in prossimit�;;del civico n.;1799/E;;Veicolo in marcia contro ostacolo accidentale;Rettilineo;Una carreggiata a doppio senso;Bagnato (pioggia);Asfaltata;Verticale ed orizzontale;Pioggia in atto;Scarso;Sufficiente;;0;0;0;1;12.6779;41.8633;-1;1;Autovettura privata;In marcia / fermata / arresto;Conducente;M;Illeso;0;;Non accertato;Inesploso
5112499;8;18/10/2020 12:10:00;Strada Urbana;VIA DEL PONTE DI NONA;in corrispondenza;;del palo luce n.;59;;Veicolo in marcia contro ostacolo accidentale;Rettilineo;Una carreggiata a doppio senso;Asciutto;Asfaltata;Orizzontale;Sereno;Scarso;Buona;;0;0;0;2;12.6612;41.8994;-1;1;Autovettura privata;In marcia / fermata / arresto;Conducente;M;Illeso;0;;Non accertato;Inesploso
5112499;8;18/10/2020 12:10:00;Strada Urbana;VIA DEL PONTE DI NONA;in corrispondenza;;del palo luce n.;59;;Veicolo in marcia contro ostacolo accidentale;Rettilineo;Una carreggiata a doppio senso;Asciutto;Asfaltata;Orizzontale;Sereno;Scarso;Buona;;0;0;0;2;12.6612;41.8994;-1;1;Autovettura privata;In marcia / fermata / arresto;Passeggero;M;Illeso;0;;Non accertato;Inesploso
5112500;8;17/10/2020 21:00:00;Strada Urbana;VIALE S. RITA DA CASCIA;in prossimit�;;del palo luce n.;10;;Scontro laterale fra veicoli in marcia;Rettilineo;Una carreggiata a doppio senso;Asciutto;Asfaltata;Assente;Nuvoloso;Scarso;Sufficiente;;1;0;0;1;12.6446;41.869;-1;1;Autovettura privata;In marcia / fermata / arresto;Conducente;M;Illeso;0;;;
5112500;8;17/10/2020 21:00:00;Strada Urbana;VIALE S. RITA DA CASCIA;in prossimit�;;del palo luce n.;10;;Scontro laterale fra veicoli in marcia;Rettilineo;Una carreggiata a doppio senso;Asciutto;Asfaltata;Assente;Nuvoloso;Scarso;Sufficiente;;1;0;0;1;12.6446;41.869;-1;2;Motociclo a solo;In marcia / fermata / arresto;Conducente;M;Rimandato;0;NON DECEDUTO;;
5112502;8;18/10/2020 13:30:00;Strada Urbana;VIA DEL CASALE DI S. MARIA;in prossimit�;;del civico n.;53;;Veicolo in marcia contro ostacolo accidentale;Rettilineo;Una carreggiata a doppio senso;Asciutto;Con buche;Verticale ed orizzontale;Sereno;Scarso;Buona;;0;0;0;2;12.7073;41.8633;-1;1;Autovettura privata;In marcia / fermata / arresto;Conducente;M;Illeso;0;;Non accertato;Inesploso
5112502;8;18/10/2020 13:30:00;Strada Urbana;VIA DEL CASALE DI S. MARIA;in prossimit�;;del civico n.;53;;Veicolo in marcia contro ostacolo accidentale;Rettilineo;Una carreggiata a doppio senso;Asciutto;Con buche;Verticale ed orizzontale;Sereno;Scarso;Buona;;0;0;0;2;12.7073;41.8633;-1;1;Autovettura privata;In marcia / fermata / arresto;Passeggero;F;Illeso;0;;Non accertato;Inesploso
5112503;11;18/10/2020 01:00:00;Strada Urbana;VIA ARTURO MERCANTI;all'intersezione con;VIALE GAETANO ARTURO CROCCO;VIALE GAETANO ARTURO CROCCO;;;Scontro frontale/laterale DX fra veicoli in marcia;Incrocio;Due carreggiate;Asciutto;Asfaltata;Verticale ed orizzontale;Sereno;;Buona;;0;0;0;6;12.396;41.8226;-1;1;Autovettura privata;In marcia / fermata / arresto;Conducente;M;Illeso;0;;;
5112503;11;18/10/2020 01:00:00;Strada Urbana;VIA ARTURO MERCANTI;all'intersezione con;VIALE GAETANO ARTURO CROCCO;VIALE GAETANO ARTURO CROCCO;;;Scontro frontale/laterale DX fra veicoli in marcia;Incrocio;Due carreggiate;Asciutto;Asfaltata;Verticale ed orizzontale;Sereno;;Buona;;0;0;0;6;12.396;41.8226;-1;2;Autovettura privata;In marcia / fermata / arresto;Conducente;F;Illeso;0;;;
5112503;11;18/10/2020 01:00:00;Strada Urbana;VIA ARTURO MERCANTI;all'intersezione con;VIALE GAETANO ARTURO CROCCO;VIALE GAETANO ARTURO CROCCO;;;Scontro frontale/laterale DX fra veicoli in marcia;Incrocio;Due carreggiate;Asciutto;Asfaltata;Verticale ed orizzontale;Sereno;;Buona;;0;0;0;6;12.396;41.8226;-1;2;Autovettura privata;In marcia / fermata / arresto;Passeggero;F;Illeso;0;;;
5112503;11;18/10/2020 01:00:00;Strada Urbana;VIA ARTURO MERCANTI;all'intersezione con;VIALE GAETANO ARTURO CROCCO;VIALE GAETANO ARTURO CROCCO;;;Scontro frontale/laterale DX fra veicoli in marcia;Incrocio;Due carreggiate;Asciutto;Asfaltata;Verticale ed orizzontale;Sereno;;Buona;;0;0;0;6;12.396;41.8226;-1;2;Autovettura privata;In marcia / fermata / arresto;Passeggero;M;Illeso;0;;;
5112507;8;17/10/2020 05:35:00;Strada Urbana;VIA PRENESTINA;da specificare;;;;in prossimit� di via TEGGIANO;Veicolo in marcia contro ostacolo accidentale;Rettilineo;Una carreggiata a doppio senso;Bagnato (pioggia);Asfaltata;Verticale ed orizzontale;Pioggia in atto;Normale;Insufficiente;;0;0;0;1;12.6259;41.8927;-1;1;Autovettura privata;In marcia / fermata / arresto;Conducente;M;Illeso;0;;Non accertato;Inesploso
5112510;8;17/10/2020 23:15:00;Strada Urbana;VIALE S. RITA DA CASCIA;da specificare;;;;altezza fermata del pubblico trasporto "CIGOLA";Veicolo in marcia contro ostacolo accidentale;Rettilineo;Una carreggiata a doppio senso;Bagnato (umidit� in atto);Asfaltata;Assente;Sereno;Scarso;Sufficiente;;0;0;0;2;12.6446;41.869;-1;1;Autovettura privata;In marcia / fermata / arresto;Conducente;M;Illeso;0;;;
5112510;8;17/10/2020 23:15:00;Strada Urbana;VIALE S. RITA DA CASCIA;da specificare;;;;altezza fermata del pubblico trasporto "CIGOLA";Veicolo in marcia contro ostacolo accidentale;Rettilineo;Una carreggiata a doppio senso;Bagnato (umidit� in atto);Asfaltata;Assente;Sereno;Scarso;Sufficiente;;0;0;0;2;12.6446;41.869;-1;1;Autovettura privata;In marcia / fermata / arresto;Passeggero;F;Illeso;0;;;
5112512;8;18/10/2020 13:30:00;Strada Urbana;VIA GIUSEPPE TORALDO;in prossimit�;;del civico n.;43;;Veicolo in marcia contro veicoli in sosta;Rettilineo;Una carreggiata a senso unico di marcia;Asciutto;Asfaltata;Verticale;Sereno;;Buona;;0;0;0;1;12.6216;41.8646;-1;1;Autovettura privata;In marcia / fermata / arresto;Conducente;M;Illeso;0;;Non accertato;Inesploso
5112512;8;18/10/2020 13:30:00;Strada Urbana;VIA GIUSEPPE TORALDO;in prossimit�;;del civico n.;43;;Veicolo in marcia contro veicoli in sosta;Rettilineo;Una carreggiata a senso unico di marcia;Asciutto;Asfaltata;Verticale;Sereno;;Buona;;0;0;0;1;12.6216;41.8646;-1;2;Autovettura privata;Sosta;;;;;;;
5112512;8;18/10/2020 13:30:00;Strada Urbana;VIA GIUSEPPE TORALDO;in prossimit�;;del civico n.;43;;Veicolo in marcia contro veicoli in sosta;Rettilineo;Una carreggiata a senso unico di marcia;Asciutto;Asfaltata;Verticale;Sereno;;Buona;;0;0;0;1;12.6216;41.8646;-1;3;Autovettura privata;Sosta;;;;;;;
5112512;8;18/10/2020 13:30:00;Strada Urbana;VIA GIUSEPPE TORALDO;in prossimit�;;del civico n.;43;;Veicolo in marcia contro veicoli in sosta;Rettilineo;Una carreggiata a senso unico di marcia;Asciutto;Asfaltata;Verticale;Sereno;;Buona;;0;0;0;1;12.6216;41.8646;-1;4;Autovettura privata;Sosta;;;;;;;
5112514;8;17/10/2020 12:15:00;Strada Urbana;VIA BENEDETTO TORTI;all'intersezione con;VIA ANGELO MARABINI;VIA ANGELO MARABINI;;;Scontro frontale/laterale SX fra veicoli in marcia;Incrocio;Una carreggiata a senso unico di marcia;Asciutto;Asfaltata;Verticale;Nuvoloso;Normale;Buona;;1;0;0;1;12.6493;41.8643;-1;1;Autovettura privata;In marcia / fermata / arresto;Conducente;M;Illeso;0;;Non accertato;Inesploso