Protocollo;Gruppo;DataOraIncidente;Localizzazione1;STRADA1;Localizzazione2;STRADA2;Strada02;Chilometrica;DaSpecificare;NaturaIncidente;particolaritastrade;TipoStrada;FondoStradale;Pavimentazione;Segnaletica;CondizioneAtmosferica;Traffico;Visibilita;Illuminazione;NUM_FERITI;NUM_RISERVATA;NUM_MORTI;NUM_ILLESI;Longitudine;Latitudine;Confermato;Progressivo;TipoVeicolo;StatoVeicolo;TipoPersona;Sesso;Tipolesione;Deceduto;DecedutoDopo;CinturaCascoUtilizzato;Airbag;
5123201;7;24/10/2020 13:25:00;Strada Urbana;VIA CASILINA;in corrispondenza;;del civico n.;1002;;Tamponamento Multiplo;Rettilineo;Una carreggiata a doppio senso;Bagnato (pioggia);Asfaltata;Verticale ed orizzontale;Pioggia in atto;Normale;Buona;;0;0;0;3;12.5817;41.8701;-1;3;Autovettura privata;In marcia / fermata / arresto;Conducente;F;Illeso;0;;Non accertato;Inesploso
5123208;12;24/10/2020 09:30:00;Provinciale entro l'abitato;VIA LAURENTINA;in corrispondenza;;della chilometrica;9999.999;;Veicolo in marcia contro ostacolo accidentale;Rettilineo;Due carreggiate;Bagnato (pioggia);Con buche;Verticale ed orizzontale;Pioggia in atto;Normale;Buona;;0;0;0;1;12.4814;41.7817;-1;1;Autovettura privata;In marcia / fermata / arresto;Conducente;F;Illeso;0;;Non accertato;Inesploso
5123215;19;23/10/2020 19:00:00;Strada Urbana;VIA DI TORREVECCHIA;in corrispondenza;;del civico n.;190;;Tamponamento;Rettilineo;Una carreggiata a doppio senso;Asciutto;Asfaltata;Verticale ed orizzontale;Sereno;Normale;Buona;;1;0;0;1;12.4187;41.9305;-1;1;Autovettura privata;In marcia / fermata / arresto;Conducente;M;Illeso;0;;;
5123215;19;23/10/2020 19:00:00;Strada Urbana;VIA DI TORREVECCHIA;in corrispondenza;;del civico n.;190;;Tamponamento;Rettilineo;Una carreggiata a doppio senso;Asciutto;Asfaltata;Verticale ed orizzontale;Sereno;Normale;Buona;;1;0;0;1;12.4187;41.9305;-1;2;Autovettura privata;In marcia / fermata / arresto;Conducente;F;Rimandato;0;NON DECEDUTO;;
5123223;11;25/10/2020 17:15:00;Strada Urbana;CIRCONVALLAZIONE OSTIENSE;all'intersezione con;VIA PADRE REGINALDO GIULIANI;VIA PADRE REGINALDO GIULIANI;;;Scontro laterale fra veicoli in marcia;Intersezione semaforizzata;Due carreggiate;Asciutto;Asfaltata;Verticale ed orizzontale;Nuvoloso;Scarso;Buona;;0;0;0;3;12.4932;41.867;-1;1;Autovettura privata;In marcia / fermata / arresto;Conducente;M;Illeso;0;;Non accertato;Inesploso
5123223;11;25/10/2020 17:15:00;Strada Urbana;CIRCONVALLAZIONE OSTIENSE;all'intersezione con;VIA PADRE REGINALDO GIULIANI;VIA PADRE REGINALDO GIULIANI;;;Scontro laterale fra veicoli in marcia;Intersezione semaforizzata;Due carreggiate;Asciutto;Asfaltata;Verticale ed orizzontale;Nuvoloso;Scarso;Buona;;0;0;0;3;12.4932;41.867;-1;1;Autovettura privata;In marcia / fermata / arresto;Passeggero;F;Illeso;0;;;
5123223;11;25/10/2020 17:15:00;Strada Urbana;CIRCONVALLAZIONE OSTIENSE;all'intersezione con;VIA PADRE REGINALDO GIULIANI;VIA PADRE REGINALDO GIULIANI;;;Scontro laterale fra veicoli in marcia;Intersezione semaforizzata;Due carreggiate;Asciutto;Asfaltata;Verticale ed orizzontale;Nuvoloso;Scarso;Buona;;0;0;0;3;12.4932;41.867;-1;2;Autovettura privata;In marcia / fermata / arresto;Conducente;M;Illeso;0;;Non accertato;
5123226;5;24/10/2020 23:55:00;Strada Urbana;VIA TOCCO DA CASAURIA;in corrispondenza;;del civico n.;90;;Investimento di pedone;Rettilineo;Una carreggiata a doppio senso;Asciutto;Asfaltata;Assente;Sereno;Scarso;Sufficiente;;2;0;0;1;12.6535;41.9325;-1;;;;Pedone;F;Rimandato;0;NON DECEDUTO;;
5123226;5;24/10/2020 23:55:00;Strada Urbana;VIA TOCCO DA CASAURIA;in corrispondenza;;del civico n.;90;;Investimento di pedone;Rettilineo;Una carreggiata a doppio senso;Asciutto;Asfaltata;Assente;Sereno;Scarso;Sufficiente;;2;0;0;1;12.6535;41.9325;-1;1;Autovettura privata;In marcia / fermata / arresto;Conducente;M;Illeso;0;;;
5123226;5;24/10/2020 23:55:00;Strada Urbana;VIA TOCCO DA CASAURIA;in corrispondenza;;del civico n.;90;;Investimento di pedone;Rettilineo;Una carreggiata a doppio senso;Asciutto;Asfaltata;Assente;Sereno;Scarso;Sufficiente;;2;0;0;1;12.6535;41.9325;-1;2;Autovettura privata;Sosta;;;;;;;
5123229;2;24/10/2020 19:15:00;Strada Urbana;VIA FLAMINIA;all'intersezione con;VIALE DELLE BELLE ARTI;VIALE DELLE BELLE ARTI;;;Scontro frontale/laterale SX fra veicoli in marcia;Intersezione semaforizzata;Una carreggiata a doppio senso;Bagnato (pioggia);Asfaltata;Verticale ed orizzontale;Nuvoloso;Normale;Buona;;0;0;0;2;12.4718;41.9419;-1;1;Autovettura privata;In marcia / fermata / arresto;Conducente;M;Illeso;0;;;
5123229;2;24/10/2020 19:15:00;Strada Urbana;VIA FLAMINIA;all'intersezione con;VIALE DELLE BELLE ARTI;VIALE DELLE BELLE ARTI;;;Scontro frontale/laterale SX fra veicoli in marcia;Intersezione semaforizzata;Una carreggiata a doppio senso;Bagnato (pioggia);Asfaltata;Verticale ed orizzontale;Nuvoloso;Normale;Buona;;0;0;0;2;12.4718;41.9419;-1;2;Vettura tranviaria;In marcia / fermata / arresto;Conducente;M;Illeso;0;;Esente;
5123230;4;23/10/2020 09:30:00;Provinciale entro l'abitato;VIA NOMENTANA;in corrispondenza;;del civico n.;1055;;Tamponamento Multiplo;Rettilineo;Una carreggiata a doppio senso;Asciutto;Asfaltata;Verticale ed orizzontale;Nuvoloso;Normale;Buona;;1;0;0;2;12.5702;41.9505;-1;1;Autovettura privata;In marcia / fermata / arresto;Conducente;M;Illeso;0;;Non accertato;Inesploso
5123230;4;23/10/2020 09:30:00;Provinciale entro l'abitato;VIA NOMENTANA;in corrispondenza;;del civico n.;1055;;Tamponamento Multiplo;Rettilineo;Una carreggiata a doppio senso;Asciutto;Asfaltata;Verticale ed orizzontale;Nuvoloso;Normale;Buona;;1;0;0;2;12.5702;41.9505;-1;2;Autovettura privata;In marcia / fermata / arresto;Conducente;M;Rifiuta cure immediate;0;NON DECEDUTO;Non accertato;
5123230;4;23/10/2020 09:30:00;Provinciale entro l'abitato;VIA NOMENTANA;in corrispondenza;;del civico n.;1055;;Tamponamento Multiplo;Rettilineo;Una carreggiata a doppio senso;Asciutto;Asfaltata;Verticale ed orizzontale;Nuvoloso;Normale;Buona;;1;0;0;2;12.5702;41.9505;-1;3;Autovettura privata;In marcia / fermata / arresto;Conducente;M;Illeso;0;;Non accertato;Inesploso
5123231;2;24/10/2020 13:05:00;Strada Urbana;VIA PO;all'intersezione semaforizzata con;VIA TEVERE;VIA TEVERE;;;Ribaltamento senza urto contro ostacolo fisso;Intersezione semaforizzata;Una carreggiata a doppio senso;Bagnato (pioggia);Asfaltata;Verticale ed orizzontale;Nuvoloso;Scarso;Buona;;1;0;0;0;12.4959;41.9151;-1;1;Motociclo a solo;In marcia / fermata / arresto;Conducente;F;Rimandato;0;NON DECEDUTO;Non accertato;
5123235;2;24/10/2020 11:50:00;Strada Urbana;LUNGOTEVERE FLAMINIO;in corrispondenza;;del civico n.;fr. 64a;;Tamponamento;Rettilineo;Una carreggiata a doppio senso;Bagnato (umidit� in atto);Asfaltata;Verticale ed orizzontale;Nuvoloso;Normale;Buona;;1;0;0;1;12.4618;41.9258;-1;1;Autovettura privata;In marcia / fermata / arresto;Conducente;M;Illeso;0;;;
5123235;2;24/10/2020 11:50:00;Strada Urbana;LUNGOTEVERE FLAMINIO;in corrispondenza;;del civico n.;fr. 64a;;Tamponamento;Rettilineo;Una carreggiata a doppio senso;Bagnato (umidit� in atto);Asfaltata;Verticale ed orizzontale;Nuvoloso;Normale;Buona;;1;0;0;1;12.4618;41.9258;-1;2;Motociclo a solo;In marcia / fermata / arresto;Conducente;M;Rimandato;0;NON DECEDUTO;;
5123238;4;23/10/2020 16:50:00;Strada Urbana;VIA DEI PRATI FISCALI;in corrispondenza;;del civico n.;258;;Scontro frontale/laterale SX fra veicoli in marcia;Rettilineo;Due carreggiate;Asciutto;Asfaltata;Verticale ed orizzontale;Sereno;Normale;Buona;;1;0;0;1;12.5183;41.9467;-1;1;Motociclo a solo;In marcia / fermata / arresto;Conducente;M;Rifiuta cure immediate;0;NON DECEDUTO;Non accertato;
5123238;4;23/10/2020 16:50:00;Strada Urbana;VIA DEI PRATI FISCALI;in corrispondenza;;del civico n.;258;;Scontro frontale/laterale SX fra veicoli in marcia;Rettilineo;Due carreggiate;Asciutto;Asfaltata;Verticale ed orizzontale;Sereno;Normale;Buona;;1;0;0;1;12.5183;41.9467;-1;2;Autovettura privata;In marcia / fermata / arresto;Conducente;M;Illeso;0;;Non accertato;
5123239;2;24/10/2020 10:20:00;Strada Urbana;VIALE DEL MURO TORTO;in prossimit�;;del palo luce n.;17;;Veicolo in marcia contro ostacolo fisso;Curva senza visuale libera;Due carreggiate;Bagnato (pioggia);Asfaltata;Verticale ed orizzontale;Pioggia in atto;Normale;Buona;;0;0;0;1;12.4817;41.9107;-1;1;Autovettura privata;In marcia / fermata / arresto;Conducente;M;Illeso;0;;;
5123240;4;23/10/2020 21:50:00;Strada Urbana;VIA SALARIA;all'intersezione con;PIAZZA DI PRISCILLA;PIAZZA DI PRISCILLA;;;Tamponamento;Intersezione semaforizzata;Due carreggiate;Asciutto;Asfaltata;Verticale ed orizzontale;Sereno;Scarso;Buona;;0;0;0;2;12.5115;41.9873;-1;1;Autovettura privata;In marcia / fermata / arresto;Conducente;M;Illeso;0;;Non accertato;Inesploso
5123240;4;23/10/2020 21:50:00;Strada Urbana;VIA SALARIA;all'intersezione con;PIAZZA DI PRISCILLA;PIAZZA DI PRISCILLA;;;Tamponamento;Intersezione semaforizzata;Due carreggiate;Asciutto;Asfaltata;Verticale ed orizzontale;Sereno;Scarso;Buona;;0;0;0;2;12.5115;41.9873;-1;2;Autovettura privata;In marcia / fermata / arresto;Conducente;M;Illeso;0;;Non accertato;Inesploso
5123241;7;24/10/2020 17:40:00;Strada Urbana;VIA FRANCESCO VITALINI;in corrispondenza;;del civico n.;71;;Tamponamento;Rettilineo;Una carreggiata a senso unico di marcia;Bagnato (umidit� in atto);Asfaltata;Verticale ed orizzontale;Nuvoloso;Normale;Buona;;0;0;0;4;12.6091;41.908;-1;1;Autovettura privata;In marcia / fermata / arresto;Conducente;M;Illeso;0;;Non accertato;Inesploso
5123241;7;24/10/2020 17:40:00;Strada Urbana;VIA FRANCESCO VITALINI;in corrispondenza;;del civico n.;71;;Tamponamento;Rettilineo;Una carreggiata a senso unico di marcia;Bagnato (umidit� in atto);Asfaltata;Verticale ed orizzontale;Nuvoloso;Normale;Buona;;0;0;0;4;12.6091;41.908;-1;1;Autovettura privata;In marcia / fermata / arresto;Passeggero;F;Illeso;0;;Non accertato;Inesploso
5123241;7;24/10/2020 17:40:00;Strada Urbana;VIA FRANCESCO VITALINI;in corrispondenza;;del civico n.;71;;Tamponamento;Rettilineo;Una carreggiata a senso unico di marcia;Bagnato (umidit� in atto);Asfaltata;Verticale ed orizzontale;Nuvoloso;Normale;Buona;;0;0;0;4;12.6091;41.908;-1;1;Autovettura privata;In marcia / fermata / arresto;Passeggero;F;Illeso;0;;Non accertato;Inesploso
5123241;7;24/10/2020 17:40:00;Strada Urbana;VIA FRANCESCO VITALINI;in corrispondenza;;del civico n.;71;;Tamponamento;Rettilineo;Una carreggiata a senso unico di marcia;Bagnato (umidit� in atto);Asfaltata;Verticale ed orizzontale;Nuvoloso;Normale;Buona;;0;0;0;4;12.6091;41.908;-1;2;Autovettura privata;In marcia / fermata / arresto;Conducente;F;Illeso;0;;Non accertato;Inesploso
5123245;2;24/10/2020 13:15:00;Strada Urbana;CORSO D'ITALIA;all'intersezione semaforizzata con;VIA AUGUSTO VALENZIANI;VIA AUGUSTO VALENZIANI;;;Scontro frontale/laterale SX fra veicoli in marcia;Intersezione semaforizzata;Una carreggiata a doppio senso;Bagnato (pioggia);Asfaltata;Verticale ed orizzontale;Pioggia in atto;Normale;Buona;;1;0;0;1;12.473;41.9135;-1;1;Autovettura privata;In marcia / fermata / arresto;Conducente;F;Illeso;0;;Non accertato;Inesploso
5123245;2;24/10/2020 13:15:00;Strada Urbana;CORSO D'ITALIA;all'intersezione semaforizzata con;VIA AUGUSTO VALENZIANI;VIA AUGUSTO VALENZIANI;;;Scontro frontale/laterale SX fra veicoli in marcia;Intersezione semaforizzata;Una carreggiata a doppio senso;Bagnato (pioggia);Asfaltata;Verticale ed orizzontale;Pioggia in atto;Normale;Buona;;1;0;0;1;12.473;41.9135;-1;2;Autovettura privata;In marcia / fermata / arresto;Conducente;M;Rifiuta cure immediate;0;NON DECEDUTO;Non accertato;Inesploso
5123249;2;24/10/2020 18:30:00;Strada Urbana;VIA GRADISCA;in prossimit�;;del civico n.;29;;Scontro laterale fra veicoli in marcia;Rettilineo;Una carreggiata a senso unico di marcia;Asciutto;Asfaltata;Verticale ed orizzontale;Nuvoloso;Scarso;Buona;;0;0;0;3;12.5139;41.9206;-1;1;Autovettura privata;In marcia / fermata / arresto;Conducente;F;Illeso;0;;;
5123249;2;24/10/2020 18:30:00;Strada Urbana;VIA GRADISCA;in prossimit�;;del civico n.;29;;Scontro laterale fra veicoli in marcia;Rettilineo;Una carreggiata a senso unico di marcia;Asciutto;Asfaltata;Verticale ed orizzontale;Nuvoloso;Scarso;Buona;;0;0;0;3;12.5139;41.9206;-1;1;Autovettura privata;In marcia / fermata / arresto;Passeggero;M;Illeso;0;;;
5123249;2;24/10/2020 18:30:00;Strada Urbana;VIA GRADISCA;in prossimit�;;del civico n.;29;;Scontro laterale fra veicoli in marcia;Rettilineo;Una carreggiata a senso unico di marcia;Asciutto;Asfaltata;Verticale ed orizzontale;Nuvoloso;Scarso;Buona;;0;0;0;3;12.5139;41.9206;-1;1;Autovettura privata;In marcia / fermata / arresto;Passeggero;F;Illeso;0;;;
5123251;19;24/10/2020 06:00:00;Strada Urbana;VIA PASQUALE II;in prossimit�;;del civico n.;383;;Scontro frontale/laterale SX fra veicoli in marcia;Curva senza visuale libera;Una carreggiata a doppio senso;Bagnato (pioggia);Asfaltata;Orizzontale;Pioggia in atto;Scarso;Buona;;0;0;0;3;12.4091;41.9066;-1;1;Autovettura privata;In marcia / fermata / arresto;Conducente;M;Illeso;0;;;
5123251;19;24/10/2020 06:00:00;Strada Urbana;VIA PASQUALE II;in prossimit�;;del civico n.;383;;Scontro frontale/laterale SX fra veicoli in marcia;Curva senza visuale libera;Una carreggiata a doppio senso;Bagnato (pioggia);Asfaltata;Orizzontale;Pioggia in atto;Scarso;Buona;;0;0;0;3;12.4091;41.9066;-1;2;Autocarro inferiore 35 q.;In marcia / fermata / arresto;Conducente;M;Illeso;0;;;
5123251;19;24/10/2020 06:00:00;Strada Urbana;VIA PASQUALE II;in prossimit�;;del civico n.;383;;Scontro frontale/laterale SX fra veicoli in marcia;Curva senza visuale libera;Una carreggiata a doppio senso;Bagnato (pioggia);Asfaltata;Orizzontale;Pioggia in atto;Scarso;Buona;;0;0;0;3;12.4091;41.9066;-1;2;Autocarro inferiore 35 q.;In marcia / fermata / arresto;Passeggero;M;Illeso;0;;;
5123253;4;24/10/2020 12:00:00;Strada Urbana;VIA DELLE VIGNE NUOVE;in corrispondenza;;del civico n.;70;;Veicolo in marcia contro veicolo fermo;Rettilineo;Una carreggiata a doppio senso;Bagnato (pioggia);Asfaltata;Verticale ed orizzontale;Nuvoloso;Normale;Buona;;0;0;0;2;12.5373;41.9475;-1;1;Autovettura privata;In marcia / fermata / arresto;Conducente;M;Illeso;0;;;
5123253;4;24/10/2020 12:00:00;Strada Urbana;VIA DELLE VIGNE NUOVE;in corrispondenza;;del civico n.;70;;Veicolo in marcia contro veicolo fermo;Rettilineo;Una carreggiata a doppio senso;Bagnato (pioggia);Asfaltata;Verticale ed orizzontale;Nuvoloso;Normale;Buona;;0;0;0;2;12.5373;41.9475;-1;2;Autovettura privata;In marcia / fermata / arresto;Conducente;F;Illeso;0;;;
5123254;5;25/10/2020 11:30:00;Strada Urbana;VIA TIBURTINA;da specificare;;;;prox.civ.1 di via di Ponte Mammolo;Scontro laterale fra veicoli in marcia;Rettilineo;Una carreggiata a senso unico di marcia;Asciutto;Asfaltata;Verticale ed orizzontale;Sereno;Normale;Buona;;0;0;0;2;12.5708;41.9243;-1;1;Autovettura privata;In marcia / fermata / arresto;Conducente;M;Illeso;0;;Non accertato;Inesploso
5123254;5;25/10/2020 11:30:00;Strada Urbana;VIA TIBURTINA;da specificare;;;;prox.civ.1 di via di Ponte Mammolo;Scontro laterale fra veicoli in marcia;Rettilineo;Una carreggiata a senso unico di marcia;Asciutto;Asfaltata;Verticale ed orizzontale;Sereno;Normale;Buona;;0;0;0;2;12.5708;41.9243;-1;2;Autovettura privata;In marcia / fermata / arresto;Conducente;M;Illeso;0;;Non accertato;Inesploso
5123259;4;24/10/2020 11:20:00;Strada Urbana;VIA CARLO DAPPORTO;da specificare;;;; in prossimit� di VIA ADOLFO CELI;Scontro laterale fra veicoli in marcia;Rettilineo;Una carreggiata a doppio senso;Bagnato (pioggia);Asfaltata;Verticale ed orizzontale;Nuvoloso;Normale;Buona;;0;0;0;2;12.5351;41.9757;-1;1;Autovettura privata;In marcia / fermata / arresto;Conducente;M;Illeso;0;;Non accertato;Inesploso
5123259;4;24/10/2020 11:20:00;Strada Urbana;VIA CARLO DAPPORTO;da specificare;;;; in prossimit� di VIA ADOLFO CELI;Scontro laterale fra veicoli in marcia;Rettilineo;Una carreggiata a doppio senso;Bagnato (pioggia);Asfaltata;Verticale ed orizzontale;Nuvoloso;Normale;Buona;;0;0;0;2;12.5351;41.9757;-1;2;Autocarro inferiore 35 q.;In marcia / fermata / arresto;Conducente;M;Illeso;0;;Non accertato;Inesploso
5123262;19;24/10/2020 07:30:00;Strada Urbana;VIA MARCELLO PROVENZALE;all'intersezione con;VIA DI TORREVECCHIA;VIA DI TORREVECCHIA;;;Investimento di pedone;Incrocio;Una carreggiata a senso unico di marcia;Bagnato (pioggia);Asfaltata;Verticale ed orizzontale;Pioggia in atto;Scarso;Sufficiente;;1;0;0;1;12.4167;41.9282;-1;;;;Pedone;M;Rimandato;0;NON DECEDUTO;;
5123262;19;24/10/2020 07:30:00;Strada Urbana;VIA MARCELLO PROVENZALE;all'intersezione con;VIA DI TORREVECCHIA;VIA DI TORREVECCHIA;;;Investimento di pedone;Incrocio;Una carreggiata a senso unico di marcia;Bagnato (pioggia);Asfaltata;Verticale ed orizzontale;Pioggia in atto;Scarso;Sufficiente;;1;0;0;1;12.4167;41.9282;-1;1;Autovettura privata;In marcia / fermata / arresto;Conducente;M;Illeso;0;;;
5123263;5;25/10/2020 22:25:00;Strada Urbana;VIA TRIVENTO;da specificare;;;;ALTEZZA FRONTE CIVICO 43;Investimento di pedone;Rettilineo;Una carreggiata a senso unico di marcia;Asciutto;Asfaltata;Verticale ed orizzontale;Sereno;Scarso;Sufficiente;;1;0;0;1;12.564;41.9083;-1;;;;Pedone;M;Rimandato;0;NON DECEDUTO;;
5123263;5;25/10/2020 22:25:00;Strada Urbana;VIA TRIVENTO;da specificare;;;;ALTEZZA FRONTE CIVICO 43;Investimento di pedone;Rettilineo;Una carreggiata a senso unico di marcia;Asciutto;Asfaltata;Verticale ed orizzontale;Sereno;Scarso;Sufficiente;;1;0;0;1;12.564;41.9083;-1;1;Autovettura privata;In marcia / fermata / arresto;Conducente;M;Illeso;0;;Non accertato;Inesploso
5123265;4;24/10/2020 13:00:00;Strada Urbana;CORSO SEMPIONE;da specificare;;;;FRONTE CIVICO N.1;Tamponamento;Rettilineo;Una carreggiata a doppio senso;Bagnato (pioggia);Asfaltata;Verticale ed orizzontale;Nuvoloso;Normale;Buona;;1;0;0;1;12.5342;41.9354;-1;1;Ciclomotore;In marcia / fermata / arresto;Conducente;M;Rimandato;0;NON DECEDUTO;;
5123265;4;24/10/2020 13:00:00;Strada Urbana;CORSO SEMPIONE;da specificare;;;;FRONTE CIVICO N.1;Tamponamento;Rettilineo;Una carreggiata a doppio senso;Bagnato (pioggia);Asfaltata;Verticale ed orizzontale;Nuvoloso;Normale;Buona;;1;0;0;1;12.5342;41.9354;-1;2;Autocarro inferiore 35 q.;In marcia / fermata / arresto;Conducente;M;Illeso;0;;;
5123273;4;24/10/2020 23:50:00;Strada Urbana;VIALE DELLE BELLE ARTI;da specificare;;;;ALTEZZA PIAZZA JOSE DE SAN MARTIN;Veicolo in marcia contro ostacolo fisso;Curva a visuale libera;Una carreggiata a doppio senso;Asciutto;Asfaltata;Orizzontale;Sereno;Scarso;Buona;;0;0;0;1;12.4791;41.9183;-1;1;Autovettura privata;In marcia / fermata / arresto;Conducente;F;Illeso;0;;Non accertato;Inesploso
5123277;19;25/10/2020 12:10:00;Strada Urbana;GALLERIA GIOVANNI XXIII;da specificare;;;;1,100 km dalla E1 Via Pineta Sacchetti;Tamponamento;Rettilineo;Una carreggiata a senso unico di marcia;Asciutto;Asfaltata;Verticale ed orizzontale;Sereno;Normale;Buona;;0;0;0;3;12.4411;41.9404;-1;1;Autovettura privata;In marcia / fermata / arresto;Conducente;M;Illeso;0;;;
5123277;19;25/10/2020 12:10:00;Strada Urbana;GALLERIA GIOVANNI XXIII;da specificare;;;;1,100 km dalla E1 Via Pineta Sacchetti;Tamponamento;Rettilineo;Una carreggiata a senso unico di marcia;Asciutto;Asfaltata;Verticale ed orizzontale;Sereno;Normale;Buona;;0;0;0;3;12.4411;41.9404;-1;1;Autovettura privata;In marcia / fermata / arresto;Passeggero;F;Illeso;0;;;Inesploso
5123277;19;25/10/2020 12:10:00;Strada Urbana;GALLERIA GIOVANNI XXIII;da specificare;;;;1,100 km dalla E1 Via Pineta Sacchetti;Tamponamento;Rettilineo;Una carreggiata a senso unico di marcia;Asciutto;Asfaltata;Verticale ed orizzontale;Sereno;Normale;Buona;;0;0;0;3;12.4411;41.9404;-1;2;Autovettura privata;In marcia / fermata / arresto;Conducente;M;Illeso;0;;;
5123279;19;25/10/2020 13:50:00;Strada Urbana;VIA MATTIA BATTISTINI;in prossimit�;;del civico n.;582;;Tamponamento;Curva senza visuale libera;Una carreggiata a doppio senso;Asciutto;Asfaltata;Orizzontale;Sereno;Scarso;Buona;;2;0;0;1;12.4205;41.922;-1;1;Motociclo a solo;In marcia / fermata / arresto;Conducente;M;Rimandato;0;NON DECEDUTO;;
5123279;19;25/10/2020 13:50:00;Strada Urbana;VIA MATTIA BATTISTINI;in prossimit�;;del civico n.;582;;Tamponamento;Curva senza visuale libera;Una carreggiata a doppio senso;Asciutto;Asfaltata;Orizzontale;Sereno;Scarso;Buona;;2;0;0;1;12.4205;41.922;-1;1;Motociclo a solo;In marcia / fermata / arresto;Passeggero;F;Rimandato;0;NON DECEDUTO;;
5123279;19;25/10/2020 13:50:00;Strada Urbana;VIA MATTIA BATTISTINI;in prossimit�;;del civico n.;582;;Tamponamento;Curva senza visuale libera;Una carreggiata a doppio senso;Asciutto;Asfaltata;Orizzontale;Sereno;Scarso;Buona;;2;0;0;1;12.4205;41.922;-1;2;Autovettura privata;In marcia / fermata / arresto;Conducente;F;Illeso;0;;;
5123283;4;25/10/2020 11:00:00;Statale;VIA SALARIA;da specificare;;;;ALTEZZA AEROPORTO DELL'URBE;Scontro laterale fra veicoli in marcia;Rettilineo;Due carreggiate;Asciutto;Asfaltata;Verticale ed orizzontale;Nebbia;Normale;Buona;;0;0;0;3;12.5143;41.9925;-1;1;Autovettura privata;In marcia / fermata / arresto;Conducente;M;Illeso;0;;;
5123283;4;25/10/2020 11:00:00;Statale;VIA SALARIA;da specificare;;;;ALTEZZA AEROPORTO DELL'URBE;Scontro laterale fra veicoli in marcia;Rettilineo;Due carreggiate;Asciutto;Asfaltata;Verticale ed orizzontale;Nebbia;Normale;Buona;;0;0;0;3;12.5143;41.9925;-1;2;Autovettura privata;In marcia / fermata / arresto;Conducente;M;Illeso;0;;;
5123283;4;25/10/2020 11:00:00;Statale;VIA SALARIA;da specificare;;;;ALTEZZA AEROPORTO DELL'URBE;Scontro laterale fra veicoli in marcia;Rettilineo;Due carreggiate;Asciutto;Asfaltata;Verticale ed orizzontale;Nebbia;Normale;Buona;;0;0;0;3;12.5143;41.9925;-1;2;Autovettura privata;In marcia / fermata / arresto;Passeggero;F;Illeso;0;;;
5123285;7;25/10/2020 21:05:00;Strada Urbana;VIA CASILINA;in corrispondenza;;del civico n.;1002;;Scontro frontale fra veicoli in marcia;Rettilineo;Una carreggiata a doppio senso;Asciutto;Asfaltata;Verticale ed orizzontale;Sereno;Normale;Buona;;1;0;0;1;12.5816;41.8702;-1;1;Autovettura privata;In marcia / fermata / arresto;Conducente;M;Illeso;0;;Non accertato;Inesploso
5123285;7;25/10/2020 21:05:00;Strada Urbana;VIA CASILINA;in corrispondenza;;del civico n.;1002;;Scontro frontale fra veicoli in marcia;Rettilineo;Una carreggiata a doppio senso;Asciutto;Asfaltata;Verticale ed orizzontale;Sereno;Normale;Buona;;1;0;0;1;12.5816;41.8702;-1;2;Motociclo a solo;In marcia / fermata / arresto;Conducente;M;Ricoverato;0;NON DECEDUTO;Non accertato;
5123293;4;25/10/2020 13:00:00;Strada Urbana;PIAZZA PIER CARLO TALENTI;all'intersezione semaforizzata con;VIALE JONIO;VIALE JONIO;;;Scontro frontale/laterale SX fra veicoli in marcia;Intersezione semaforizzata;Due carreggiate;Asciutto;Asfaltata;Verticale ed orizzontale;Sereno;Scarso;Buona;;1;0;0;1;12.5474;41.9441;-1;1;Motociclo a solo;In marcia / fermata / arresto;Conducente;M;Rimandato;0;NON DECEDUTO;Non accertato;
5123293;4;25/10/2020 13:00:00;Strada Urbana;PIAZZA PIER CARLO TALENTI;all'intersezione semaforizzata con;VIALE JONIO;VIALE JONIO;;;Scontro frontale/laterale SX fra veicoli in marcia;Intersezione semaforizzata;Due carreggiate;Asciutto;Asfaltata;Verticale ed orizzontale;Sereno;Scarso;Buona;;1;0;0;1;12.5474;41.9441;-1;2;Autovettura privata;In marcia / fermata / arresto;Conducente;M;Illeso;0;;Non accertato;Inesploso
5123296;4;25/10/2020 21:15:00;Statale entro l'abitato;VIA SALARIA;da specificare;;;;altezza AEROPORTO DELL'URBE;Tamponamento;Rettilineo;Due carreggiate;Asciutto;Asfaltata;Verticale ed orizzontale;Sereno;Normale;Buona;;0;0;0;3;12.5143;41.9925;-1;1;Autovettura privata;In marcia / fermata / arresto;Conducente;F;Illeso;0;;Non accertato;Inesploso
5123296;4;25/10/2020 21:15:00;Statale entro l'abitato;VIA SALARIA;da specificare;;;;altezza AEROPORTO DELL'URBE;Tamponamento;Rettilineo;Due carreggiate;Asciutto;Asfaltata;Verticale ed orizzontale;Sereno;Normale;Buona;;0;0;0;3;12.5143;41.9925;-1;2;Autovettura privata;In marcia / fermata / arresto;Conducente;M;Illeso;0;;Non accertato;Inesploso
5123296;4;25/10/2020 21:15:00;Statale entro l'abitato;VIA SALARIA;da specificare;;;;altezza AEROPORTO DELL'URBE;Tamponamento;Rettilineo;Due carreggiate;Asciutto;Asfaltata;Verticale ed orizzontale;Sereno;Normale;Buona;;0;0;0;3;12.5143;41.9925;-1;2;Autovettura privata;In marcia / fermata / arresto;Passeggero;F;Illeso;0;;Non accertato;Inesploso