Protocollo;Gruppo;DataOraIncidente;Localizzazione1;STRADA1;Localizzazione2;STRADA2;Strada02;Chilometrica;DaSpecificare;NaturaIncidente;particolaritastrade;TipoStrada;FondoStradale;Pavimentazione;Segnaletica;CondizioneAtmosferica;Traffico;Visibilita;Illuminazione;NUM_FERITI;NUM_RISERVATA;NUM_MORTI;NUM_ILLESI;Longitudine;Latitudine;Confermato;Progressivo;TipoVeicolo;StatoVeicolo;TipoPersona;Sesso;Tipolesione;Deceduto;DecedutoDopo;CinturaCascoUtilizzato;Airbag;
5123597;18;24/10/2020 09:30:00;Strada Urbana;VIA MATTIA BATTISTINI;all'intersezione con;VIA CARDINALE MASSIMI;VIA CARDINALE MASSIMI;;;Scontro frontale/laterale SX fra veicoli in marcia;Intersezione stradale segnalata;Due carreggiate;Bagnato (umidit� in atto);Asfaltata;Verticale ed orizzontale;Nuvoloso;Normale;Buona;;0;0;0;2;12.4162;41.9071;-1;1;Autovettura privata;In marcia / fermata / arresto;Conducente;M;Illeso;0;;;
5123597;18;24/10/2020 09:30:00;Strada Urbana;VIA MATTIA BATTISTINI;all'intersezione con;VIA CARDINALE MASSIMI;VIA CARDINALE MASSIMI;;;Scontro frontale/laterale SX fra veicoli in marcia;Intersezione stradale segnalata;Due carreggiate;Bagnato (umidit� in atto);Asfaltata;Verticale ed orizzontale;Nuvoloso;Normale;Buona;;0;0;0;2;12.4162;41.9071;-1;2;Autovettura privata;In marcia / fermata / arresto;Conducente;M;Illeso;0;;;
5123625;5;23/10/2020 17:30:00;Strada Urbana;VIA CENINA;all'intersezione con;VIA CASTELCHIODATO;VIA CASTELCHIODATO;;;Scontro frontale/laterale DX fra veicoli in marcia;Incrocio;Una carreggiata a senso unico di marcia;Asciutto;Asfaltata;Verticale ed orizzontale;Sereno;Scarso;Buona;;1;0;0;4;12.6012;41.9435;-1;1;Autovettura privata;In marcia / fermata / arresto;Conducente;M;Illeso;0;;Non accertato;
5123625;5;23/10/2020 17:30:00;Strada Urbana;VIA CENINA;all'intersezione con;VIA CASTELCHIODATO;VIA CASTELCHIODATO;;;Scontro frontale/laterale DX fra veicoli in marcia;Incrocio;Una carreggiata a senso unico di marcia;Asciutto;Asfaltata;Verticale ed orizzontale;Sereno;Scarso;Buona;;1;0;0;4;12.6012;41.9435;-1;1;Autovettura privata;In marcia / fermata / arresto;Passeggero;F;Illeso;0;;;Esploso
5123625;5;23/10/2020 17:30:00;Strada Urbana;VIA CENINA;all'intersezione con;VIA CASTELCHIODATO;VIA CASTELCHIODATO;;;Scontro frontale/laterale DX fra veicoli in marcia;Incrocio;Una carreggiata a senso unico di marcia;Asciutto;Asfaltata;Verticale ed orizzontale;Sereno;Scarso;Buona;;1;0;0;4;12.6012;41.9435;-1;1;Autovettura privata;In marcia / fermata / arresto;Passeggero;M;Illeso;0;;Non accertato;Inesistente
5123625;5;23/10/2020 17:30:00;Strada Urbana;VIA CENINA;all'intersezione con;VIA CASTELCHIODATO;VIA CASTELCHIODATO;;;Scontro frontale/laterale DX fra veicoli in marcia;Incrocio;Una carreggiata a senso unico di marcia;Asciutto;Asfaltata;Verticale ed orizzontale;Sereno;Scarso;Buona;;1;0;0;4;12.6012;41.9435;-1;1;Autovettura privata;In marcia / fermata / arresto;Passeggero;F;Illeso;0;;Non accertato;Inesistente
5123625;5;23/10/2020 17:30:00;Strada Urbana;VIA CENINA;all'intersezione con;VIA CASTELCHIODATO;VIA CASTELCHIODATO;;;Scontro frontale/laterale DX fra veicoli in marcia;Incrocio;Una carreggiata a senso unico di marcia;Asciutto;Asfaltata;Verticale ed orizzontale;Sereno;Scarso;Buona;;1;0;0;4;12.6012;41.9435;-1;2;Autovettura privata;In marcia / fermata / arresto;Conducente;M;Rimandato;0;NON DECEDUTO;Non accertato;
5123625;5;23/10/2020 17:30:00;Strada Urbana;VIA CENINA;all'intersezione con;VIA CASTELCHIODATO;VIA CASTELCHIODATO;;;Scontro frontale/laterale DX fra veicoli in marcia;Incrocio;Una carreggiata a senso unico di marcia;Asciutto;Asfaltata;Verticale ed orizzontale;Sereno;Scarso;Buona;;1;0;0;4;12.6012;41.9435;-1;3;Autovettura privata;Sosta;;;;;;;
5123637;3;23/10/2020 13:30:00;Strada Urbana;VIA DELLA LEGA LOMBARDA;in prossimit�;;del civico n.;30;;Scontro laterale fra veicoli in marcia;Rettilineo;Una carreggiata a doppio senso;Asciutto;Asfaltata;Verticale ed orizzontale;Nuvoloso;Intenso;Buona;;0;0;0;3;12.5228;41.9088;-1;1;Autovettura privata;In marcia / fermata / arresto;Conducente;M;Illeso;0;;Non accertato;Inesploso
5123637;3;23/10/2020 13:30:00;Strada Urbana;VIA DELLA LEGA LOMBARDA;in prossimit�;;del civico n.;30;;Scontro laterale fra veicoli in marcia;Rettilineo;Una carreggiata a doppio senso;Asciutto;Asfaltata;Verticale ed orizzontale;Nuvoloso;Intenso;Buona;;0;0;0;3;12.5228;41.9088;-1;1;Autovettura privata;In marcia / fermata / arresto;Passeggero;M;Illeso;0;;Non accertato;Inesploso
5123637;3;23/10/2020 13:30:00;Strada Urbana;VIA DELLA LEGA LOMBARDA;in prossimit�;;del civico n.;30;;Scontro laterale fra veicoli in marcia;Rettilineo;Una carreggiata a doppio senso;Asciutto;Asfaltata;Verticale ed orizzontale;Nuvoloso;Intenso;Buona;;0;0;0;3;12.5228;41.9088;-1;2;Autovettura privata;In marcia / fermata / arresto;Conducente;M;Illeso;0;;Non accertato;Inesploso
5123648;3;24/10/2020 11:30:00;Strada Urbana;CIRCONVALLAZIONE TIBURTINA;da specificare;;;;dir.ne Salaria alt. Largo Talamo;Veicolo in marcia contro ostacolo fisso;Curva senza visuale libera;Due carreggiate;Bagnato (pioggia);Asfaltata;Orizzontale;Nuvoloso;Normale;Buona;;1;0;0;0;12.528;41.8994;0;1;Autovettura privata;In marcia / fermata / arresto;Conducente;F;Ricoverato;0;NON DECEDUTO;;
5123657;3;25/10/2020;Strada Urbana;VIA TIBURTINA;in corrispondenza;;del civico n.;174-176;;Scontro frontale/laterale SX fra veicoli in marcia;Rettilineo;Una carreggiata a doppio senso;Asciutto;Asfaltata;Orizzontale;Sereno;Normale;Sufficiente;;1;0;0;2;12.5157;41.899;-1;1;Motociclo a solo;In marcia / fermata / arresto;Conducente;M;Ricoverato;0;NON DECEDUTO;;
5123657;3;25/10/2020;Strada Urbana;VIA TIBURTINA;in corrispondenza;;del civico n.;174-176;;Scontro frontale/laterale SX fra veicoli in marcia;Rettilineo;Una carreggiata a doppio senso;Asciutto;Asfaltata;Orizzontale;Sereno;Normale;Sufficiente;;1;0;0;2;12.5157;41.899;-1;2;Autovettura privata;In marcia / fermata / arresto;Conducente;M;Illeso;0;;;
5123657;3;25/10/2020;Strada Urbana;VIA TIBURTINA;in corrispondenza;;del civico n.;174-176;;Scontro frontale/laterale SX fra veicoli in marcia;Rettilineo;Una carreggiata a doppio senso;Asciutto;Asfaltata;Orizzontale;Sereno;Normale;Sufficiente;;1;0;0;2;12.5157;41.899;-1;2;Autovettura privata;In marcia / fermata / arresto;Passeggero;M;Illeso;0;;;
5123697;18;25/10/2020 12:30:00;Strada Urbana;VIA FILIPPO BERNARDINI;in corrispondenza;;del civico n.;23;;Veicolo in marcia contro veicolo arresto;Rettilineo;Una carreggiata a senso unico di marcia;Asciutto;Asfaltata;Verticale ed orizzontale;Sereno;Normale;Buona;;0;0;0;2;12.4383;41.8929;-1;1;Autovettura pubblica;In marcia / fermata / arresto;Conducente;M;Illeso;0;;Non accertato;Inesploso
5123697;18;25/10/2020 12:30:00;Strada Urbana;VIA FILIPPO BERNARDINI;in corrispondenza;;del civico n.;23;;Veicolo in marcia contro veicolo arresto;Rettilineo;Una carreggiata a senso unico di marcia;Asciutto;Asfaltata;Verticale ed orizzontale;Sereno;Normale;Buona;;0;0;0;2;12.4383;41.8929;-1;2;Autovettura privata;In marcia / fermata / arresto;Conducente;M;Illeso;0;;;
5123703;3;24/10/2020 01:32:00;Strada Urbana;VIA NOMENTANA;da specificare;;;;pross.t� Via Zanardini;Veicolo in marcia contro ostacolo fisso;Curva a visuale libera;Una carreggiata a doppio senso;Asciutto;Asfaltata;Verticale ed orizzontale;Nuvoloso;Scarso;Sufficiente;;0;0;0;1;12.5448;41.9378;0;1;Autovettura privata;In marcia / fermata / arresto;Conducente;F;Illeso;0;;Non accertato;
5123717;1;26/10/2020 08:30:00;Strada Urbana;LUNGOTEVERE GIANICOLENSE;da specificare;;;;dopo palo acea n. 2;Tamponamento Multiplo;Curva a visuale libera;Una carreggiata a senso unico di marcia;Asciutto;Asfaltata;Verticale ed orizzontale;Sereno;Normale;Buona;;0;0;0;3;12.4639;41.8975;-1;1;Autovettura privata;In marcia / fermata / arresto;Conducente;M;Illeso;0;;;
5123717;1;26/10/2020 08:30:00;Strada Urbana;LUNGOTEVERE GIANICOLENSE;da specificare;;;;dopo palo acea n. 2;Tamponamento Multiplo;Curva a visuale libera;Una carreggiata a senso unico di marcia;Asciutto;Asfaltata;Verticale ed orizzontale;Sereno;Normale;Buona;;0;0;0;3;12.4639;41.8975;-1;2;Autovettura privata;In marcia / fermata / arresto;Conducente;M;Illeso;0;;Non accertato;Inesploso
5123717;1;26/10/2020 08:30:00;Strada Urbana;LUNGOTEVERE GIANICOLENSE;da specificare;;;;dopo palo acea n. 2;Tamponamento Multiplo;Curva a visuale libera;Una carreggiata a senso unico di marcia;Asciutto;Asfaltata;Verticale ed orizzontale;Sereno;Normale;Buona;;0;0;0;3;12.4639;41.8975;-1;3;Autovettura di polizia;In marcia / fermata / arresto;Conducente;M;Illeso;0;;Non accertato;Inesploso
5123730;18;25/10/2020 14:30:00;Strada Urbana;VIA DI ACQUAFREDDA;da specificare;;;;fronte civico 134;Fuoriuscita dalla sede stradale;Rettilineo;Una carreggiata a doppio senso;Asciutto;Asfaltata;Verticale ed orizzontale;Sereno;Normale;Buona;;1;0;0;0;12.396;41.8922;-1;1;Autovettura privata;In marcia / fermata / arresto;Conducente;M;Ricoverato;0;NON DECEDUTO;;
5123779;18;25/10/2020 17:10:00;Altra strada;VIA DI BOCCEA;in corrispondenza;;del civico n.;571;;Veicolo in marcia contro veicolo in sosta;Rettilineo;Una carreggiata a senso unico di marcia;Asciutto;Asfaltata;Orizzontale;Sereno;Scarso;Sufficiente;;0;0;0;1;12.379;41.9166;-1;1;Autovettura privata;In marcia / fermata / arresto;Conducente;M;Illeso;0;;;
5123779;18;25/10/2020 17:10:00;Altra strada;VIA DI BOCCEA;in corrispondenza;;del civico n.;571;;Veicolo in marcia contro veicolo in sosta;Rettilineo;Una carreggiata a senso unico di marcia;Asciutto;Asfaltata;Orizzontale;Sereno;Scarso;Sufficiente;;0;0;0;1;12.379;41.9166;-1;2;Autovettura privata;Sosta;;;;;;;
5123797;18;25/10/2020 17:15:00;Strada Urbana;PIAZZA PIO XI;da specificare;;;;fronte civico 29;Veicolo in marcia contro veicolo in sosta;Rettilineo;Una carreggiata a senso unico di marcia;Asciutto;Asfaltata;Verticale ed orizzontale;Sereno;Normale;Buona;;0;0;0;1;12.4374;41.8944;-1;1;Autovettura privata;In marcia / fermata / arresto;Conducente;F;Illeso;0;;;
5123797;18;25/10/2020 17:15:00;Strada Urbana;PIAZZA PIO XI;da specificare;;;;fronte civico 29;Veicolo in marcia contro veicolo in sosta;Rettilineo;Una carreggiata a senso unico di marcia;Asciutto;Asfaltata;Verticale ed orizzontale;Sereno;Normale;Buona;;0;0;0;1;12.4374;41.8944;-1;2;Autovettura privata;Sosta;;;;;;;
5123828;16;23/10/2020 12:40:00;Strada Urbana;VIA DI BRAVETTA;in prossimit�;;del civico n.;20;;Scontro laterale fra veicoli in marcia;Rettilineo;Una carreggiata a doppio senso;Asciutto;Asfaltata;Orizzontale;Sereno;Normale;Buona;;1;0;0;1;12.4214;41.8873;-1;1;Autovettura privata;In marcia / fermata / arresto;Conducente;M;Illeso;0;;Non accertato;Inesploso
5123828;16;23/10/2020 12:40:00;Strada Urbana;VIA DI BRAVETTA;in prossimit�;;del civico n.;20;;Scontro laterale fra veicoli in marcia;Rettilineo;Una carreggiata a doppio senso;Asciutto;Asfaltata;Orizzontale;Sereno;Normale;Buona;;1;0;0;1;12.4214;41.8873;-1;2;Velocipede;In marcia / fermata / arresto;Conducente;F;Rimandato;0;NON DECEDUTO;Esente;
5123867;16;23/10/2020 12:40:00;Strada Urbana;VIA SERAFINO BELFANTI;in corrispondenza;;del civico n.;23;;Scontro frontale/laterale DX fra veicoli in marcia;Rettilineo;Due carreggiate;Asciutto;Asfaltata;Verticale ed orizzontale;Sereno;Normale;Buona;;0;0;0;2;12.3511;41.8778;-1;1;Autovettura privata;In marcia / fermata / arresto;Conducente;M;Illeso;0;;Non accertato;
5123867;16;23/10/2020 12:40:00;Strada Urbana;VIA SERAFINO BELFANTI;in corrispondenza;;del civico n.;23;;Scontro frontale/laterale DX fra veicoli in marcia;Rettilineo;Due carreggiate;Asciutto;Asfaltata;Verticale ed orizzontale;Sereno;Normale;Buona;;0;0;0;2;12.3511;41.8778;-1;2;Autovettura privata;In marcia / fermata / arresto;Conducente;F;Illeso;0;;Non accertato;
5123907;16;23/10/2020 14:40:00;;VIA DI DONNA OLIMPIA;in corrispondenza;;del civico n.;116;;Veicolo in marcia contro veicolo in sosta;;;;;;;;;;0;0;0;1;12.4539;41.8762;0;1;Autocarro inferiore 35 q.;In marcia / fermata / arresto;Conducente;M;Illeso;0;;;
5123907;16;23/10/2020 14:40:00;;VIA DI DONNA OLIMPIA;in corrispondenza;;del civico n.;116;;Veicolo in marcia contro veicolo in sosta;;;;;;;;;;0;0;0;1;12.4539;41.8762;0;2;Autovettura privata;In marcia / fermata / arresto;;;;;;;
5123934;9;26/10/2020 11:50:00;Strada Urbana;VIA SERMONETA;in corrispondenza;;del civico n.;14;;Veicolo in marcia contro veicolo in sosta;Rettilineo;Una carreggiata a doppio senso;Asciutto;Asfaltata;Assente;Sereno;Intenso;Buona;;0;0;0;1;12.531;41.8681;-1;1;Autovettura privata;In marcia / fermata / arresto;Conducente;M;Illeso;0;;Non accertato;Inesploso
5123934;9;26/10/2020 11:50:00;Strada Urbana;VIA SERMONETA;in corrispondenza;;del civico n.;14;;Veicolo in marcia contro veicolo in sosta;Rettilineo;Una carreggiata a doppio senso;Asciutto;Asfaltata;Assente;Sereno;Intenso;Buona;;0;0;0;1;12.531;41.8681;-1;2;Autovettura privata;Sosta;;;;;;;
5123943;16;23/10/2020 19:05:00;Strada Urbana;VIA SILVESTRI;in corrispondenza;;del palo luce n.;86;;Scontro laterale fra veicoli in marcia;Rettilineo;Una carreggiata a doppio senso;Asciutto;Asfaltata;Verticale ed orizzontale;Sereno;Normale;Sufficiente;;1;0;0;2;12.4324;41.8778;-1;1;Motociclo a solo;In marcia / fermata / arresto;Conducente;F;Ricoverato;0;NON DECEDUTO;Non accertato;
5123943;16;23/10/2020 19:05:00;Strada Urbana;VIA SILVESTRI;in corrispondenza;;del palo luce n.;86;;Scontro laterale fra veicoli in marcia;Rettilineo;Una carreggiata a doppio senso;Asciutto;Asfaltata;Verticale ed orizzontale;Sereno;Normale;Sufficiente;;1;0;0;2;12.4324;41.8778;-1;2;Autovettura privata;In marcia / fermata / arresto;Conducente;M;Illeso;0;;Non accertato;Inesploso
5123943;16;23/10/2020 19:05:00;Strada Urbana;VIA SILVESTRI;in corrispondenza;;del palo luce n.;86;;Scontro laterale fra veicoli in marcia;Rettilineo;Una carreggiata a doppio senso;Asciutto;Asfaltata;Verticale ed orizzontale;Sereno;Normale;Sufficiente;;1;0;0;2;12.4324;41.8778;-1;2;Autovettura privata;In marcia / fermata / arresto;Passeggero;F;Illeso;0;;Non accertato;Inesploso
5123950;17;25/10/2020 00:15:00;Strada Urbana;LUNGOTEVERE IN SASSIA;da specificare;;;;sottopasso direzione VIA GREGORIO VII;Veicolo in marcia contro ostacolo accidentale;Sottopasso illuminato;Una carreggiata a senso unico di marcia;Asciutto;Asfaltata;Verticale ed orizzontale;Sereno;Scarso;Sufficiente;;1;0;0;0;12.4644;41.9022;0;1;Motociclo a solo;In marcia / fermata / arresto;Conducente;M;Rimandato;0;NON DECEDUTO;;
5123964;9;26/10/2020 08:55:00;Strada Urbana;VIA ALBENGA;in prossimit�;;del civico n.;50;;Scontro frontale/laterale SX fra veicoli in marcia;Rettilineo;Una carreggiata a senso unico di marcia;Asciutto;Asfaltata;Verticale ed orizzontale;Sereno;Normale;Buona;;0;0;0;2;12.5183;41.8777;-1;1;Autovettura privata;In marcia / fermata / arresto;Conducente;F;Illeso;0;;Non accertato;Inesploso
5123964;9;26/10/2020 08:55:00;Strada Urbana;VIA ALBENGA;in prossimit�;;del civico n.;50;;Scontro frontale/laterale SX fra veicoli in marcia;Rettilineo;Una carreggiata a senso unico di marcia;Asciutto;Asfaltata;Verticale ed orizzontale;Sereno;Normale;Buona;;0;0;0;2;12.5183;41.8777;-1;2;Autocarro inferiore 35 q.;In marcia / fermata / arresto;Conducente;M;Illeso;0;;Non accertato;Inesploso
5123996;16;24/10/2020 10:05:00;Strada Urbana;VIA GIACOMO FOLCHI;da specificare;;;;prossimit� fronte civico 6A;Scontro frontale/laterale DX fra veicoli in marcia;Rettilineo;Una carreggiata a doppio senso;Bagnato (umidit� in atto);Asfaltata;Verticale ed orizzontale;Nuvoloso;Normale;Buona;;0;0;0;2;12.4545;41.8664;-1;1;Autovettura privata;In marcia / fermata / arresto;Conducente;M;Illeso;0;;Non accertato;Inesploso
5123996;16;24/10/2020 10:05:00;Strada Urbana;VIA GIACOMO FOLCHI;da specificare;;;;prossimit� fronte civico 6A;Scontro frontale/laterale DX fra veicoli in marcia;Rettilineo;Una carreggiata a doppio senso;Bagnato (umidit� in atto);Asfaltata;Verticale ed orizzontale;Nuvoloso;Normale;Buona;;0;0;0;2;12.4545;41.8664;-1;2;Motociclo a solo;In marcia / fermata / arresto;Conducente;M;Illeso;0;;Non accertato;
5124015;16;24/10/2020 11:30:00;;VIA AURELIA ANTICA;da specificare;;;;prossimit� svincolo Leone XIII /Bel Respiro;Infortunio per sola frenata improvvisa;;;;;;;;;;1;0;0;0;;;0;1;Ciclomotore;In marcia / fermata / arresto;Conducente;M;Rimandato;0;NON DECEDUTO;;
5124026;16;24/10/2020 12:00:00;Strada Urbana;VIA DELLA PISANA;in prossimit�;;del civico n.;287;;Tamponamento;Rettilineo;Una carreggiata a doppio senso;Asciutto;Asfaltata;Assente;Nuvoloso;Normale;Buona;;0;0;0;2;12.4147;41.8759;-1;1;Autovettura privata;In marcia / fermata / arresto;Conducente;F;Illeso;0;;Non accertato;
5124026;16;24/10/2020 12:00:00;Strada Urbana;VIA DELLA PISANA;in prossimit�;;del civico n.;287;;Tamponamento;Rettilineo;Una carreggiata a doppio senso;Asciutto;Asfaltata;Assente;Nuvoloso;Normale;Buona;;0;0;0;2;12.4147;41.8759;-1;2;Autovettura privata;In marcia / fermata / arresto;Conducente;M;Illeso;0;;Non accertato;
5124041;16;24/10/2020 12:00:00;Strada Urbana;VIA MARCANTONIO ODESCALCHI;all'intersezione con;VIA ANTONIO PIGNATELLI;VIA ANTONIO PIGNATELLI;;;Scontro frontale/laterale SX fra veicoli in marcia;Intersezione stradale segnalata;Una carreggiata a senso unico di marcia;Bagnato (pioggia);Asfaltata;Verticale ed orizzontale;Nuvoloso;Normale;Sufficiente;;0;0;0;3;12.4539;41.8724;-1;1;Autovettura privata;In marcia / fermata / arresto;Conducente;M;Illeso;0;;Non accertato;
5124041;16;24/10/2020 12:00:00;Strada Urbana;VIA MARCANTONIO ODESCALCHI;all'intersezione con;VIA ANTONIO PIGNATELLI;VIA ANTONIO PIGNATELLI;;;Scontro frontale/laterale SX fra veicoli in marcia;Intersezione stradale segnalata;Una carreggiata a senso unico di marcia;Bagnato (pioggia);Asfaltata;Verticale ed orizzontale;Nuvoloso;Normale;Sufficiente;;0;0;0;3;12.4539;41.8724;-1;1;Autovettura privata;In marcia / fermata / arresto;Passeggero;M;Illeso;0;;Non accertato;
5124041;16;24/10/2020 12:00:00;Strada Urbana;VIA MARCANTONIO ODESCALCHI;all'intersezione con;VIA ANTONIO PIGNATELLI;VIA ANTONIO PIGNATELLI;;;Scontro frontale/laterale SX fra veicoli in marcia;Intersezione stradale segnalata;Una carreggiata a senso unico di marcia;Bagnato (pioggia);Asfaltata;Verticale ed orizzontale;Nuvoloso;Normale;Sufficiente;;0;0;0;3;12.4539;41.8724;-1;2;Autovettura privata;In marcia / fermata / arresto;Conducente;M;Illeso;0;;Non accertato;
5124063;16;24/10/2020 14:50:00;Strada Urbana;VIA AURELIA ANTICA;in corrispondenza;;del civico n.;183;;Veicolo in marcia contro veicolo arresto;Rettilineo;Una carreggiata a doppio senso;Bagnato (umidit� in atto);Asfaltata;Verticale ed orizzontale;Sereno;Normale;Buona;;0;0;0;3;12.4451;41.8891;-1;1;Autovettura privata;In marcia / fermata / arresto;Conducente;F;Illeso;0;;Non accertato;Inesploso
5124063;16;24/10/2020 14:50:00;Strada Urbana;VIA AURELIA ANTICA;in corrispondenza;;del civico n.;183;;Veicolo in marcia contro veicolo arresto;Rettilineo;Una carreggiata a doppio senso;Bagnato (umidit� in atto);Asfaltata;Verticale ed orizzontale;Sereno;Normale;Buona;;0;0;0;3;12.4451;41.8891;-1;1;Autovettura privata;In marcia / fermata / arresto;Passeggero;F;Illeso;0;;Non accertato;Inesploso
5124063;16;24/10/2020 14:50:00;Strada Urbana;VIA AURELIA ANTICA;in corrispondenza;;del civico n.;183;;Veicolo in marcia contro veicolo arresto;Rettilineo;Una carreggiata a doppio senso;Bagnato (umidit� in atto);Asfaltata;Verticale ed orizzontale;Sereno;Normale;Buona;;0;0;0;3;12.4451;41.8891;-1;2;Autovettura privata;In marcia / fermata / arresto;Conducente;F;Illeso;0;;Non accertato;Inesploso
5124116;16;24/10/2020 15:25:00;;VIA LUDOVICO DI MONREALE;all'intersezione con;VIA COSMO DE TORRES;VIA COSMO DE TORRES;;;Veicolo in marcia contro veicolo in sosta;;;;;;;;;;0;0;0;1;;;0;1;Autocarro inferiore 35 q.;In marcia / fermata / arresto;Conducente;M;Illeso;0;;;
5124116;16;24/10/2020 15:25:00;;VIA LUDOVICO DI MONREALE;all'intersezione con;VIA COSMO DE TORRES;VIA COSMO DE TORRES;;;Veicolo in marcia contro veicolo in sosta;;;;;;;;;;0;0;0;1;;;0;2;Autovettura privata;Sosta;;;;;;;
5124271;16;24/10/2020 16:20:00;Strada Urbana;VIA DI BRAVETTA;in corrispondenza;;del civico n.;44;;Scontro frontale/laterale DX fra veicoli in marcia;Rettilineo;Una carreggiata a doppio senso;Asciutto;Asfaltata;Verticale ed orizzontale;Sereno;Normale;Buona;;0;0;0;3;12.4216;41.8863;-1;1;Autovettura privata;In marcia / fermata / arresto;Conducente;M;Illeso;0;;;
5124271;16;24/10/2020 16:20:00;Strada Urbana;VIA DI BRAVETTA;in corrispondenza;;del civico n.;44;;Scontro frontale/laterale DX fra veicoli in marcia;Rettilineo;Una carreggiata a doppio senso;Asciutto;Asfaltata;Verticale ed orizzontale;Sereno;Normale;Buona;;0;0;0;3;12.4216;41.8863;-1;1;Autovettura privata;In marcia / fermata / arresto;Passeggero;F;Illeso;0;;Non accertato;
5124271;16;24/10/2020 16:20:00;Strada Urbana;VIA DI BRAVETTA;in corrispondenza;;del civico n.;44;;Scontro frontale/laterale DX fra veicoli in marcia;Rettilineo;Una carreggiata a doppio senso;Asciutto;Asfaltata;Verticale ed orizzontale;Sereno;Normale;Buona;;0;0;0;3;12.4216;41.8863;-1;2;Autovettura privata;In marcia / fermata / arresto;Conducente;M;Illeso;0;;Non accertato;
5124283;16;25/10/2020 09:30:00;Strada Urbana;VIA DI DONNA OLIMPIA;in corrispondenza;;del civico n.;134;;Veicolo in marcia contro veicolo in sosta;Rettilineo;Una carreggiata a doppio senso;Asciutto;Asfaltata;Verticale ed orizzontale;Nuvoloso;Scarso;Buona;;0;0;0;1;12.4541;41.8758;-1;1;Autovettura privata;Sosta;;;;;;;
5124283;16;25/10/2020 09:30:00;Strada Urbana;VIA DI DONNA OLIMPIA;in corrispondenza;;del civico n.;134;;Veicolo in marcia contro veicolo in sosta;Rettilineo;Una carreggiata a doppio senso;Asciutto;Asfaltata;Verticale ed orizzontale;Nuvoloso;Scarso;Buona;;0;0;0;1;12.4541;41.8758;-1;2;Autovettura privata;In marcia / fermata / arresto;Conducente;M;Illeso;0;;Non accertato;
5124431;17;25/10/2020 10:40:00;Strada Urbana;VIA TRIONFALE;in corrispondenza;;del civico n.;6790;;Scontro laterale fra veicoli in marcia;Rettilineo;Una carreggiata a senso unico di marcia;Asciutto;Asfaltata;Verticale ed orizzontale;Sereno;Normale;Buona;;0;0;0;3;12.4409;41.9332;-1;1;Motociclo con passeggero;In marcia / fermata / arresto;Conducente;M;Illeso;0;;;
5124431;17;25/10/2020 10:40:00;Strada Urbana;VIA TRIONFALE;in corrispondenza;;del civico n.;6790;;Scontro laterale fra veicoli in marcia;Rettilineo;Una carreggiata a senso unico di marcia;Asciutto;Asfaltata;Verticale ed orizzontale;Sereno;Normale;Buona;;0;0;0;3;12.4409;41.9332;-1;1;Motociclo con passeggero;In marcia / fermata / arresto;Passeggero;F;Illeso;0;;;
5124431;17;25/10/2020 10:40:00;Strada Urbana;VIA TRIONFALE;in corrispondenza;;del civico n.;6790;;Scontro laterale fra veicoli in marcia;Rettilineo;Una carreggiata a senso unico di marcia;Asciutto;Asfaltata;Verticale ed orizzontale;Sereno;Normale;Buona;;0;0;0;3;12.4409;41.9332;-1;2;Autovettura privata;In marcia / fermata / arresto;Conducente;M;Illeso;0;;;
5124440;16;26/10/2020 11:30:00;Strada Urbana;VIA RAFFAELLO GIOVAGNOLI;in corrispondenza;;del civico n.;35;;Veicolo in marcia contro veicoli in sosta;Rettilineo;Una carreggiata a senso unico di marcia;Asciutto;In cubetti di porfido;Assente;Sereno;Normale;Buona;;0;0;0;1;12.4591;41.8818;-1;1;Autovettura privata;In marcia / fermata / arresto;Conducente;M;Illeso;0;;Non accertato;Inesploso
5124440;16;26/10/2020 11:30:00;Strada Urbana;VIA RAFFAELLO GIOVAGNOLI;in corrispondenza;;del civico n.;35;;Veicolo in marcia contro veicoli in sosta;Rettilineo;Una carreggiata a senso unico di marcia;Asciutto;In cubetti di porfido;Assente;Sereno;Normale;Buona;;0;0;0;1;12.4591;41.8818;-1;2;Autovettura privata;Sosta;;;;;;;
5124440;16;26/10/2020 11:30:00;Strada Urbana;VIA RAFFAELLO GIOVAGNOLI;in corrispondenza;;del civico n.;35;;Veicolo in marcia contro veicoli in sosta;Rettilineo;Una carreggiata a senso unico di marcia;Asciutto;In cubetti di porfido;Assente;Sereno;Normale;Buona;;0;0;0;1;12.4591;41.8818;-1;3;Autovettura privata;Sosta;;;;;;;
5124445;16;26/10/2020 16:25:00;Strada Urbana;VIA ETTORE ROLLI;all'intersezione semaforizzata con;VIA BERNARDINO PASSERI;VIA BERNARDINO PASSERI;;;Investimento di pedone;Intersezione semaforizzata;Una carreggiata a senso unico di marcia;Asciutto;Asfaltata;Verticale ed orizzontale;Nuvoloso;Normale;Buona;;1;0;0;2;12.4676;41.8743;-1;;;;Pedone;F;Illeso;0;;;