Protocollo;Gruppo;DataOraIncidente;Localizzazione1;STRADA1;Localizzazione2;STRADA2;Strada02;Chilometrica;DaSpecificare;NaturaIncidente;particolaritastrade;TipoStrada;FondoStradale;Pavimentazione;Segnaletica;CondizioneAtmosferica;Traffico;Visibilita;Illuminazione;NUM_FERITI;NUM_RISERVATA;NUM_MORTI;NUM_ILLESI;Longitudine;Latitudine;Confermato;Progressivo;TipoVeicolo;StatoVeicolo;TipoPersona;Sesso;Tipolesione;Deceduto;DecedutoDopo;CinturaCascoUtilizzato;Airbag;
5128412;4;28/10/2020 22:10:00;Strada Urbana;VIALE ADRIATICO;in prossimit�;;del civico n.;157;;Scontro frontale fra veicoli in marcia;Rettilineo;Una carreggiata a doppio senso;Asciutto;Asfaltata;Orizzontale;Sereno;Scarso;Buona;;1;0;0;1;12.5369;41.9429;-1;1;Motociclo a solo;In marcia / fermata / arresto;Conducente;M;Rimandato;0;NON DECEDUTO;Non accertato;
5128412;4;28/10/2020 22:10:00;Strada Urbana;VIALE ADRIATICO;in prossimit�;;del civico n.;157;;Scontro frontale fra veicoli in marcia;Rettilineo;Una carreggiata a doppio senso;Asciutto;Asfaltata;Orizzontale;Sereno;Scarso;Buona;;1;0;0;1;12.5369;41.9429;-1;2;Autovettura privata;In marcia / fermata / arresto;Conducente;M;Illeso;0;;Non accertato;
5128416;10;28/10/2020 14:10:00;Strada Urbana;VIA TUSCOLANA;all'intersezione semaforizzata con;VIA VITTORIO OCCORSIO;VIA VITTORIO OCCORSIO;;;Scontro frontale/laterale SX fra veicoli in marcia;Intersezione semaforizzata;Una carreggiata a doppio senso;Asciutto;Asfaltata;Verticale ed orizzontale;Sereno;Normale;Buona;;0;0;0;4;12.5923;41.8396;-1;1;Autovettura privata;In marcia / fermata / arresto;Conducente;M;Illeso;0;;;Inesploso
5128416;10;28/10/2020 14:10:00;Strada Urbana;VIA TUSCOLANA;all'intersezione semaforizzata con;VIA VITTORIO OCCORSIO;VIA VITTORIO OCCORSIO;;;Scontro frontale/laterale SX fra veicoli in marcia;Intersezione semaforizzata;Una carreggiata a doppio senso;Asciutto;Asfaltata;Verticale ed orizzontale;Sereno;Normale;Buona;;0;0;0;4;12.5923;41.8396;-1;1;Autovettura privata;In marcia / fermata / arresto;Passeggero;M;Illeso;0;;;Inesploso
5128416;10;28/10/2020 14:10:00;Strada Urbana;VIA TUSCOLANA;all'intersezione semaforizzata con;VIA VITTORIO OCCORSIO;VIA VITTORIO OCCORSIO;;;Scontro frontale/laterale SX fra veicoli in marcia;Intersezione semaforizzata;Una carreggiata a doppio senso;Asciutto;Asfaltata;Verticale ed orizzontale;Sereno;Normale;Buona;;0;0;0;4;12.5923;41.8396;-1;2;Autovettura privata;In marcia / fermata / arresto;Conducente;F;Illeso;0;;Non accertato;Inesploso
5128416;10;28/10/2020 14:10:00;Strada Urbana;VIA TUSCOLANA;all'intersezione semaforizzata con;VIA VITTORIO OCCORSIO;VIA VITTORIO OCCORSIO;;;Scontro frontale/laterale SX fra veicoli in marcia;Intersezione semaforizzata;Una carreggiata a doppio senso;Asciutto;Asfaltata;Verticale ed orizzontale;Sereno;Normale;Buona;;0;0;0;4;12.5923;41.8396;-1;2;Autovettura privata;In marcia / fermata / arresto;Passeggero Istruttore;F;Illeso;0;;Non accertato;Inesploso
5128424;6;28/10/2020 06:10:00;Strada Urbana;PIAZZALE PRENESTINO;da specificare;;;;prossimit� via Raimondo Montecuccoli;Scontro laterale fra veicoli in marcia;Rettilineo;Pi� di due carreggiate;Asciutto;Asfaltata;Verticale;Sereno;Intenso;Buona;;0;0;0;3;12.5274;41.8914;-1;1;Autovettura privata;In marcia / fermata / arresto;Conducente;F;Illeso;0;;;
5128424;6;28/10/2020 06:10:00;Strada Urbana;PIAZZALE PRENESTINO;da specificare;;;;prossimit� via Raimondo Montecuccoli;Scontro laterale fra veicoli in marcia;Rettilineo;Pi� di due carreggiate;Asciutto;Asfaltata;Verticale;Sereno;Intenso;Buona;;0;0;0;3;12.5274;41.8914;-1;1;Autovettura privata;In marcia / fermata / arresto;Passeggero;M;Illeso;0;;;
5128424;6;28/10/2020 06:10:00;Strada Urbana;PIAZZALE PRENESTINO;da specificare;;;;prossimit� via Raimondo Montecuccoli;Scontro laterale fra veicoli in marcia;Rettilineo;Pi� di due carreggiate;Asciutto;Asfaltata;Verticale;Sereno;Intenso;Buona;;0;0;0;3;12.5274;41.8914;-1;2;Autoarticolato;In marcia / fermata / arresto;Conducente;M;Illeso;0;;;
5128433;20;28/10/2020 16:15:00;Strada Urbana;VIA CASSIA;all'intersezione con;VIA GUGLIELMO IMPERIALI DI FRANCAVILLA;VIA GUGLIELMO IMPERIALI DI FRANCAVILLA;;;Scontro frontale/laterale SX fra veicoli in marcia;Incrocio;Una carreggiata a senso unico di marcia;Asciutto;Asfaltata;Verticale ed orizzontale;Sereno;Normale;Buona;;0;0;0;4;12.4137;41.9828;-1;1;Autovettura privata;In marcia / fermata / arresto;Conducente;F;Illeso;0;;Non accertato;Inesploso
5128433;20;28/10/2020 16:15:00;Strada Urbana;VIA CASSIA;all'intersezione con;VIA GUGLIELMO IMPERIALI DI FRANCAVILLA;VIA GUGLIELMO IMPERIALI DI FRANCAVILLA;;;Scontro frontale/laterale SX fra veicoli in marcia;Incrocio;Una carreggiata a senso unico di marcia;Asciutto;Asfaltata;Verticale ed orizzontale;Sereno;Normale;Buona;;0;0;0;4;12.4137;41.9828;-1;1;Autovettura privata;In marcia / fermata / arresto;Passeggero;M;Illeso;0;;Non accertato;Inesploso
5128433;20;28/10/2020 16:15:00;Strada Urbana;VIA CASSIA;all'intersezione con;VIA GUGLIELMO IMPERIALI DI FRANCAVILLA;VIA GUGLIELMO IMPERIALI DI FRANCAVILLA;;;Scontro frontale/laterale SX fra veicoli in marcia;Incrocio;Una carreggiata a senso unico di marcia;Asciutto;Asfaltata;Verticale ed orizzontale;Sereno;Normale;Buona;;0;0;0;4;12.4137;41.9828;-1;2;Autovettura privata;In marcia / fermata / arresto;Conducente;F;Illeso;0;;Non accertato;Inesploso
5128433;20;28/10/2020 16:15:00;Strada Urbana;VIA CASSIA;all'intersezione con;VIA GUGLIELMO IMPERIALI DI FRANCAVILLA;VIA GUGLIELMO IMPERIALI DI FRANCAVILLA;;;Scontro frontale/laterale SX fra veicoli in marcia;Incrocio;Una carreggiata a senso unico di marcia;Asciutto;Asfaltata;Verticale ed orizzontale;Sereno;Normale;Buona;;0;0;0;4;12.4137;41.9828;-1;2;Autovettura privata;In marcia / fermata / arresto;Passeggero;F;Illeso;0;;Non accertato;Inesploso
5128443;10;28/10/2020 10:15:00;Strada Urbana;VIA SELINUNTE;all'intersezione con;VIA SAGUNTO;VIA SAGUNTO;;;Tamponamento;Incrocio;Una carreggiata a doppio senso;Asciutto;Asfaltata;Verticale ed orizzontale;Sereno;Normale;Buona;;0;0;0;2;12.5504;41.8568;-1;1;Motociclo a solo;In marcia / fermata / arresto;Conducente;M;Illeso;0;;Non accertato;
5128443;10;28/10/2020 10:15:00;Strada Urbana;VIA SELINUNTE;all'intersezione con;VIA SAGUNTO;VIA SAGUNTO;;;Tamponamento;Incrocio;Una carreggiata a doppio senso;Asciutto;Asfaltata;Verticale ed orizzontale;Sereno;Normale;Buona;;0;0;0;2;12.5504;41.8568;-1;2;Autovettura privata;In marcia / fermata / arresto;Conducente;M;Illeso;0;;Non accertato;Inesploso
5128457;12;28/10/2020 15:39:00;Strada Urbana;VIALE DELLA GRANDE MURAGLIA;in prossimit�;;del civico n.;340;;Scontro frontale/laterale DX fra veicoli in marcia;Rettilineo;Pi� di due carreggiate;Asciutto;Asfaltata;Verticale ed orizzontale;Sereno;Scarso;Buona;;1;0;0;1;12.4444;41.8148;-1;1;Autovettura privata;In marcia / fermata / arresto;Conducente;M;Illeso;0;;Non accertato;Inesploso
5128457;12;28/10/2020 15:39:00;Strada Urbana;VIALE DELLA GRANDE MURAGLIA;in prossimit�;;del civico n.;340;;Scontro frontale/laterale DX fra veicoli in marcia;Rettilineo;Pi� di due carreggiate;Asciutto;Asfaltata;Verticale ed orizzontale;Sereno;Scarso;Buona;;1;0;0;1;12.4444;41.8148;-1;2;Velocipede;In marcia / fermata / arresto;Conducente;M;Rimandato;0;NON DECEDUTO;Esente;
5128459;20;28/10/2020 18:45:00;Strada Urbana;PIAZZALE DI PONTE MILVIO;da specificare;;;;in prossimit� di Viale di Tor di Quinto;Scontro laterale fra veicoli in marcia;Rettilineo;Una carreggiata a senso unico di marcia;Asciutto;Asfaltata;Verticale ed orizzontale;Sereno;Normale;Buona;;0;0;0;3;12.4666;41.9368;-1;1;Autovettura privata;In marcia / fermata / arresto;Conducente;M;Illeso;0;;;
5128459;20;28/10/2020 18:45:00;Strada Urbana;PIAZZALE DI PONTE MILVIO;da specificare;;;;in prossimit� di Viale di Tor di Quinto;Scontro laterale fra veicoli in marcia;Rettilineo;Una carreggiata a senso unico di marcia;Asciutto;Asfaltata;Verticale ed orizzontale;Sereno;Normale;Buona;;0;0;0;3;12.4666;41.9368;-1;1;Autovettura privata;In marcia / fermata / arresto;Passeggero;M;Illeso;0;;Non accertato;
5128459;20;28/10/2020 18:45:00;Strada Urbana;PIAZZALE DI PONTE MILVIO;da specificare;;;;in prossimit� di Viale di Tor di Quinto;Scontro laterale fra veicoli in marcia;Rettilineo;Una carreggiata a senso unico di marcia;Asciutto;Asfaltata;Verticale ed orizzontale;Sereno;Normale;Buona;;0;0;0;3;12.4666;41.9368;-1;2;Motociclo a solo;In marcia / fermata / arresto;Conducente;M;Illeso;0;;Non accertato;
5128467;20;28/10/2020 09:00:00;Regionale entro l'abitato;VIA FLAMINIA;in prossimit�;;del civico n.;1113;;Scontro laterale fra veicoli in marcia;Curva a visuale libera;Due carreggiate;Asciutto;Asfaltata;Orizzontale;Sereno;Normale;Buona;;0;0;0;4;12.4931;41.9845;-1;1;Autovettura privata;In marcia / fermata / arresto;Conducente;M;Illeso;0;;Non accertato;Inesploso
5128467;20;28/10/2020 09:00:00;Regionale entro l'abitato;VIA FLAMINIA;in prossimit�;;del civico n.;1113;;Scontro laterale fra veicoli in marcia;Curva a visuale libera;Due carreggiate;Asciutto;Asfaltata;Orizzontale;Sereno;Normale;Buona;;0;0;0;4;12.4931;41.9845;-1;1;Autovettura privata;In marcia / fermata / arresto;Passeggero;M;Illeso;0;;Non accertato;Inesploso
5128467;20;28/10/2020 09:00:00;Regionale entro l'abitato;VIA FLAMINIA;in prossimit�;;del civico n.;1113;;Scontro laterale fra veicoli in marcia;Curva a visuale libera;Due carreggiate;Asciutto;Asfaltata;Orizzontale;Sereno;Normale;Buona;;0;0;0;4;12.4931;41.9845;-1;1;Autovettura privata;In marcia / fermata / arresto;Passeggero;M;Illeso;0;;Non accertato;Inesploso
5128467;20;28/10/2020 09:00:00;Regionale entro l'abitato;VIA FLAMINIA;in prossimit�;;del civico n.;1113;;Scontro laterale fra veicoli in marcia;Curva a visuale libera;Due carreggiate;Asciutto;Asfaltata;Orizzontale;Sereno;Normale;Buona;;0;0;0;4;12.4931;41.9845;-1;2;Autocarro superiore 35 q.;In marcia / fermata / arresto;Conducente;M;Illeso;0;;Non accertato;Inesploso
5128540;18;28/10/2020 18:00:00;Strada Urbana;VIA DI BOCCEA;all'intersezione con;VIA DI PANTAN MONASTERO;VIA DI PANTAN MONASTERO;;;Scontro frontale/laterale DX fra veicoli in marcia;Intersezione stradale segnalata;Una carreggiata a doppio senso;Asciutto;Asfaltata;Verticale ed orizzontale;Sereno;Normale;Buona;;0;0;0;3;12.3628;41.9253;-1;1;Autovettura privata;In marcia / fermata / arresto;Conducente;F;Illeso;0;;Non accertato;Inesploso
5128540;18;28/10/2020 18:00:00;Strada Urbana;VIA DI BOCCEA;all'intersezione con;VIA DI PANTAN MONASTERO;VIA DI PANTAN MONASTERO;;;Scontro frontale/laterale DX fra veicoli in marcia;Intersezione stradale segnalata;Una carreggiata a doppio senso;Asciutto;Asfaltata;Verticale ed orizzontale;Sereno;Normale;Buona;;0;0;0;3;12.3628;41.9253;-1;2;Autovettura privata;In marcia / fermata / arresto;Conducente;M;Illeso;0;;Non accertato;Inesploso
5128540;18;28/10/2020 18:00:00;Strada Urbana;VIA DI BOCCEA;all'intersezione con;VIA DI PANTAN MONASTERO;VIA DI PANTAN MONASTERO;;;Scontro frontale/laterale DX fra veicoli in marcia;Intersezione stradale segnalata;Una carreggiata a doppio senso;Asciutto;Asfaltata;Verticale ed orizzontale;Sereno;Normale;Buona;;0;0;0;3;12.3628;41.9253;-1;2;Autovettura privata;In marcia / fermata / arresto;Passeggero;F;Illeso;0;;Non accertato;Inesploso
5128559;12;28/10/2020 18:39:00;Statale;VIA PONTINA;da specificare;;;;km 11.300 dir Pomezia prox svincolo V.C. Colombo;Scontro laterale fra veicoli in marcia;Rettilineo;Due carreggiate;Asciutto;Asfaltata;Verticale ed orizzontale;Sereno;Normale;Buona;;1;0;0;2;12.4596;41.8121;-1;1;Autovettura privata;In marcia / fermata / arresto;Conducente;M;Rifiuta cure immediate;0;NON DECEDUTO;;
5128559;12;28/10/2020 18:39:00;Statale;VIA PONTINA;da specificare;;;;km 11.300 dir Pomezia prox svincolo V.C. Colombo;Scontro laterale fra veicoli in marcia;Rettilineo;Due carreggiate;Asciutto;Asfaltata;Verticale ed orizzontale;Sereno;Normale;Buona;;1;0;0;2;12.4596;41.8121;-1;2;Autovettura privata;In marcia / fermata / arresto;Conducente;F;Illeso;0;;;
5128559;12;28/10/2020 18:39:00;Statale;VIA PONTINA;da specificare;;;;km 11.300 dir Pomezia prox svincolo V.C. Colombo;Scontro laterale fra veicoli in marcia;Rettilineo;Due carreggiate;Asciutto;Asfaltata;Verticale ed orizzontale;Sereno;Normale;Buona;;1;0;0;2;12.4596;41.8121;-1;2;Autovettura privata;In marcia / fermata / arresto;Passeggero;M;Illeso;0;;;
5128560;2;28/10/2020 08:25:00;Strada Urbana;VIA CHIANA;all'intersezione con;VIA LARIANA;VIA LARIANA;;;Scontro frontale/laterale SX fra veicoli in marcia;Incrocio;Una carreggiata a senso unico di marcia;Asciutto;Asfaltata;Verticale ed orizzontale;Sereno;Normale;Buona;;0;0;0;3;12.5055;41.9217;-1;1;Autovettura privata;In marcia / fermata / arresto;Conducente;F;Illeso;0;;Non accertato;Inesploso
5128560;2;28/10/2020 08:25:00;Strada Urbana;VIA CHIANA;all'intersezione con;VIA LARIANA;VIA LARIANA;;;Scontro frontale/laterale SX fra veicoli in marcia;Incrocio;Una carreggiata a senso unico di marcia;Asciutto;Asfaltata;Verticale ed orizzontale;Sereno;Normale;Buona;;0;0;0;3;12.5055;41.9217;-1;1;Autovettura privata;In marcia / fermata / arresto;Passeggero;M;Illeso;0;;Non accertato;Inesploso
5128560;2;28/10/2020 08:25:00;Strada Urbana;VIA CHIANA;all'intersezione con;VIA LARIANA;VIA LARIANA;;;Scontro frontale/laterale SX fra veicoli in marcia;Incrocio;Una carreggiata a senso unico di marcia;Asciutto;Asfaltata;Verticale ed orizzontale;Sereno;Normale;Buona;;0;0;0;3;12.5055;41.9217;-1;2;Autovettura privata;In marcia / fermata / arresto;Conducente;F;Illeso;0;;Non accertato;Inesploso
5128562;2;28/10/2020 08:25:00;Strada Urbana;VIA ULISSE ALDROVANDI;in prossimit�;;del civico n.;11;;Scontro frontale/laterale SX fra veicoli in marcia;Rettilineo;Una carreggiata a doppio senso;Asciutto;Asfaltata;Verticale ed orizzontale;Sereno;Normale;Buona;;0;0;0;2;12.4844;41.9182;-1;1;Autovettura privata;In marcia / fermata / arresto;Conducente;M;Illeso;0;;;
5128562;2;28/10/2020 08:25:00;Strada Urbana;VIA ULISSE ALDROVANDI;in prossimit�;;del civico n.;11;;Scontro frontale/laterale SX fra veicoli in marcia;Rettilineo;Una carreggiata a doppio senso;Asciutto;Asfaltata;Verticale ed orizzontale;Sereno;Normale;Buona;;0;0;0;2;12.4844;41.9182;-1;2;Motociclo a solo;In marcia / fermata / arresto;Conducente;M;Illeso;0;;Non accertato;
5128568;2;28/10/2020 09:50:00;Strada Urbana;VIA NOMENTANA;in prossimit�;;del civico n.;76;;Tamponamento;Rettilineo;Pi� di due carreggiate;Asciutto;Asfaltata;Verticale ed orizzontale;Sereno;Normale;Buona;;0;0;0;2;12.5122;41.9166;-1;1;Autovettura privata;In marcia / fermata / arresto;Conducente;F;Illeso;0;;;
5128568;2;28/10/2020 09:50:00;Strada Urbana;VIA NOMENTANA;in prossimit�;;del civico n.;76;;Tamponamento;Rettilineo;Pi� di due carreggiate;Asciutto;Asfaltata;Verticale ed orizzontale;Sereno;Normale;Buona;;0;0;0;2;12.5122;41.9166;-1;2;Autovettura privata;In marcia / fermata / arresto;Conducente;F;Illeso;0;;;
5128580;2;28/10/2020 13:30:00;Strada Urbana;VIA ANAPO;all'intersezione con;VIA CERESIO;VIA CERESIO;;;Scontro frontale/laterale SX fra veicoli in marcia;Incrocio;Una carreggiata a senso unico di marcia;Asciutto;Asfaltata;Verticale ed orizzontale;Sereno;Normale;Buona;;0;0;0;3;12.5078;41.9256;-1;1;Autovettura privata;In marcia / fermata / arresto;Conducente;M;Illeso;0;;;
5128580;2;28/10/2020 13:30:00;Strada Urbana;VIA ANAPO;all'intersezione con;VIA CERESIO;VIA CERESIO;;;Scontro frontale/laterale SX fra veicoli in marcia;Incrocio;Una carreggiata a senso unico di marcia;Asciutto;Asfaltata;Verticale ed orizzontale;Sereno;Normale;Buona;;0;0;0;3;12.5078;41.9256;-1;1;Autovettura privata;In marcia / fermata / arresto;Passeggero;M;Illeso;0;;;
5128580;2;28/10/2020 13:30:00;Strada Urbana;VIA ANAPO;all'intersezione con;VIA CERESIO;VIA CERESIO;;;Scontro frontale/laterale SX fra veicoli in marcia;Incrocio;Una carreggiata a senso unico di marcia;Asciutto;Asfaltata;Verticale ed orizzontale;Sereno;Normale;Buona;;0;0;0;3;12.5078;41.9256;-1;2;Autovettura privata;In marcia / fermata / arresto;Conducente;M;Illeso;0;;;
5128583;2;28/10/2020 17:15:00;Strada Urbana;LARGO TENENTE BELLINI;in prossimit�;;del civico n.;1;;Veicolo in marcia contro veicolo in sosta;Rettilineo;Una carreggiata a doppio senso;Asciutto;Asfaltata;Verticale ed orizzontale;Sereno;Scarso;Buona;;0;0;0;0;12.4913;41.9254;-1;1;Autovettura privata;Sosta;;;;;;;
5128589;2;28/10/2020 21:15:00;Strada Urbana;VIA LARIANA;in prossimit�;;del civico n.;21;;Veicolo in marcia contro veicolo in sosta;Rettilineo;Una carreggiata a senso unico di marcia;Asciutto;Asfaltata;Verticale ed orizzontale;Sereno;Scarso;Sufficiente;;0;0;0;1;12.5059;41.9253;-1;1;Autovettura privata;In marcia / fermata / arresto;Conducente;M;Illeso;0;;Non accertato;Inesploso
5128589;2;28/10/2020 21:15:00;Strada Urbana;VIA LARIANA;in prossimit�;;del civico n.;21;;Veicolo in marcia contro veicolo in sosta;Rettilineo;Una carreggiata a senso unico di marcia;Asciutto;Asfaltata;Verticale ed orizzontale;Sereno;Scarso;Sufficiente;;0;0;0;1;12.5059;41.9253;-1;2;Autovettura privata;Sosta;;;;;;;
5128589;2;28/10/2020 21:15:00;Strada Urbana;VIA LARIANA;in prossimit�;;del civico n.;21;;Veicolo in marcia contro veicolo in sosta;Rettilineo;Una carreggiata a senso unico di marcia;Asciutto;Asfaltata;Verticale ed orizzontale;Sereno;Scarso;Sufficiente;;0;0;0;1;12.5059;41.9253;-1;3;Autovettura privata;Sosta;;;;;;;
5128592;2;28/10/2020 23:15:00;Strada Urbana;VIA DI VILLA ADA;all'intersezione con;VIA BENACO;VIA BENACO;;;Scontro frontale/laterale SX fra veicoli in marcia;Incrocio;Due carreggiate;Asciutto;Asfaltata;Verticale ed orizzontale;Sereno;Scarso;Sufficiente;;0;0;0;4;12.5061;41.9239;-1;1;Autovettura privata;In marcia / fermata / arresto;Conducente;M;Illeso;0;;Non accertato;Inesploso
5128592;2;28/10/2020 23:15:00;Strada Urbana;VIA DI VILLA ADA;all'intersezione con;VIA BENACO;VIA BENACO;;;Scontro frontale/laterale SX fra veicoli in marcia;Incrocio;Due carreggiate;Asciutto;Asfaltata;Verticale ed orizzontale;Sereno;Scarso;Sufficiente;;0;0;0;4;12.5061;41.9239;-1;2;Autovettura privata;In marcia / fermata / arresto;Conducente;M;Illeso;0;;Non accertato;Inesploso
5128592;2;28/10/2020 23:15:00;Strada Urbana;VIA DI VILLA ADA;all'intersezione con;VIA BENACO;VIA BENACO;;;Scontro frontale/laterale SX fra veicoli in marcia;Incrocio;Due carreggiate;Asciutto;Asfaltata;Verticale ed orizzontale;Sereno;Scarso;Sufficiente;;0;0;0;4;12.5061;41.9239;-1;2;Autovettura privata;In marcia / fermata / arresto;Passeggero;M;Illeso;0;;Non accertato;Inesploso
5128592;2;28/10/2020 23:15:00;Strada Urbana;VIA DI VILLA ADA;all'intersezione con;VIA BENACO;VIA BENACO;;;Scontro frontale/laterale SX fra veicoli in marcia;Incrocio;Due carreggiate;Asciutto;Asfaltata;Verticale ed orizzontale;Sereno;Scarso;Sufficiente;;0;0;0;4;12.5061;41.9239;-1;2;Autovettura privata;In marcia / fermata / arresto;Passeggero;M;Illeso;0;;Non accertato;Inesploso
5128652;1;29/10/2020 09:15:00;Strada Urbana;VIA DI S. GIOVANNI IN LATERANO;all'intersezione con;VIA DEI NORMANNI;VIA DEI NORMANNI;;;Scontro frontale/laterale SX fra veicoli in marcia;Intersezione stradale segnalata;Una carreggiata a senso unico di marcia;Asciutto;In cubetti di porfido;Verticale ed orizzontale;Sereno;Scarso;Buona;;0;0;0;3;12.4988;41.8887;-1;1;Autovettura privata;In marcia / fermata / arresto;Conducente;M;Illeso;0;;;
5128652;1;29/10/2020 09:15:00;Strada Urbana;VIA DI S. GIOVANNI IN LATERANO;all'intersezione con;VIA DEI NORMANNI;VIA DEI NORMANNI;;;Scontro frontale/laterale SX fra veicoli in marcia;Intersezione stradale segnalata;Una carreggiata a senso unico di marcia;Asciutto;In cubetti di porfido;Verticale ed orizzontale;Sereno;Scarso;Buona;;0;0;0;3;12.4988;41.8887;-1;2;Autovettura privata;In marcia / fermata / arresto;Conducente;M;Illeso;0;;;
5128652;1;29/10/2020 09:15:00;Strada Urbana;VIA DI S. GIOVANNI IN LATERANO;all'intersezione con;VIA DEI NORMANNI;VIA DEI NORMANNI;;;Scontro frontale/laterale SX fra veicoli in marcia;Intersezione stradale segnalata;Una carreggiata a senso unico di marcia;Asciutto;In cubetti di porfido;Verticale ed orizzontale;Sereno;Scarso;Buona;;0;0;0;3;12.4988;41.8887;-1;2;Autovettura privata;In marcia / fermata / arresto;Passeggero;M;Illeso;0;;;
5128703;19;29/10/2020 09:50:00;Strada Urbana;VIA DELL'ACQUEDOTTO DEL PESCHIERA;da specificare;;;;altezza f.c. 22;Scontro laterale fra veicoli in marcia;Curva a visuale libera;Pi� di due carreggiate;Asciutto;Asfaltata;Verticale ed orizzontale;Sereno;Normale;Buona;;2;0;0;1;12.424;41.9391;-1;1;Autovettura privata;In marcia / fermata / arresto;Conducente;M;Illeso;0;;;
5128703;19;29/10/2020 09:50:00;Strada Urbana;VIA DELL'ACQUEDOTTO DEL PESCHIERA;da specificare;;;;altezza f.c. 22;Scontro laterale fra veicoli in marcia;Curva a visuale libera;Pi� di due carreggiate;Asciutto;Asfaltata;Verticale ed orizzontale;Sereno;Normale;Buona;;2;0;0;1;12.424;41.9391;-1;2;Motociclo a solo;In marcia / fermata / arresto;Conducente;M;Rifiuta cure immediate;0;NON DECEDUTO;;
5128703;19;29/10/2020 09:50:00;Strada Urbana;VIA DELL'ACQUEDOTTO DEL PESCHIERA;da specificare;;;;altezza f.c. 22;Scontro laterale fra veicoli in marcia;Curva a visuale libera;Pi� di due carreggiate;Asciutto;Asfaltata;Verticale ed orizzontale;Sereno;Normale;Buona;;2;0;0;1;12.424;41.9391;-1;2;Motociclo a solo;In marcia / fermata / arresto;Passeggero;F;Rifiuta cure immediate;0;NON DECEDUTO;;
5128752;6;29/10/2020 09:30:00;Strada Urbana;VIA LABICO;in prossimit�;;del civico n.;121;;Veicolo in marcia contro ostacolo accidentale;Rettilineo;Una carreggiata a senso unico di marcia;Asciutto;Asfaltata;Orizzontale;Sereno;Normale;Buona;;2;0;0;0;12.5505;41.8843;-1;1;Motociclo con passeggero;In marcia / fermata / arresto;Conducente;F;Rimandato;0;NON DECEDUTO;Non accertato;
5128752;6;29/10/2020 09:30:00;Strada Urbana;VIA LABICO;in prossimit�;;del civico n.;121;;Veicolo in marcia contro ostacolo accidentale;Rettilineo;Una carreggiata a senso unico di marcia;Asciutto;Asfaltata;Orizzontale;Sereno;Normale;Buona;;2;0;0;0;12.5505;41.8843;-1;1;Motociclo con passeggero;In marcia / fermata / arresto;Passeggero;M;Rimandato;0;NON DECEDUTO;Non accertato;
5128792;17;29/10/2020 10:15:00;Strada Urbana;VIA SFORZA PALLAVICINI;da specificare;;;;prossimit� Via Alberico II;Scontro laterale fra veicoli in marcia;Rettilineo;Una carreggiata a senso unico di marcia;Asciutto;Asfaltata;Verticale ed orizzontale;Sereno;Scarso;Buona;;0;0;0;4;12.4634;41.9049;-1;1;Autovettura privata;In marcia / fermata / arresto;Conducente;M;Illeso;0;;Non accertato;Inesploso
5128792;17;29/10/2020 10:15:00;Strada Urbana;VIA SFORZA PALLAVICINI;da specificare;;;;prossimit� Via Alberico II;Scontro laterale fra veicoli in marcia;Rettilineo;Una carreggiata a senso unico di marcia;Asciutto;Asfaltata;Verticale ed orizzontale;Sereno;Scarso;Buona;;0;0;0;4;12.4634;41.9049;-1;1;Autovettura privata;In marcia / fermata / arresto;Passeggero;F;Illeso;0;;;Inesploso
5128792;17;29/10/2020 10:15:00;Strada Urbana;VIA SFORZA PALLAVICINI;da specificare;;;;prossimit� Via Alberico II;Scontro laterale fra veicoli in marcia;Rettilineo;Una carreggiata a senso unico di marcia;Asciutto;Asfaltata;Verticale ed orizzontale;Sereno;Scarso;Buona;;0;0;0;4;12.4634;41.9049;-1;1;Autovettura privata;In marcia / fermata / arresto;Passeggero;F;Illeso;0;;;Inesploso
5128792;17;29/10/2020 10:15:00;Strada Urbana;VIA SFORZA PALLAVICINI;da specificare;;;;prossimit� Via Alberico II;Scontro laterale fra veicoli in marcia;Rettilineo;Una carreggiata a senso unico di marcia;Asciutto;Asfaltata;Verticale ed orizzontale;Sereno;Scarso;Buona;;0;0;0;4;12.4634;41.9049;-1;2;Motociclo a solo;In marcia / fermata / arresto;Conducente;M;Illeso;0;;Non accertato;
5129063;5;28/10/2020 09:15:00;Strada Urbana;VIALE GIORGIO CINGOLI;in prossimit�;;del civico n.;11;;Scontro frontale/laterale DX fra veicoli in marcia;Rettilineo;Due carreggiate;Asciutto;Asfaltata;Verticale ed orizzontale;Sereno;Scarso;Buona;;0;0;0;2;12.5441;41.9016;-1;1;Autovettura privata;In marcia / fermata / arresto;Conducente;F;Illeso;0;;Non accertato;Inesploso