Protocollo;Gruppo;DataOraIncidente;Localizzazione1;STRADA1;Localizzazione2;STRADA2;Strada02;Chilometrica;DaSpecificare;NaturaIncidente;particolaritastrade;TipoStrada;FondoStradale;Pavimentazione;Segnaletica;CondizioneAtmosferica;Traffico;Visibilita;Illuminazione;NUM_FERITI;NUM_RISERVATA;NUM_MORTI;NUM_ILLESI;Longitudine;Latitudine;Confermato;Progressivo;TipoVeicolo;StatoVeicolo;TipoPersona;Sesso;Tipolesione;Deceduto;DecedutoDopo;CinturaCascoUtilizzato;Airbag;
5130564;2;29/10/2020 11:24:00;Strada Urbana;VIA PIETRO ANTONIO MICHELI;all'intersezione con;VIA FRANCESCO EULALIO SAVASTANO;VIA FRANCESCO EULALIO SAVASTANO;;;Veicolo in marcia contro veicolo in sosta;Incrocio;Una carreggiata a senso unico di marcia;Asciutto;Asfaltata;Verticale ed orizzontale;Sereno;Normale;Buona;;0;0;0;3;12.4825;41.9234;-1;1;Autovettura privata;In marcia / fermata / arresto;Conducente;M;Illeso;0;;;
5130564;2;29/10/2020 11:24:00;Strada Urbana;VIA PIETRO ANTONIO MICHELI;all'intersezione con;VIA FRANCESCO EULALIO SAVASTANO;VIA FRANCESCO EULALIO SAVASTANO;;;Veicolo in marcia contro veicolo in sosta;Incrocio;Una carreggiata a senso unico di marcia;Asciutto;Asfaltata;Verticale ed orizzontale;Sereno;Normale;Buona;;0;0;0;3;12.4825;41.9234;-1;2;Ciclomotore con passeggero;In marcia / fermata / arresto;Conducente;F;Illeso;0;;;
5130564;2;29/10/2020 11:24:00;Strada Urbana;VIA PIETRO ANTONIO MICHELI;all'intersezione con;VIA FRANCESCO EULALIO SAVASTANO;VIA FRANCESCO EULALIO SAVASTANO;;;Veicolo in marcia contro veicolo in sosta;Incrocio;Una carreggiata a senso unico di marcia;Asciutto;Asfaltata;Verticale ed orizzontale;Sereno;Normale;Buona;;0;0;0;3;12.4825;41.9234;-1;2;Ciclomotore con passeggero;In marcia / fermata / arresto;Passeggero;F;Illeso;0;;;
5130564;2;29/10/2020 11:24:00;Strada Urbana;VIA PIETRO ANTONIO MICHELI;all'intersezione con;VIA FRANCESCO EULALIO SAVASTANO;VIA FRANCESCO EULALIO SAVASTANO;;;Veicolo in marcia contro veicolo in sosta;Incrocio;Una carreggiata a senso unico di marcia;Asciutto;Asfaltata;Verticale ed orizzontale;Sereno;Normale;Buona;;0;0;0;3;12.4825;41.9234;-1;3;Autovettura privata;Sosta;;;;;;;
5130569;2;29/10/2020 18:50:00;Strada Urbana;PIAZZA EUCLIDE;da specificare;;;;angolo via Civinini;Tamponamento Multiplo;Rettilineo;Una carreggiata a senso unico di marcia;Asciutto;Asfaltata;Verticale ed orizzontale;Sereno;Normale;Buona;;0;0;0;3;12.4813;41.9267;-1;1;Autovettura privata;In marcia / fermata / arresto;Conducente;F;Illeso;0;;;
5130569;2;29/10/2020 18:50:00;Strada Urbana;PIAZZA EUCLIDE;da specificare;;;;angolo via Civinini;Tamponamento Multiplo;Rettilineo;Una carreggiata a senso unico di marcia;Asciutto;Asfaltata;Verticale ed orizzontale;Sereno;Normale;Buona;;0;0;0;3;12.4813;41.9267;-1;2;Autovettura privata;In marcia / fermata / arresto;Conducente;M;Illeso;0;;;
5130569;2;29/10/2020 18:50:00;Strada Urbana;PIAZZA EUCLIDE;da specificare;;;;angolo via Civinini;Tamponamento Multiplo;Rettilineo;Una carreggiata a senso unico di marcia;Asciutto;Asfaltata;Verticale ed orizzontale;Sereno;Normale;Buona;;0;0;0;3;12.4813;41.9267;-1;3;Autovettura privata;In marcia / fermata / arresto;Conducente;M;Illeso;0;;;
5130633;6;25/10/2020 13:00:00;Strada Urbana;VIA CASILINA;in corrispondenza;;del civico n.;299;;Veicolo in marcia contro ostacolo accidentale;Rettilineo;Due carreggiate;Asciutto;Asfaltata;Verticale ed orizzontale;Sereno;Normale;Buona;;1;0;0;0;12.5335;41.8831;-1;1;Motociclo a solo;In marcia / fermata / arresto;Conducente;M;Rimandato;0;NON DECEDUTO;Non accertato;
5130654;18;30/10/2020 11:00:00;Strada Urbana;VIA DI BOCCEA;all'intersezione con;VIA MORSASCO;VIA MORSASCO;;;Scontro frontale/laterale DX fra veicoli in marcia;Intersezione stradale segnalata;Una carreggiata a doppio senso;Asciutto;Asfaltata;Verticale ed orizzontale;Sereno;Intenso;Buona;;0;0;0;2;12.3636;41.9293;-1;1;Autovettura privata;In marcia / fermata / arresto;Conducente;M;Illeso;0;;Non accertato;Inesploso
5130654;18;30/10/2020 11:00:00;Strada Urbana;VIA DI BOCCEA;all'intersezione con;VIA MORSASCO;VIA MORSASCO;;;Scontro frontale/laterale DX fra veicoli in marcia;Intersezione stradale segnalata;Una carreggiata a doppio senso;Asciutto;Asfaltata;Verticale ed orizzontale;Sereno;Intenso;Buona;;0;0;0;2;12.3636;41.9293;-1;2;Autovettura privata;In marcia / fermata / arresto;Conducente;F;Illeso;0;;Non accertato;Inesploso
5130733;17;29/10/2020 15:20:00;Strada Urbana;VIALE GIUSEPPE MAZZINI;in prossimit�;;del civico n.;121;;Veicolo in marcia contro veicoli in sosta;Rettilineo;Due carreggiate;Asciutto;Asfaltata;Verticale ed orizzontale;Sereno;Scarso;Buona;;0;0;0;1;12.4566;41.9153;-1;1;Autovettura pubblica;In marcia / fermata / arresto;Conducente;M;Illeso;0;;;
5130733;17;29/10/2020 15:20:00;Strada Urbana;VIALE GIUSEPPE MAZZINI;in prossimit�;;del civico n.;121;;Veicolo in marcia contro veicoli in sosta;Rettilineo;Due carreggiate;Asciutto;Asfaltata;Verticale ed orizzontale;Sereno;Scarso;Buona;;0;0;0;1;12.4566;41.9153;-1;2;Autovettura privata;Sosta;;;;;;;
5130733;17;29/10/2020 15:20:00;Strada Urbana;VIALE GIUSEPPE MAZZINI;in prossimit�;;del civico n.;121;;Veicolo in marcia contro veicoli in sosta;Rettilineo;Due carreggiate;Asciutto;Asfaltata;Verticale ed orizzontale;Sereno;Scarso;Buona;;0;0;0;1;12.4566;41.9153;-1;3;Autovettura privata;Sosta;;;;;;;
5130733;17;29/10/2020 15:20:00;Strada Urbana;VIALE GIUSEPPE MAZZINI;in prossimit�;;del civico n.;121;;Veicolo in marcia contro veicoli in sosta;Rettilineo;Due carreggiate;Asciutto;Asfaltata;Verticale ed orizzontale;Sereno;Scarso;Buona;;0;0;0;1;12.4566;41.9153;-1;4;Autovettura privata;Sosta;;;;;;;
5130733;17;29/10/2020 15:20:00;Strada Urbana;VIALE GIUSEPPE MAZZINI;in prossimit�;;del civico n.;121;;Veicolo in marcia contro veicoli in sosta;Rettilineo;Due carreggiate;Asciutto;Asfaltata;Verticale ed orizzontale;Sereno;Scarso;Buona;;0;0;0;1;12.4566;41.9153;-1;5;Autovettura privata;Sosta;;;;;;;
5130792;8;30/10/2020 09:15:00;Strada Urbana;VIALE DEI ROMANISTI;all'intersezione semaforizzata con;VIA DI TORRE SPACCATA;VIA DI TORRE SPACCATA;;;Scontro frontale/laterale SX fra veicoli in marcia;Intersezione semaforizzata;Due carreggiate;Asciutto;Asfaltata;Verticale ed orizzontale;Sereno;Intenso;Buona;;1;0;0;1;12.5774;41.8675;-1;1;Autovettura privata;In marcia / fermata / arresto;Conducente;M;Rimandato;0;NON DECEDUTO;;
5130792;8;30/10/2020 09:15:00;Strada Urbana;VIALE DEI ROMANISTI;all'intersezione semaforizzata con;VIA DI TORRE SPACCATA;VIA DI TORRE SPACCATA;;;Scontro frontale/laterale SX fra veicoli in marcia;Intersezione semaforizzata;Due carreggiate;Asciutto;Asfaltata;Verticale ed orizzontale;Sereno;Intenso;Buona;;1;0;0;1;12.5774;41.8675;-1;2;Autovettura privata;In marcia / fermata / arresto;Conducente;F;Illeso;0;;;
5130931;1;30/10/2020 08:00:00;Strada Urbana;PIAZZA VITTORIO EMANUELE II;all'intersezione con;VIA MAMIANI;VIA MAMIANI;;;Investimento di pedone;Incrocio;Due carreggiate;Asciutto;Asfaltata;Verticale ed orizzontale;Sereno;Normale;Buona;;1;0;1;0;12.5043;41.8955;-1;;;;Pedone;M;Prognosi riservata;0;DECEDUTO DA 25 A 48 ORE DOPO;;
5130931;1;30/10/2020 08:00:00;Strada Urbana;PIAZZA VITTORIO EMANUELE II;all'intersezione con;VIA MAMIANI;VIA MAMIANI;;;Investimento di pedone;Incrocio;Due carreggiate;Asciutto;Asfaltata;Verticale ed orizzontale;Sereno;Normale;Buona;;1;0;1;0;12.5043;41.8955;-1;1;Motociclo a solo;In marcia / fermata / arresto;Conducente;M;Rimandato;0;NON DECEDUTO;Non accertato;
5131018;18;30/10/2020 11:40:00;Strada Urbana;VIA GREGORIO VII;in corrispondenza;;del civico n.;91;;Veicolo in marcia contro veicolo fermo;Rettilineo;Due carreggiate;Asciutto;Asfaltata;Verticale ed orizzontale;Sereno;Normale;Buona;;0;0;0;3;12.4502;41.8969;-1;1;Autovettura privata;In marcia / fermata / arresto;Conducente;M;Illeso;0;;Non accertato;Inesploso
5131018;18;30/10/2020 11:40:00;Strada Urbana;VIA GREGORIO VII;in corrispondenza;;del civico n.;91;;Veicolo in marcia contro veicolo fermo;Rettilineo;Due carreggiate;Asciutto;Asfaltata;Verticale ed orizzontale;Sereno;Normale;Buona;;0;0;0;3;12.4502;41.8969;-1;1;Autovettura privata;In marcia / fermata / arresto;Passeggero;F;Illeso;0;;Non accertato;Inesploso
5131018;18;30/10/2020 11:40:00;Strada Urbana;VIA GREGORIO VII;in corrispondenza;;del civico n.;91;;Veicolo in marcia contro veicolo fermo;Rettilineo;Due carreggiate;Asciutto;Asfaltata;Verticale ed orizzontale;Sereno;Normale;Buona;;0;0;0;3;12.4502;41.8969;-1;2;Autovettura privata;In marcia / fermata / arresto;Conducente;F;Illeso;0;;Non accertato;Inesploso
5131049;17;29/10/2020 14:50:00;Strada Urbana;VIA CATULLO;all'intersezione con;VIA TERENZIO;VIA TERENZIO;;;Scontro frontale/laterale DX fra veicoli in marcia;Intersezione stradale segnalata;Una carreggiata a senso unico di marcia;Asciutto;Asfaltata;Verticale ed orizzontale;Sereno;Intenso;Buona;;0;0;0;2;12.4629;41.9069;-1;1;Autovettura privata;In marcia / fermata / arresto;Conducente;M;Illeso;0;;;
5131049;17;29/10/2020 14:50:00;Strada Urbana;VIA CATULLO;all'intersezione con;VIA TERENZIO;VIA TERENZIO;;;Scontro frontale/laterale DX fra veicoli in marcia;Intersezione stradale segnalata;Una carreggiata a senso unico di marcia;Asciutto;Asfaltata;Verticale ed orizzontale;Sereno;Intenso;Buona;;0;0;0;2;12.4629;41.9069;-1;2;Autovettura privata;In marcia / fermata / arresto;Conducente;F;Illeso;0;;;
5131061;18;30/10/2020 13:00:00;Strada Urbana;VIA AURELIA;in corrispondenza;;del civico n.;709;;Tamponamento;Rettilineo;Due carreggiate;Asciutto;Asfaltata;Verticale ed orizzontale;Sereno;Normale;Buona;;1;0;0;1;12.4146;41.8928;-1;1;Autovettura privata;In marcia / fermata / arresto;Conducente;F;Illeso;0;;;
5131061;18;30/10/2020 13:00:00;Strada Urbana;VIA AURELIA;in corrispondenza;;del civico n.;709;;Tamponamento;Rettilineo;Due carreggiate;Asciutto;Asfaltata;Verticale ed orizzontale;Sereno;Normale;Buona;;1;0;0;1;12.4146;41.8928;-1;2;Velocipede;In marcia / fermata / arresto;Conducente;M;Rifiuta cure immediate;0;NON DECEDUTO;Esente;
5131181;16;29/10/2020 23:45:00;;VIA DELLA VIGNACCIA;in corrispondenza;;del civico n.;425;;Ribaltamento senza urto contro ostacolo fisso;;;;;;;;;;0;0;0;1;;;0;1;Autovettura privata;In marcia / fermata / arresto;Conducente;M;Illeso;0;;;
5131242;17;29/10/2020 13:30:00;Strada Urbana;LARGO GIOVANNI XXIII;da specificare;;;;sottopasso svincolo Gregorio VII;Infortunio per caduta del veicolo;Curva a visuale libera;Una carreggiata a senso unico di marcia;Asciutto;Asfaltata;Verticale;Sereno;Normale;Buona;;1;0;0;0;12.4644;41.9022;-1;1;Motociclo a solo;In marcia / fermata / arresto;Conducente;M;Rimandato;0;NON DECEDUTO;;
5131279;16;30/10/2020 10:15:00;Strada Urbana;VIA BERNARDINO RAMAZZINI;in corrispondenza;;del palo luce n.;12;;Scontro frontale/laterale DX fra veicoli in marcia;Rettilineo;Una carreggiata a senso unico di marcia;Asciutto;Asfaltata;Assente;Sereno;Normale;Buona;;1;0;0;1;12.4505;41.8666;-1;1;Autovettura privata;In marcia / fermata / arresto;Conducente;M;Illeso;0;;Non accertato;Inesploso
5131279;16;30/10/2020 10:15:00;Strada Urbana;VIA BERNARDINO RAMAZZINI;in corrispondenza;;del palo luce n.;12;;Scontro frontale/laterale DX fra veicoli in marcia;Rettilineo;Una carreggiata a senso unico di marcia;Asciutto;Asfaltata;Assente;Sereno;Normale;Buona;;1;0;0;1;12.4505;41.8666;-1;2;Motociclo a solo;In marcia / fermata / arresto;Conducente;M;Rimandato;0;NON DECEDUTO;Non accertato;
5131297;16;30/10/2020 12:05:00;Strada Urbana;VIA ANDREA BUSIRI VICI;all'intersezione con;VIALE DEI QUATTRO VENTI;VIALE DEI QUATTRO VENTI;;;Scontro frontale/laterale DX fra veicoli in marcia;Intersezione stradale segnalata;Una carreggiata a doppio senso;Asciutto;Asfaltata;Verticale ed orizzontale;Sereno;Normale;Buona;;0;0;0;3;12.4577;41.8827;-1;1;Autovettura privata;In marcia / fermata / arresto;Conducente;F;Illeso;0;;Non accertato;
5131297;16;30/10/2020 12:05:00;Strada Urbana;VIA ANDREA BUSIRI VICI;all'intersezione con;VIALE DEI QUATTRO VENTI;VIALE DEI QUATTRO VENTI;;;Scontro frontale/laterale DX fra veicoli in marcia;Intersezione stradale segnalata;Una carreggiata a doppio senso;Asciutto;Asfaltata;Verticale ed orizzontale;Sereno;Normale;Buona;;0;0;0;3;12.4577;41.8827;-1;2;Autovettura privata;In marcia / fermata / arresto;Conducente;F;Illeso;0;;Non accertato;
5131297;16;30/10/2020 12:05:00;Strada Urbana;VIA ANDREA BUSIRI VICI;all'intersezione con;VIALE DEI QUATTRO VENTI;VIALE DEI QUATTRO VENTI;;;Scontro frontale/laterale DX fra veicoli in marcia;Intersezione stradale segnalata;Una carreggiata a doppio senso;Asciutto;Asfaltata;Verticale ed orizzontale;Sereno;Normale;Buona;;0;0;0;3;12.4577;41.8827;-1;2;Autovettura privata;In marcia / fermata / arresto;Passeggero;M;Illeso;0;;Non accertato;
5131346;17;29/10/2020 05:20:00;Strada Urbana;VIA TRIONFALE;in prossimit�;;del civico n.;110;;Veicolo in marcia contro veicolo in sosta;Rettilineo;Una carreggiata a doppio senso;Asciutto;Asfaltata;Verticale ed orizzontale;Sereno;Normale;Buona;;0;0;0;1;12.4517;41.9132;-1;1;Autocarro inferiore 35 q.;Sosta;;;;;;;
5131346;17;29/10/2020 05:20:00;Strada Urbana;VIA TRIONFALE;in prossimit�;;del civico n.;110;;Veicolo in marcia contro veicolo in sosta;Rettilineo;Una carreggiata a doppio senso;Asciutto;Asfaltata;Verticale ed orizzontale;Sereno;Normale;Buona;;0;0;0;1;12.4517;41.9132;-1;2;Autovettura privata;In marcia / fermata / arresto;Conducente;M;Illeso;0;;;
5131351;17;29/10/2020 19:30:00;Strada Urbana;VIALE DELLE MILIZIE;in corrispondenza;;del civico n.;16;;Infortunio per sola frenata improvvisa;Rettilineo;Pi� di due carreggiate;Asciutto;Asfaltata;Verticale ed orizzontale;Sereno;Scarso;Sufficiente;;0;0;0;1;12.4672;41.9137;-1;1;Motociclo a solo;In marcia / fermata / arresto;Conducente;M;Illeso;0;;;
5131371;1;30/10/2020 16:50:00;Strada Urbana;LUNGOTEVERE TOR DI NONA;in prossimit�;;del civico n.;7;;Tamponamento;Rettilineo;Una carreggiata a senso unico di marcia;Asciutto;Asfaltata;Verticale ed orizzontale;Sereno;Normale;Buona;;0;0;0;2;12.4677;41.9013;-1;1;Autocarro inferiore 35 q.;In marcia / fermata / arresto;Conducente;M;Illeso;0;;Non accertato;Inesploso
5131371;1;30/10/2020 16:50:00;Strada Urbana;LUNGOTEVERE TOR DI NONA;in prossimit�;;del civico n.;7;;Tamponamento;Rettilineo;Una carreggiata a senso unico di marcia;Asciutto;Asfaltata;Verticale ed orizzontale;Sereno;Normale;Buona;;0;0;0;2;12.4677;41.9013;-1;2;Autovettura privata;In marcia / fermata / arresto;Conducente;F;Illeso;0;;Non accertato;Inesploso
5131426;1;30/10/2020 16:20:00;Strada Urbana;VIALE GUIDO BACCELLI;in prossimit�;;del civico n.;11;;Infortunio per sola frenata improvvisa;Rettilineo;Una carreggiata a doppio senso;Asciutto;Asfaltata;Verticale ed orizzontale;Sereno;Normale;Buona;;0;0;0;1;12.4904;41.8824;0;1;Motociclo a solo;In marcia / fermata / arresto;Conducente;M;Illeso;0;;Utilizzato;
5131445;6;30/10/2020 15:10:00;Strada Urbana;VIA BRITANNIA;all'intersezione semaforizzata con;PIAZZA TUSCOLO;PIAZZA TUSCOLO;;;Scontro laterale fra veicoli in marcia;Intersezione semaforizzata;Due carreggiate;Asciutto;Asfaltata;Verticale ed orizzontale;Sereno;Intenso;Buona;;0;0;0;4;12.5082;41.8804;-1;1;Autovettura pubblica;In marcia / fermata / arresto;Conducente;M;Illeso;0;;Non accertato;Inesploso
5131445;6;30/10/2020 15:10:00;Strada Urbana;VIA BRITANNIA;all'intersezione semaforizzata con;PIAZZA TUSCOLO;PIAZZA TUSCOLO;;;Scontro laterale fra veicoli in marcia;Intersezione semaforizzata;Due carreggiate;Asciutto;Asfaltata;Verticale ed orizzontale;Sereno;Intenso;Buona;;0;0;0;4;12.5082;41.8804;-1;2;Autovettura di polizia;In marcia / fermata / arresto;Conducente;M;Illeso;0;;Non accertato;Inesploso
5131445;6;30/10/2020 15:10:00;Strada Urbana;VIA BRITANNIA;all'intersezione semaforizzata con;PIAZZA TUSCOLO;PIAZZA TUSCOLO;;;Scontro laterale fra veicoli in marcia;Intersezione semaforizzata;Due carreggiate;Asciutto;Asfaltata;Verticale ed orizzontale;Sereno;Intenso;Buona;;0;0;0;4;12.5082;41.8804;-1;2;Autovettura di polizia;In marcia / fermata / arresto;Passeggero;F;Illeso;0;;Non accertato;Inesploso
5131445;6;30/10/2020 15:10:00;Strada Urbana;VIA BRITANNIA;all'intersezione semaforizzata con;PIAZZA TUSCOLO;PIAZZA TUSCOLO;;;Scontro laterale fra veicoli in marcia;Intersezione semaforizzata;Due carreggiate;Asciutto;Asfaltata;Verticale ed orizzontale;Sereno;Intenso;Buona;;0;0;0;4;12.5082;41.8804;-1;2;Autovettura di polizia;In marcia / fermata / arresto;Passeggero;F;Illeso;0;;Non accertato;Inesploso
5131446;17;30/10/2020 16:15:00;Strada Urbana;PIAZZALE CLODIO;in prossimit�;;del civico n.;14;;Veicolo in marcia contro ostacolo accidentale;Rettilineo;Una carreggiata a senso unico di marcia;Asciutto;Asfaltata;Verticale ed orizzontale;Sereno;Normale;Buona;;0;0;0;2;12.4543;41.9162;-1;1;Autovettura privata;In marcia / fermata / arresto;Conducente;F;Illeso;0;;;
5131446;17;30/10/2020 16:15:00;Strada Urbana;PIAZZALE CLODIO;in prossimit�;;del civico n.;14;;Veicolo in marcia contro ostacolo accidentale;Rettilineo;Una carreggiata a senso unico di marcia;Asciutto;Asfaltata;Verticale ed orizzontale;Sereno;Normale;Buona;;0;0;0;2;12.4543;41.9162;-1;1;Autovettura privata;In marcia / fermata / arresto;Passeggero;F;Illeso;0;;;
5131681;1;30/10/2020 22:00:00;Strada Urbana;VIA TOR DE' CONTI;in prossimit�;;del civico n.;26;;Scontro frontale/laterale SX fra veicoli in marcia;Curva senza visuale libera;Una carreggiata a senso unico di marcia;Asciutto;Asfaltata;Verticale;Sereno;Scarso;Buona;;0;0;0;2;12.5628;41.8849;-1;1;Autocarro inferiore 35 q.;In marcia / fermata / arresto;Conducente;M;Illeso;0;;;
5131681;1;30/10/2020 22:00:00;Strada Urbana;VIA TOR DE' CONTI;in prossimit�;;del civico n.;26;;Scontro frontale/laterale SX fra veicoli in marcia;Curva senza visuale libera;Una carreggiata a senso unico di marcia;Asciutto;Asfaltata;Verticale;Sereno;Scarso;Buona;;0;0;0;2;12.5628;41.8849;-1;2;Autovettura privata;In marcia / fermata / arresto;Conducente;M;Illeso;0;;;
5131696;8;30/10/2020 08:15:00;Strada Urbana;VIALE OXFORD;da specificare;;;;prossimit� Policlinico Tor Vergata;Scontro laterale fra veicoli in marcia;Rettilineo;Una carreggiata a senso unico di marcia;Asciutto;Asfaltata;Verticale ed orizzontale;Sereno;Scarso;Buona;;1;0;0;1;12.6275;41.8587;-1;1;Autobus urbano;In marcia / fermata / arresto;Conducente;M;Illeso;0;;Non accertato;Inesploso
5131696;8;30/10/2020 08:15:00;Strada Urbana;VIALE OXFORD;da specificare;;;;prossimit� Policlinico Tor Vergata;Scontro laterale fra veicoli in marcia;Rettilineo;Una carreggiata a senso unico di marcia;Asciutto;Asfaltata;Verticale ed orizzontale;Sereno;Scarso;Buona;;1;0;0;1;12.6275;41.8587;-1;2;Autovettura privata;In marcia / fermata / arresto;Conducente;F;Rimandato;0;NON DECEDUTO;Non accertato;Inesploso
5131699;8;30/10/2020 11:45:00;Strada Urbana;VIA DI VALLE ALESSANDRA;all'intersezione con;VIA DI TORRE VERDE;VIA DI TORRE VERDE;;;Scontro laterale fra veicoli in marcia;Incrocio;Una carreggiata a doppio senso;Asciutto;Asfaltata;Verticale ed orizzontale;Sereno;Scarso;Buona;;0;0;0;2;12.6401;41.8586;-1;1;Autovettura privata;In marcia / fermata / arresto;Conducente;F;Illeso;0;;Non accertato;Inesploso
5131699;8;30/10/2020 11:45:00;Strada Urbana;VIA DI VALLE ALESSANDRA;all'intersezione con;VIA DI TORRE VERDE;VIA DI TORRE VERDE;;;Scontro laterale fra veicoli in marcia;Incrocio;Una carreggiata a doppio senso;Asciutto;Asfaltata;Verticale ed orizzontale;Sereno;Scarso;Buona;;0;0;0;2;12.6401;41.8586;-1;2;Autovettura privata;In marcia / fermata / arresto;Conducente;F;Illeso;0;;Non accertato;Inesploso
5131711;8;30/10/2020 14:20:00;Strada Urbana;VIA NOCERA TERINESE;da specificare;;;;pross. VIA SANT'ILARIO DELLO IONIO;Scontro laterale fra veicoli in marcia;Rettilineo;Una carreggiata a doppio senso;Asciutto;Asfaltata;Verticale;Sereno;Scarso;Buona;;0;0;0;5;12.6922;41.8709;-1;1;Autovettura privata;In marcia / fermata / arresto;Conducente;M;Illeso;0;;Non accertato;Inesploso
5131711;8;30/10/2020 14:20:00;Strada Urbana;VIA NOCERA TERINESE;da specificare;;;;pross. VIA SANT'ILARIO DELLO IONIO;Scontro laterale fra veicoli in marcia;Rettilineo;Una carreggiata a doppio senso;Asciutto;Asfaltata;Verticale;Sereno;Scarso;Buona;;0;0;0;5;12.6922;41.8709;-1;1;Autovettura privata;In marcia / fermata / arresto;Passeggero;F;Illeso;0;;Non accertato;Inesploso
5131711;8;30/10/2020 14:20:00;Strada Urbana;VIA NOCERA TERINESE;da specificare;;;;pross. VIA SANT'ILARIO DELLO IONIO;Scontro laterale fra veicoli in marcia;Rettilineo;Una carreggiata a doppio senso;Asciutto;Asfaltata;Verticale;Sereno;Scarso;Buona;;0;0;0;5;12.6922;41.8709;-1;1;Autovettura privata;In marcia / fermata / arresto;Passeggero;M;Illeso;0;;Non accertato;Inesploso
5131711;8;30/10/2020 14:20:00;Strada Urbana;VIA NOCERA TERINESE;da specificare;;;;pross. VIA SANT'ILARIO DELLO IONIO;Scontro laterale fra veicoli in marcia;Rettilineo;Una carreggiata a doppio senso;Asciutto;Asfaltata;Verticale;Sereno;Scarso;Buona;;0;0;0;5;12.6922;41.8709;-1;2;Autocarro inferiore 35 q.;In marcia / fermata / arresto;Conducente;M;Illeso;0;;Non accertato;Inesploso
5131711;8;30/10/2020 14:20:00;Strada Urbana;VIA NOCERA TERINESE;da specificare;;;;pross. VIA SANT'ILARIO DELLO IONIO;Scontro laterale fra veicoli in marcia;Rettilineo;Una carreggiata a doppio senso;Asciutto;Asfaltata;Verticale;Sereno;Scarso;Buona;;0;0;0;5;12.6922;41.8709;-1;2;Autocarro inferiore 35 q.;In marcia / fermata / arresto;Passeggero;M;Illeso;0;;Non accertato;Inesploso
5131712;15;30/10/2020 10:40:00;Strada Urbana;VIALE ISACCO NEWTON;da specificare;;;;rampa immissone dir.ne Colli Portuensi;Tamponamento;Rettilineo;Due carreggiate;Asciutto;Asfaltata;Orizzontale;Sereno;Normale;Buona;;1;0;0;1;12.4427;41.8481;-1;1;Motociclo a solo;In marcia / fermata / arresto;Conducente;M;Rimandato;0;NON DECEDUTO;;
5131712;15;30/10/2020 10:40:00;Strada Urbana;VIALE ISACCO NEWTON;da specificare;;;;rampa immissone dir.ne Colli Portuensi;Tamponamento;Rettilineo;Due carreggiate;Asciutto;Asfaltata;Orizzontale;Sereno;Normale;Buona;;1;0;0;1;12.4427;41.8481;-1;2;Autovettura privata;In marcia / fermata / arresto;Conducente;M;Illeso;0;;;Inesploso
5131715;8;30/10/2020 14:50:00;Strada Urbana;VIA DELL'ARCHEOLOGIA;in corrispondenza;;del civico n.;241;;Veicolo in marcia contro veicolo in sosta;Rettilineo;Una carreggiata a doppio senso;Asciutto;Asfaltata;Verticale ed orizzontale;Sereno;Normale;Buona;;1;0;0;0;12.6297;41.8787;-1;1;Autovettura privata;In marcia / fermata / arresto;Conducente;F;Rimandato;0;NON DECEDUTO;Non accertato;Inesploso
5131715;8;30/10/2020 14:50:00;Strada Urbana;VIA DELL'ARCHEOLOGIA;in corrispondenza;;del civico n.;241;;Veicolo in marcia contro veicolo in sosta;Rettilineo;Una carreggiata a doppio senso;Asciutto;Asfaltata;Verticale ed orizzontale;Sereno;Normale;Buona;;1;0;0;0;12.6297;41.8787;-1;2;Autovettura privata;Sosta;;;;;;;
5131718;8;30/10/2020 15:30:00;Strada Urbana;VIA SICULIANA;in prossimit�;;del civico n.;124;;Veicolo in marcia contro ostacolo accidentale;Rettilineo;Una carreggiata a doppio senso;Asciutto;Asfaltata;Verticale;Sereno;Normale;Buona;;0;0;0;1;12.6553;41.8702;-1;1;Autovettura privata;In marcia / fermata / arresto;Conducente;M;Illeso;0;;Non accertato;Inesploso
5131720;8;30/10/2020 17:25:00;Strada Urbana;VIA PRENESTINA;all'intersezione con;VIA DI VALLE BAGNATA;VIA DI VALLE BAGNATA;;;Infortunio per sola frenata improvvisa;Incrocio;Una carreggiata a doppio senso;Asciutto;Asfaltata;Orizzontale;Nuvoloso;Intenso;Sufficiente;;1;0;0;1;12.6155;41.8933;-1;1;Motociclo a solo;In marcia / fermata / arresto;Conducente;M;Rifiuta cure immediate;0;NON DECEDUTO;;
5131720;8;30/10/2020 17:25:00;Strada Urbana;VIA PRENESTINA;all'intersezione con;VIA DI VALLE BAGNATA;VIA DI VALLE BAGNATA;;;Infortunio per sola frenata improvvisa;Incrocio;Una carreggiata a doppio senso;Asciutto;Asfaltata;Orizzontale;Nuvoloso;Intenso;Sufficiente;;1;0;0;1;12.6155;41.8933;-1;2;Autovettura privata;In marcia / fermata / arresto;Conducente;M;Illeso;0;;;
5131721;7;30/10/2020 08:50:00;Strada Urbana;VIALE PALMIRO TOGLIATTI;all'intersezione con;PIAZZALE PINO PASCALI;PIAZZALE PINO PASCALI;;;Scontro laterale fra veicoli in marcia;Intersezione stradale segnalata;Due carreggiate;Asciutto;Asfaltata;Verticale ed orizzontale;Sereno;Normale;Buona;;3;0;0;2;12.5758;41.8973;-1;1;Autovettura privata;In marcia / fermata / arresto;Conducente;M;Rimandato;0;NON DECEDUTO;Non accertato;Inesploso
5131721;7;30/10/2020 08:50:00;Strada Urbana;VIALE PALMIRO TOGLIATTI;all'intersezione con;PIAZZALE PINO PASCALI;PIAZZALE PINO PASCALI;;;Scontro laterale fra veicoli in marcia;Intersezione stradale segnalata;Due carreggiate;Asciutto;Asfaltata;Verticale ed orizzontale;Sereno;Normale;Buona;;3;0;0;2;12.5758;41.8973;-1;2;Autovettura di polizia;In marcia / fermata / arresto;Conducente;M;Rimandato;0;NON DECEDUTO;Non accertato;Esploso