Protocollo;Gruppo;DataOraIncidente;Localizzazione1;STRADA1;Localizzazione2;STRADA2;Strada02;Chilometrica;DaSpecificare;NaturaIncidente;particolaritastrade;TipoStrada;FondoStradale;Pavimentazione;Segnaletica;CondizioneAtmosferica;Traffico;Visibilita;Illuminazione;NUM_FERITI;NUM_RISERVATA;NUM_MORTI;NUM_ILLESI;Longitudine;Latitudine;Confermato;Progressivo;TipoVeicolo;StatoVeicolo;TipoPersona;Sesso;Tipolesione;Deceduto;DecedutoDopo;CinturaCascoUtilizzato;Airbag;
5134246;23;30/10/2020 19:15:00;Strada Urbana;VIA GIOVANNI CONTI;in prossimit�;;del civico n.;15;;Scontro frontale/laterale DX fra veicoli in marcia;Rettilineo;Due carreggiate;Asciutto;Asfaltata;Verticale ed orizzontale;Sereno;Scarso;Buona;;1;0;0;2;12.5274;41.9514;-1;1;Autovettura privata;In marcia / fermata / arresto;Passeggero;F;Illeso;0;;Utilizzato;Inesistente
5134246;23;30/10/2020 19:15:00;Strada Urbana;VIA GIOVANNI CONTI;in prossimit�;;del civico n.;15;;Scontro frontale/laterale DX fra veicoli in marcia;Rettilineo;Due carreggiate;Asciutto;Asfaltata;Verticale ed orizzontale;Sereno;Scarso;Buona;;1;0;0;2;12.5274;41.9514;-1;2;Motociclo a solo;In marcia / fermata / arresto;Conducente;M;Ricoverato;0;NON DECEDUTO;Non accertato;
5134246;23;30/10/2020 19:15:00;Strada Urbana;VIA GIOVANNI CONTI;in prossimit�;;del civico n.;15;;Scontro frontale/laterale DX fra veicoli in marcia;Rettilineo;Due carreggiate;Asciutto;Asfaltata;Verticale ed orizzontale;Sereno;Scarso;Buona;;1;0;0;2;12.5274;41.9514;-1;3;Autovettura privata;Sosta;;;;;;;
5134254;12;29/10/2020 16:50:00;Strada Urbana;VIA FRANCOLISE;in corrispondenza;;del civico n.;111;;Veicolo in marcia contro veicolo in sosta;Pendenza;Una carreggiata a senso unico di marcia;Asciutto;Asfaltata;Verticale ed orizzontale;Sereno;Scarso;Buona;;0;0;0;2;12.4996;41.7424;-1;1;Autovettura privata;Sosta;Passeggero;F;Illeso;0;;;
5134254;12;29/10/2020 16:50:00;Strada Urbana;VIA FRANCOLISE;in corrispondenza;;del civico n.;111;;Veicolo in marcia contro veicolo in sosta;Pendenza;Una carreggiata a senso unico di marcia;Asciutto;Asfaltata;Verticale ed orizzontale;Sereno;Scarso;Buona;;0;0;0;2;12.4996;41.7424;-1;2;Autocarro inferiore 35 q.;In marcia / fermata / arresto;Conducente;M;Illeso;0;;Utilizzato;
5134286;12;29/10/2020 19:30:00;Strada Urbana;VIA FIUME GIALLO;da specificare;;;;fronte civico 113;Tamponamento;Rettilineo;Una carreggiata a doppio senso;Asciutto;Asfaltata;Verticale ed orizzontale;Sereno;Scarso;Buona;;0;0;0;2;12.4312;41.8113;-1;1;Autovettura privata;In marcia / fermata / arresto;Conducente;M;Illeso;0;;Non accertato;Inesploso
5134286;12;29/10/2020 19:30:00;Strada Urbana;VIA FIUME GIALLO;da specificare;;;;fronte civico 113;Tamponamento;Rettilineo;Una carreggiata a doppio senso;Asciutto;Asfaltata;Verticale ed orizzontale;Sereno;Scarso;Buona;;0;0;0;2;12.4312;41.8113;-1;2;Autovettura privata;In marcia / fermata / arresto;Conducente;F;Illeso;0;;Non accertato;Inesploso
5134334;12;31/10/2020 16:45:00;Strada Urbana;PIAZZA GIOVANNI AGNELLI;in corrispondenza;;del civico n.;10;;Veicolo in marcia contro ostacolo fisso;Rettilineo;Una carreggiata a senso unico di marcia;Asciutto;Asfaltata;Assente;Sereno;Scarso;Buona;;1;0;0;0;12.4777;41.8313;-1;1;Motociclo a solo;In marcia / fermata / arresto;Conducente;M;Rimandato;0;NON DECEDUTO;Utilizzato;
5134455;12;30/10/2020 16:40:00;Provinciale;VIA ARDEATINA;da specificare;;;;Km 22 dir. Ardea;Tamponamento Multiplo;Rettilineo;Due carreggiate;Asciutto;Asfaltata;Verticale ed orizzontale;Sereno;Intenso;Buona;;0;0;0;4;12.5906;41.6962;-1;1;Autovettura privata;In marcia / fermata / arresto;Conducente;M;Illeso;0;;;
5134455;12;30/10/2020 16:40:00;Provinciale;VIA ARDEATINA;da specificare;;;;Km 22 dir. Ardea;Tamponamento Multiplo;Rettilineo;Due carreggiate;Asciutto;Asfaltata;Verticale ed orizzontale;Sereno;Intenso;Buona;;0;0;0;4;12.5906;41.6962;-1;2;Autovettura privata;In marcia / fermata / arresto;Conducente;M;Illeso;0;;Utilizzato;
5134455;12;30/10/2020 16:40:00;Provinciale;VIA ARDEATINA;da specificare;;;;Km 22 dir. Ardea;Tamponamento Multiplo;Rettilineo;Due carreggiate;Asciutto;Asfaltata;Verticale ed orizzontale;Sereno;Intenso;Buona;;0;0;0;4;12.5906;41.6962;-1;3;Autovettura privata;In marcia / fermata / arresto;Conducente;M;Illeso;0;;Utilizzato;
5134455;12;30/10/2020 16:40:00;Provinciale;VIA ARDEATINA;da specificare;;;;Km 22 dir. Ardea;Tamponamento Multiplo;Rettilineo;Due carreggiate;Asciutto;Asfaltata;Verticale ed orizzontale;Sereno;Intenso;Buona;;0;0;0;4;12.5906;41.6962;-1;3;Autovettura privata;In marcia / fermata / arresto;Passeggero;M;Illeso;0;;;
5134462;12;31/10/2020 21:00:00;Strada Urbana;VIA DI SAPONARA;in corrispondenza;;del civico n.;160;;Veicolo in marcia contro ostacolo accidentale;Rettilineo;Una carreggiata a doppio senso;Asciutto;Asfaltata;Verticale ed orizzontale;Sereno;Scarso;Sufficiente;;1;0;0;0;12.3587;41.7791;-1;1;Motociclo a solo;In marcia / fermata / arresto;Conducente;M;Rimandato;0;NON DECEDUTO;Non accertato;
5134473;12;31/10/2020 10:15:00;Provinciale;VIA ARDEATINA;all'intersezione con;VIA DI VALLE CAIA;VIA DI VALLE CAIA;;;Tamponamento;Rotatoria;Una carreggiata a doppio senso;Asciutto;Asfaltata;Verticale ed orizzontale;Sereno;Scarso;Buona;;0;0;0;1;12.5959;41.6915;-1;1;Autocarro inferiore 35 q.;In marcia / fermata / arresto;Conducente;M;Illeso;0;;Utilizzato;Inesploso
5134473;12;31/10/2020 10:15:00;Provinciale;VIA ARDEATINA;all'intersezione con;VIA DI VALLE CAIA;VIA DI VALLE CAIA;;;Tamponamento;Rotatoria;Una carreggiata a doppio senso;Asciutto;Asfaltata;Verticale ed orizzontale;Sereno;Scarso;Buona;;0;0;0;1;12.5959;41.6915;-1;2;Autovettura privata;Allontanatosi;;;;;;;
5135213;17;31/10/2020 18:00:00;Strada Urbana;VIA CIPRO;in prossimit�;;del civico n.;96;;Tamponamento;Rettilineo;Due carreggiate;Asciutto;Asfaltata;Verticale ed orizzontale;Nuvoloso;Normale;Sufficiente;;0;0;0;3;12.4453;41.906;-1;1;Autovettura privata;In marcia / fermata / arresto;Conducente;M;Illeso;0;;;
5135213;17;31/10/2020 18:00:00;Strada Urbana;VIA CIPRO;in prossimit�;;del civico n.;96;;Tamponamento;Rettilineo;Due carreggiate;Asciutto;Asfaltata;Verticale ed orizzontale;Nuvoloso;Normale;Sufficiente;;0;0;0;3;12.4453;41.906;-1;2;Motociclo a solo;In marcia / fermata / arresto;Conducente;M;Illeso;0;;;
5135213;17;31/10/2020 18:00:00;Strada Urbana;VIA CIPRO;in prossimit�;;del civico n.;96;;Tamponamento;Rettilineo;Due carreggiate;Asciutto;Asfaltata;Verticale ed orizzontale;Nuvoloso;Normale;Sufficiente;;0;0;0;3;12.4453;41.906;-1;2;Motociclo a solo;In marcia / fermata / arresto;Passeggero;M;Illeso;0;;;
5135734;1;31/10/2020 17:50:00;Strada Urbana;VIA EZIO;in corrispondenza;;del civico n.;12;;Veicolo in marcia contro veicolo in sosta;Rettilineo;Una carreggiata a senso unico di marcia;Asciutto;Asfaltata;Verticale ed orizzontale;Sereno;Normale;Buona;;0;0;0;1;12.4665;41.9086;-1;1;Autovettura privata;Sosta;;;;;;;
5135734;1;31/10/2020 17:50:00;Strada Urbana;VIA EZIO;in corrispondenza;;del civico n.;12;;Veicolo in marcia contro veicolo in sosta;Rettilineo;Una carreggiata a senso unico di marcia;Asciutto;Asfaltata;Verticale ed orizzontale;Sereno;Normale;Buona;;0;0;0;1;12.4665;41.9086;-1;2;Autovettura privata;In marcia / fermata / arresto;Conducente;M;Illeso;0;;;
5136166;5;24/10/2020 16:45:00;Strada Urbana;VIA TIBURTINA;da specificare;;;;altezza fronte Via Fossacesia;Tamponamento Multiplo;Rettilineo;Due carreggiate;Asciutto;Asfaltata;Orizzontale;Sereno;Normale;Buona;;0;0;0;5;12.574;41.9258;-1;1;Autovettura privata;In marcia / fermata / arresto;Conducente;M;Illeso;0;;;
5136166;5;24/10/2020 16:45:00;Strada Urbana;VIA TIBURTINA;da specificare;;;;altezza fronte Via Fossacesia;Tamponamento Multiplo;Rettilineo;Due carreggiate;Asciutto;Asfaltata;Orizzontale;Sereno;Normale;Buona;;0;0;0;5;12.574;41.9258;-1;2;Autovettura privata;In marcia / fermata / arresto;Conducente;F;Illeso;0;;;
5136166;5;24/10/2020 16:45:00;Strada Urbana;VIA TIBURTINA;da specificare;;;;altezza fronte Via Fossacesia;Tamponamento Multiplo;Rettilineo;Due carreggiate;Asciutto;Asfaltata;Orizzontale;Sereno;Normale;Buona;;0;0;0;5;12.574;41.9258;-1;2;Autovettura privata;In marcia / fermata / arresto;Passeggero;M;Illeso;0;;;
5136166;5;24/10/2020 16:45:00;Strada Urbana;VIA TIBURTINA;da specificare;;;;altezza fronte Via Fossacesia;Tamponamento Multiplo;Rettilineo;Due carreggiate;Asciutto;Asfaltata;Orizzontale;Sereno;Normale;Buona;;0;0;0;5;12.574;41.9258;-1;3;Autovettura privata;In marcia / fermata / arresto;Conducente;M;Illeso;0;;;
5136166;5;24/10/2020 16:45:00;Strada Urbana;VIA TIBURTINA;da specificare;;;;altezza fronte Via Fossacesia;Tamponamento Multiplo;Rettilineo;Due carreggiate;Asciutto;Asfaltata;Orizzontale;Sereno;Normale;Buona;;0;0;0;5;12.574;41.9258;-1;4;Autovettura privata;In marcia / fermata / arresto;Conducente;F;Illeso;0;;;
5136414;13;24/10/2020 15:00:00;Strada Urbana;PIAZZA DEI RAVENNATI;da specificare;;;;ALT. L.MARE P. TOSCANELLI;Scontro laterale fra veicoli in marcia;Rettilineo;Una carreggiata a doppio senso;Asciutto;Asfaltata;Orizzontale;Sereno;Normale;Buona;;2;0;0;0;12.2765;41.7297;-1;1;Monopattino elettrico;In marcia / fermata / arresto;Conducente;M;Rimandato;0;NON DECEDUTO;Non accertato;
5136414;13;24/10/2020 15:00:00;Strada Urbana;PIAZZA DEI RAVENNATI;da specificare;;;;ALT. L.MARE P. TOSCANELLI;Scontro laterale fra veicoli in marcia;Rettilineo;Una carreggiata a doppio senso;Asciutto;Asfaltata;Orizzontale;Sereno;Normale;Buona;;2;0;0;0;12.2765;41.7297;-1;2;Velocipede;In marcia / fermata / arresto;Conducente;M;Rimandato;0;NON DECEDUTO;Esente;
5137333;1;30/10/2020 10:50:00;;VIA DELLA CHIESA NUOVA;in corrispondenza;;del civico n.;8;;Veicolo in marcia contro veicolo in sosta;;;;;;;;;;0;0;0;1;;;0;1;Autocarro inferiore 35 q.;In marcia / fermata / arresto;Conducente;M;Illeso;0;;;
5137333;1;30/10/2020 10:50:00;;VIA DELLA CHIESA NUOVA;in corrispondenza;;del civico n.;8;;Veicolo in marcia contro veicolo in sosta;;;;;;;;;;0;0;0;1;;;0;2;Motociclo a solo;Sosta;;;;;;;
5137396;11;28/10/2020 12:15:00;Strada Urbana;VIA OSTIENSE;in corrispondenza;;del civico n.;36 H ;;Tamponamento;Rettilineo;Pi� di due carreggiate;Asciutto;Asfaltata;Verticale ed orizzontale;Sereno;Normale;Buona;;0;0;0;2;12.4802;41.8743;-1;1;Autovettura privata;In marcia / fermata / arresto;Conducente;M;Illeso;0;;;
5137396;11;28/10/2020 12:15:00;Strada Urbana;VIA OSTIENSE;in corrispondenza;;del civico n.;36 H ;;Tamponamento;Rettilineo;Pi� di due carreggiate;Asciutto;Asfaltata;Verticale ed orizzontale;Sereno;Normale;Buona;;0;0;0;2;12.4802;41.8743;-1;2;Autovettura privata;In marcia / fermata / arresto;Conducente;F;Illeso;0;;;
5137509;5;11/10/2020 13:15:00;Strada Urbana;VIA COLLEDIMACINE;all'intersezione con;VIA CARUNCHIO;VIA CARUNCHIO;;;Scontro frontale/laterale SX fra veicoli in marcia;Incrocio;Una carreggiata a doppio senso;Bagnato (pioggia);Asfaltata;Orizzontale;Pioggia in atto;Scarso;Buona;;3;0;0;5;12.6494;41.9397;-1;1;Autovettura privata;In marcia / fermata / arresto;Conducente;M;Rimandato;0;NON DECEDUTO;;Esploso
5137509;5;11/10/2020 13:15:00;Strada Urbana;VIA COLLEDIMACINE;all'intersezione con;VIA CARUNCHIO;VIA CARUNCHIO;;;Scontro frontale/laterale SX fra veicoli in marcia;Incrocio;Una carreggiata a doppio senso;Bagnato (pioggia);Asfaltata;Orizzontale;Pioggia in atto;Scarso;Buona;;3;0;0;5;12.6494;41.9397;-1;1;Autovettura privata;In marcia / fermata / arresto;Passeggero;F;Rimandato;0;NON DECEDUTO;;
5137509;5;11/10/2020 13:15:00;Strada Urbana;VIA COLLEDIMACINE;all'intersezione con;VIA CARUNCHIO;VIA CARUNCHIO;;;Scontro frontale/laterale SX fra veicoli in marcia;Incrocio;Una carreggiata a doppio senso;Bagnato (pioggia);Asfaltata;Orizzontale;Pioggia in atto;Scarso;Buona;;3;0;0;5;12.6494;41.9397;-1;1;Autovettura privata;In marcia / fermata / arresto;Passeggero;F;Rimandato;0;NON DECEDUTO;;
5137509;5;11/10/2020 13:15:00;Strada Urbana;VIA COLLEDIMACINE;all'intersezione con;VIA CARUNCHIO;VIA CARUNCHIO;;;Scontro frontale/laterale SX fra veicoli in marcia;Incrocio;Una carreggiata a doppio senso;Bagnato (pioggia);Asfaltata;Orizzontale;Pioggia in atto;Scarso;Buona;;3;0;0;5;12.6494;41.9397;-1;2;Autovettura privata;In marcia / fermata / arresto;Conducente;F;Illeso;0;;;Esploso
5137509;5;11/10/2020 13:15:00;Strada Urbana;VIA COLLEDIMACINE;all'intersezione con;VIA CARUNCHIO;VIA CARUNCHIO;;;Scontro frontale/laterale SX fra veicoli in marcia;Incrocio;Una carreggiata a doppio senso;Bagnato (pioggia);Asfaltata;Orizzontale;Pioggia in atto;Scarso;Buona;;3;0;0;5;12.6494;41.9397;-1;2;Autovettura privata;In marcia / fermata / arresto;Passeggero;M;Illeso;0;;;
5137509;5;11/10/2020 13:15:00;Strada Urbana;VIA COLLEDIMACINE;all'intersezione con;VIA CARUNCHIO;VIA CARUNCHIO;;;Scontro frontale/laterale SX fra veicoli in marcia;Incrocio;Una carreggiata a doppio senso;Bagnato (pioggia);Asfaltata;Orizzontale;Pioggia in atto;Scarso;Buona;;3;0;0;5;12.6494;41.9397;-1;2;Autovettura privata;In marcia / fermata / arresto;Passeggero;M;Illeso;0;;;
5137509;5;11/10/2020 13:15:00;Strada Urbana;VIA COLLEDIMACINE;all'intersezione con;VIA CARUNCHIO;VIA CARUNCHIO;;;Scontro frontale/laterale SX fra veicoli in marcia;Incrocio;Una carreggiata a doppio senso;Bagnato (pioggia);Asfaltata;Orizzontale;Pioggia in atto;Scarso;Buona;;3;0;0;5;12.6494;41.9397;-1;2;Autovettura privata;In marcia / fermata / arresto;Passeggero;M;Illeso;0;;;
5137509;5;11/10/2020 13:15:00;Strada Urbana;VIA COLLEDIMACINE;all'intersezione con;VIA CARUNCHIO;VIA CARUNCHIO;;;Scontro frontale/laterale SX fra veicoli in marcia;Incrocio;Una carreggiata a doppio senso;Bagnato (pioggia);Asfaltata;Orizzontale;Pioggia in atto;Scarso;Buona;;3;0;0;5;12.6494;41.9397;-1;2;Autovettura privata;In marcia / fermata / arresto;Passeggero;M;Illeso;0;;;
5139423;5;11/10/2020 18:00:00;Strada Urbana;VIA FURIO CICOGNA;da specificare;;;;pross. Via Tiburtina;Veicolo in marcia contro ostacolo fisso;Curva a visuale libera;Una carreggiata a doppio senso;Bagnato (umidit� in atto);Asfaltata;Orizzontale;Nuvoloso;Normale;Buona;;2;0;0;0;12.5676;41.924;-1;1;Autovettura privata;In marcia / fermata / arresto;Conducente;F;Rimandato;0;NON DECEDUTO;;
5139423;5;11/10/2020 18:00:00;Strada Urbana;VIA FURIO CICOGNA;da specificare;;;;pross. Via Tiburtina;Veicolo in marcia contro ostacolo fisso;Curva a visuale libera;Una carreggiata a doppio senso;Bagnato (umidit� in atto);Asfaltata;Orizzontale;Nuvoloso;Normale;Buona;;2;0;0;0;12.5676;41.924;-1;1;Autovettura privata;In marcia / fermata / arresto;Passeggero;M;Rimandato;0;NON DECEDUTO;;
5139591;12;30/10/2020 18:30:00;Strada Urbana;VIALE OCEANO ATLANTICO ;in prossimit�;;del civico n.;4;;Investimento di pedone;Rettilineo;Due carreggiate;Asciutto;Asfaltata;Orizzontale;Sereno;Scarso;Sufficiente;;0;0;0;2;12.4795;41.8222;-1;;;;Pedone;M;Illeso;0;;;
5139591;12;30/10/2020 18:30:00;Strada Urbana;VIALE OCEANO ATLANTICO ;in prossimit�;;del civico n.;4;;Investimento di pedone;Rettilineo;Due carreggiate;Asciutto;Asfaltata;Orizzontale;Sereno;Scarso;Sufficiente;;0;0;0;2;12.4795;41.8222;-1;1;Velocipede;In marcia / fermata / arresto;Conducente;M;Illeso;0;;Esente;
5141594;5;09/10/2020 19:45:00;Strada Urbana;VIA ALDO SANDULLI;all'intersezione con;VIA PASQUALE TUOZZI;VIA PASQUALE TUOZZI;;;Investimento di pedone;Incrocio;Due carreggiate;Asciutto;Asfaltata;Verticale ed orizzontale;Sereno;Normale;Sufficiente;;1;0;0;1;12.5872;41.9494;-1;;;;Pedone;F;Rimandato;0;NON DECEDUTO;;
5141594;5;09/10/2020 19:45:00;Strada Urbana;VIA ALDO SANDULLI;all'intersezione con;VIA PASQUALE TUOZZI;VIA PASQUALE TUOZZI;;;Investimento di pedone;Incrocio;Due carreggiate;Asciutto;Asfaltata;Verticale ed orizzontale;Sereno;Normale;Sufficiente;;1;0;0;1;12.5872;41.9494;-1;1;Autovettura privata;In marcia / fermata / arresto;Conducente;F;Illeso;0;;Non accertato;Inesploso
5148009;1;29/10/2020 11:00:00;;VIA DELLE CARROZZE;in corrispondenza;;del civico n.;61;;Veicolo in marcia contro ostacolo accidentale;;;;;;;;;;0;0;0;0;12.4811;41.9059;0;1;Autocarro inferiore 35 q.;In marcia / fermata / arresto;;;;;;;
5151279;6;08/10/2020 02:00:00;Strada Urbana;VIA PRENESTINA;all'intersezione semaforizzata con;VIA DI PORTONACCIO;VIA DI PORTONACCIO;;;Tamponamento;Incrocio;Pi� di due carreggiate;Asciutto;Asfaltata;Verticale ed orizzontale;Sereno;Scarso;Sufficiente;;1;0;0;0;12.5418;41.8927;-1;1;Autovettura privata;In marcia / fermata / arresto;;;;;;;
5151279;6;08/10/2020 02:00:00;Strada Urbana;VIA PRENESTINA;all'intersezione semaforizzata con;VIA DI PORTONACCIO;VIA DI PORTONACCIO;;;Tamponamento;Incrocio;Pi� di due carreggiate;Asciutto;Asfaltata;Verticale ed orizzontale;Sereno;Scarso;Sufficiente;;1;0;0;0;12.5418;41.8927;-1;2;Autovettura privata;In marcia / fermata / arresto;Conducente;M;Rimandato;0;NON DECEDUTO;;
5154472;18;27/10/2020 13:00:00;Strada Urbana;VIA AURELIA;da specificare;;;;civ. 860 parcheggio interno AURELIA HOSPITAL;Scontro frontale/laterale DX fra veicoli in marcia;Curva a visuale libera;Una carreggiata a senso unico di marcia;Asciutto;Asfaltata;Assente;Sereno;Scarso;Buona;;0;0;0;2;12.4002;41.8857;-1;1;Autovettura privata;In marcia / fermata / arresto;Conducente;M;Illeso;0;;Non accertato;
5154472;18;27/10/2020 13:00:00;Strada Urbana;VIA AURELIA;da specificare;;;;civ. 860 parcheggio interno AURELIA HOSPITAL;Scontro frontale/laterale DX fra veicoli in marcia;Curva a visuale libera;Una carreggiata a senso unico di marcia;Asciutto;Asfaltata;Assente;Sereno;Scarso;Buona;;0;0;0;2;12.4002;41.8857;-1;2;Autovettura privata;In marcia / fermata / arresto;Conducente;M;Illeso;0;;Non accertato;
5157978;5;04/10/2020 18:10:00;Strada Urbana;VIA ALBERTO POLLIO;da specificare;;;;fronte civico 30;Veicolo in marcia contro veicoli in sosta;Rettilineo;Una carreggiata a doppio senso;Asciutto;Asfaltata;Orizzontale;Sereno;Normale;Buona;;0;0;0;1;12.5337;41.8999;-1;1;Autovettura privata;Sosta;;;;;;;
5157978;5;04/10/2020 18:10:00;Strada Urbana;VIA ALBERTO POLLIO;da specificare;;;;fronte civico 30;Veicolo in marcia contro veicoli in sosta;Rettilineo;Una carreggiata a doppio senso;Asciutto;Asfaltata;Orizzontale;Sereno;Normale;Buona;;0;0;0;1;12.5337;41.8999;-1;2;Autovettura privata;Sosta;;;;;;;
5157978;5;04/10/2020 18:10:00;Strada Urbana;VIA ALBERTO POLLIO;da specificare;;;;fronte civico 30;Veicolo in marcia contro veicoli in sosta;Rettilineo;Una carreggiata a doppio senso;Asciutto;Asfaltata;Orizzontale;Sereno;Normale;Buona;;0;0;0;1;12.5337;41.8999;-1;3;Autovettura privata;In marcia / fermata / arresto;Conducente;M;Illeso;0;;;
5159236;5;09/10/2020 17:15:00;Strada Urbana;NUOVA CIRCONVALLAZIONE INTERNA;da specificare;;;;rampa immissione da uscita Pittaluga dell'A24;Tamponamento;Rettilineo;Una carreggiata a senso unico di marcia;Asciutto;Asfaltata;Verticale ed orizzontale;Sereno;Intenso;Sufficiente;;1;0;0;2;12.5341;41.9075;-1;1;Autovettura privata;In marcia / fermata / arresto;Conducente;M;Illeso;0;;Non accertato;Inesploso
5159236;5;09/10/2020 17:15:00;Strada Urbana;NUOVA CIRCONVALLAZIONE INTERNA;da specificare;;;;rampa immissione da uscita Pittaluga dell'A24;Tamponamento;Rettilineo;Una carreggiata a senso unico di marcia;Asciutto;Asfaltata;Verticale ed orizzontale;Sereno;Intenso;Sufficiente;;1;0;0;2;12.5341;41.9075;-1;1;Autovettura privata;In marcia / fermata / arresto;Passeggero;F;Illeso;0;;Non accertato;Inesploso
5159236;5;09/10/2020 17:15:00;Strada Urbana;NUOVA CIRCONVALLAZIONE INTERNA;da specificare;;;;rampa immissione da uscita Pittaluga dell'A24;Tamponamento;Rettilineo;Una carreggiata a senso unico di marcia;Asciutto;Asfaltata;Verticale ed orizzontale;Sereno;Intenso;Sufficiente;;1;0;0;2;12.5341;41.9075;-1;2;Autovettura privata;In marcia / fermata / arresto;Conducente;F;Rimandato;0;NON DECEDUTO;Non accertato;Inesploso
5159452;5;09/10/2020 18:45:00;Strada Urbana;NUOVA CIRCONVALLAZIONE INTERNA;da specificare;;;;DIR. SAN GIOVANNI ALT. USCITA STAZ. TIBURTINA;Tamponamento;Galleria illuminata;Una carreggiata a senso unico di marcia;Asciutto;Asfaltata;Orizzontale;Sereno;Intenso;Buona;;1;0;0;1;12.5301;41.9155;-1;1;Autovettura privata;In marcia / fermata / arresto;Conducente;M;Rimandato;0;NON DECEDUTO;Non accertato;Inesploso
5159452;5;09/10/2020 18:45:00;Strada Urbana;NUOVA CIRCONVALLAZIONE INTERNA;da specificare;;;;DIR. SAN GIOVANNI ALT. USCITA STAZ. TIBURTINA;Tamponamento;Galleria illuminata;Una carreggiata a senso unico di marcia;Asciutto;Asfaltata;Orizzontale;Sereno;Intenso;Buona;;1;0;0;1;12.5301;41.9155;-1;2;Autovettura privata;In marcia / fermata / arresto;Conducente;M;Illeso;0;;Non accertato;Inesploso
5159836;13;14/10/2020 16:30:00;Strada Urbana;VIA COSTANZO CASANA;in prossimit�;;del civico n.;40;;Veicolo in marcia contro veicoli in sosta;Rettilineo;Una carreggiata a doppio senso;Asciutto;Asfaltata;Orizzontale;Sereno;Normale;Sufficiente;;0;0;0;1;12.2734;41.7397;0;1;Autovettura privata;Sosta;;;;;;;
5159836;13;14/10/2020 16:30:00;Strada Urbana;VIA COSTANZO CASANA;in prossimit�;;del civico n.;40;;Veicolo in marcia contro veicoli in sosta;Rettilineo;Una carreggiata a doppio senso;Asciutto;Asfaltata;Orizzontale;Sereno;Normale;Sufficiente;;0;0;0;1;12.2734;41.7397;0;2;Autocarro inferiore 35 q.;In marcia / fermata / arresto;Conducente;M;Illeso;0;;;
5160955;5;11/10/2020 02:45:00;Strada Urbana;VIALE KANT;da specificare;;;;IN PROSSIMITA' DI VIA C. G. BERTERO;Veicolo in marcia contro ostacolo accidentale;Rettilineo;Una carreggiata a senso unico di marcia;Bagnato (pioggia);Asfaltata;Orizzontale;Pioggia in atto;Normale;Insufficiente;;1;0;0;1;12.5561;41.9326;-1;1;Autovettura privata;In marcia / fermata / arresto;Conducente;M;Illeso;0;;Non accertato;Inesploso
5160955;5;11/10/2020 02:45:00;Strada Urbana;VIALE KANT;da specificare;;;;IN PROSSIMITA' DI VIA C. G. BERTERO;Veicolo in marcia contro ostacolo accidentale;Rettilineo;Una carreggiata a senso unico di marcia;Bagnato (pioggia);Asfaltata;Orizzontale;Pioggia in atto;Normale;Insufficiente;;1;0;0;1;12.5561;41.9326;-1;1;Autovettura privata;In marcia / fermata / arresto;Passeggero;M;Rimandato;0;NON DECEDUTO;Non accertato;Inesploso
5161609;20;15/10/2020 10:50:00;Strada Urbana;VIA FLAMINIA;in corrispondenza;;del civico n.;496/A;;Veicolo in marcia contro ostacolo fisso;Rettilineo;Una carreggiata a senso unico di marcia;Bagnato (pioggia);Asfaltata;Assente;Nuvoloso;Scarso;Buona;;0;0;0;2;12.4687;41.9385;-1;;;;Pedone;M;Illeso;0;;;
5161609;20;15/10/2020 10:50:00;Strada Urbana;VIA FLAMINIA;in corrispondenza;;del civico n.;496/A;;Veicolo in marcia contro ostacolo fisso;Rettilineo;Una carreggiata a senso unico di marcia;Bagnato (pioggia);Asfaltata;Assente;Nuvoloso;Scarso;Buona;;0;0;0;2;12.4687;41.9385;-1;1;Autocarro inferiore 35 q.;In marcia / fermata / arresto;Conducente;M;Illeso;0;;;
5170558;16;21/10/2020 16:30:00;Strada Urbana;VIA DELLA TRASFIGURAZIONE;in prossimit�;;del civico n.;6;;Investimento di pedone;Pendenza;Una carreggiata a senso unico di marcia;Asciutto;Asfaltata;Assente;Sereno;Normale;Buona;;1;0;0;2;12.4456;41.8713;-1;;;;Pedone;M;Rimandato;0;NON DECEDUTO;;
5170558;16;21/10/2020 16:30:00;Strada Urbana;VIA DELLA TRASFIGURAZIONE;in prossimit�;;del civico n.;6;;Investimento di pedone;Pendenza;Una carreggiata a senso unico di marcia;Asciutto;Asfaltata;Assente;Sereno;Normale;Buona;;1;0;0;2;12.4456;41.8713;-1;1;Autovettura privata;In marcia / fermata / arresto;Conducente;M;Illeso;0;;Non accertato;Inesploso
5170558;16;21/10/2020 16:30:00;Strada Urbana;VIA DELLA TRASFIGURAZIONE;in prossimit�;;del civico n.;6;;Investimento di pedone;Pendenza;Una carreggiata a senso unico di marcia;Asciutto;Asfaltata;Assente;Sereno;Normale;Buona;;1;0;0;2;12.4456;41.8713;-1;1;Autovettura privata;In marcia / fermata / arresto;Passeggero;F;Illeso;0;;Non accertato;Inesploso
5246931;5;23/10/2020 09:40:00;Strada Urbana;VIA DELLE CASE ROSSE;in corrispondenza;;del civico n.;24 A;;Scontro frontale/laterale DX fra veicoli in marcia;Rettilineo;Una carreggiata a doppio senso;Asciutto;Asfaltata;Orizzontale;Sereno;Intenso;Buona;;0;0;1;1;12.6322;41.9257;-1;1;Autovettura privata;In marcia / fermata / arresto;Conducente;M;Illeso;0;;Non accertato;
5246931;5;23/10/2020 09:40:00;Strada Urbana;VIA DELLE CASE ROSSE;in corrispondenza;;del civico n.;24 A;;Scontro frontale/laterale DX fra veicoli in marcia;Rettilineo;Una carreggiata a doppio senso;Asciutto;Asfaltata;Orizzontale;Sereno;Intenso;Buona;;0;0;1;1;12.6322;41.9257;-1;2;Motociclo a solo;In marcia / fermata / arresto;Conducente;M;Deceduto sul posto;-1;;Non accertato;